,name,element_type,home,opponent_xG_ewm_5,opponent_xG_ewm_10,opponent_xG_ewm_20,opponent_xG_ewm_40,opponent_xGA_ewm_5,opponent_xGA_ewm_10,opponent_xGA_ewm_20,opponent_xGA_ewm_40,corners_and_indirect_freekicks_order,creativity_rank,direct_freekicks_order,ict_index_rank,influence_rank,minutes,now_cost,penalties_order,points_per_game,selected_by_percent,threat_rank,team_xG_ewm_5,team_xG_ewm_10,team_xG_ewm_20,team_xG_ewm_40,team_xGA_ewm_5,team_xGA_ewm_10,team_xGA_ewm_20,team_xGA_ewm_40,gameweek_assists_ewm_5,gameweek_bps_ewm_5,gameweek_creativity_ewm_5,event_points_ewm_5,gameweek_goals_scored_ewm_5,gameweek_goals_conceded_ewm_5,gameweek_saves_ewm_5,gameweek_threat_ewm_5,gameweek_xG_ewm_5,gameweek_xA_ewm_5,gameweek_xGA_ewm_5,gameweek_minutes_ewm_5,gameweek_xPoints_ewm_5,gameweek_assists_ewm_10,gameweek_bps_ewm_10,gameweek_creativity_ewm_10,event_points_ewm_10,gameweek_goals_scored_ewm_10,gameweek_goals_conceded_ewm_10,gameweek_saves_ewm_10,gameweek_threat_ewm_10,gameweek_xG_ewm_10,gameweek_xA_ewm_10,gameweek_xGA_ewm_10,gameweek_minutes_ewm_10,gameweek_xPoints_ewm_10,gameweek_assists_ewm_20,gameweek_bps_ewm_20,gameweek_creativity_ewm_20,event_points_ewm_20,gameweek_goals_scored_ewm_20,gameweek_goals_conceded_ewm_20,gameweek_saves_ewm_20,gameweek_threat_ewm_20,gameweek_xG_ewm_20,gameweek_xA_ewm_20,gameweek_xGA_ewm_20,gameweek_minutes_ewm_20,gameweek_xPoints_ewm_20,gameweek_assists_ewm_40,gameweek_bps_ewm_40,gameweek_creativity_ewm_40,event_points_ewm_40,gameweek_goals_scored_ewm_40,gameweek_goals_conceded_ewm_40,gameweek_saves_ewm_40,gameweek_threat_ewm_40,gameweek_xG_ewm_40,gameweek_xA_ewm_40,gameweek_xGA_ewm_40,gameweek_minutes_ewm_40,gameweek_xPoints_ewm_40,gameweek_assists_expanding,gameweek_bps_expanding,gameweek_creativity_expanding,event_points_expanding,gameweek_goals_scored_expanding,gameweek_goals_conceded_expanding,gameweek_saves_expanding,gameweek_threat_expanding,gameweek_xG_expanding,gameweek_xA_expanding,gameweek_xGA_expanding,gameweek_minutes_expanding,gameweek_xPoints_expanding,gameweek_assists_expanding_per90,gameweek_bps_expanding_per90,gameweek_creativity_expanding_per90,event_points_expanding_per90,gameweek_goals_scored_expanding_per90,gameweek_goals_conceded_expanding_per90,gameweek_saves_expanding_per90,gameweek_threat_expanding_per90,gameweek_xG_expanding_per90,gameweek_xA_expanding_per90,gameweek_xGA_expanding_per90,gameweek_xPoints_expanding_per90,xG_overperformance,team_name,opponent_team,date,gameweek,expected_points
0,Aaron Hickey,2.0,0,1.8359064248683763,1.78747508218593,1.7882183641372678,1.8851857440962256,1.8952567438828445,1.5796778656740686,1.420205125806682,1.3092227962416565,,416.0,,402.0,384.0,649.0,40.0,,1.8,0.3,351.0,1.4685893469802882,1.4493022740455117,1.4784754557859103,1.4952230884874764,1.0082545232774358,1.1460217802366617,1.2432697609884351,1.3242596414908394,0.0,4.266775669416982,0.608995048430103,1.4714067853691806,0.0,0.4773008537773375,0.0,0.9053957315855876,0.0149403268718557,0.0017647066167673,0.4953947348010404,28.788927186375172,1.3551075090312474,0.0,5.292057142491077,1.052986993302392,1.7202317483588958,0.0,0.5081467659595942,0.0,1.6710258711024348,0.0182250353227736,0.0056561811696113,0.4916445548239305,34.46148538899351,1.6175016161807567,0.0,6.377867849169264,1.6912767613928237,1.9157992530157013,0.0,0.5872292067917765,0.0,2.212589497811426,0.0202909160836245,0.0093920676410679,0.5573549997917987,42.027821260733056,1.8489567516254195,0.0,7.098372720427077,2.188049766075539,2.0284247816991368,0.0,0.6407907145748897,0.0,2.4734025372721273,0.0210348409495953,0.0117745362940438,0.6100829705829375,46.99065993697149,1.981125400207515,0.0,261.0,92.5,73.0,0.0,23.0,0.0,89.0,0.73,0.4899999999999996,22.82,1780.0,69.78727055123063,0.0,13.196629213483146,4.676966292134832,3.691011235955056,0.0,1.1629213483146066,0.0,4.5,0.0369101123595505,0.0247752808988763,1.1538202247191012,3.528569859331886,0.0,Brentford,Liverpool,2026-05-24T15:00:00Z,38,1.4842767
1,Aaron Ramsdale,1.0,0,0.6778779658843567,0.924018470010329,1.1073081949231147,1.2014107865787766,1.1735260962061695,1.2474230176816807,1.319555879612648,1.3684865116798042,,435.0,,379.0,277.0,1003.0,48.0,,2.1,0.8,760.0,1.3309806144539629,1.4317750510263867,1.4998017404752435,1.5829847128417935,1.6890877576145786,1.638753833676441,1.509308743757378,1.4187331106603722,0.0,10.04298996635685,0.5247394376078143,2.3065231225974703,0.0,1.5398142592977622,2.543101033884894,1.5914355476241258e-10,0.0,5.427609511178044e-05,2.0152221163908957,88.67715007265951,3.1073325967423897,0.0,10.1163325953369,0.5338471899045855,2.59133000678751,0.0,1.6048207393434504,2.7646110038122735,7.289248607797825e-06,0.0,0.0003074938729342,1.8587813070589552,87.5836064220441,3.324276441852093,0.0,10.96125994867126,0.3857218442022,2.8935155165571267,0.0,1.71074468934508,3.0711261170572595,0.0006964280037027,0.0,0.0006792756202653,1.8283177884850377,87.79835564773803,3.502305458497421,0.0,12.931490966289845,0.2824020144836168,3.1904991154786067,0.0,1.725809697071217,3.294302576977331,0.0046808614962126,0.0,0.0010303504627315,1.7605225701494636,88.42377794668373,3.678366104788186,0.0,1643.0,21.1,359.0,0.0,171.0,358.0,2.0,0.0,0.1499999999999999,165.71,9103.0,392.2260874656068,0.0,16.24409535318027,0.2086125453147314,3.5493793254970885,0.0,1.690651433593321,3.5394924750082395,0.0197737009776996,0.0,0.0014830275733274,1.6383499945073057,3.87788068459899,,Newcastle Utd,Fulham,2026-05-24T15:00:00Z,38,3.2433214
2,Aaron Wan-Bissaka,2.0,1,1.4873748164371934,1.4101831854236713,1.3542056928734252,1.3172760593840596,0.7915192984902504,1.0407607451397949,1.3223124000649034,1.5182899044580005,,136.0,,207.0,156.0,2080.0,41.0,,2.7,4.3,374.0,0.9107868180919828,1.0951527852122245,1.16085576712912,1.203309571343217,1.3152548847855938,1.4094199807491106,1.5375319051139422,1.6147602101157532,0.0460057816505449,6.4667348602870875,6.882044152162625,2.1794921624729753,6.422632240146575e-06,1.4681132437155415,0.0,0.5507226210064697,6.766568985325946e-05,0.0299420010564388,1.1549012266095775,75.13233416670249,2.815102527781542,0.0896824933472476,8.653628297108556,9.847945960668673,2.691596331497074,0.0010902298305786,1.5156080487998635,0.0,1.1344383350636102,0.0016573085506659,0.0380662327385095,1.2808204220990662,80.56460913965688,3.074028758101811,0.108967946104491,10.35078401588486,11.92431470490935,2.8843613213980945,0.0082859609054498,1.588704001498047,0.0,2.12566244708643,0.0070124739121405,0.0479508003315089,1.394808800604854,83.66510885691139,3.090517998597485,0.1157206064707057,12.231272763064084,12.890660830868894,2.883980490945511,0.0183054251396719,1.6324642959440567,0.0,3.13624554735606,0.0120511153257721,0.0543994180404178,1.464728232092613,84.97203386731343,3.0723309040800997,3.0,1949.0,1657.4,340.0,4.0,195.0,0.0,545.0,1.8799999999999997,6.879999999999998,177.7,10319.0,375.7942534026112,0.02616532609749,16.998740188002714,14.45547049132668,2.9654036243822075,0.03488710146332,1.7007461963368542,0.0,4.7533675743773625,0.0163969376877604,0.0600058145169105,1.549859482507995,3.2775930619473788,2.1276595744680855,West Ham,Leeds United,2026-05-24T15:00:00Z,38,2.8941753
3,Abdukodir Khusanov,2.0,1,1.939727876476741,1.639347092096446,1.5294458207117694,1.492088522256452,1.7928720239433336,1.6074334490457554,1.4533604505952842,1.39252795828722,,283.0,,322.0,241.0,1427.0,54.0,,3.2,0.7,384.0,2.359633227901898,2.14589609158091,2.0509452912077135,2.0153983924474415,0.7200751135338337,0.8134062180797018,0.897141860619187,0.9629522605076414,0.0,16.334770322607945,7.065973194318086,4.545825131641192,0.0,0.8030141089482499,0.0,2.458993710989102,0.0373421399565023,0.1891987936921113,1.3039013236082442,81.81833948399223,4.7029047056774305,0.0,15.248742478704036,6.635224256433898,3.9755099210596576,0.0,0.7288566590129957,0.0,1.8634863401614352,0.035704527738602,0.110617155327342,1.1408483140679382,75.82616735262731,4.056202474549961,0.0,14.474989113948704,6.049980780524268,3.556501697841177,0.0,0.7071148975933823,0.0,1.4750358511667654,0.0312569045051834,0.0755626501111661,1.0744654993350045,73.14260410141716,3.675159722476674,0.0,14.092049047849256,5.7237152878878845,3.345006020421999,0.0,0.7030830357614031,0.0,1.2843376932166095,0.0281893755987908,0.0607093387068929,1.0499920591420118,72.15730550746153,3.4915279401281096,0.0,371.0,146.1,85.0,0.0,19.0,0.0,30.0,0.67,1.2999999999999998,27.87,1930.0,89.71623714158065,0.0,17.300518134715027,6.812953367875647,3.9637305699481864,0.0,0.8860103626943006,0.0,1.3989637305699485,0.0312435233160621,0.060621761658031,1.299637305699482,4.183658726809461,0.0,Manchester City,Aston Villa,2026-05-24T15:00:00Z,38,3.1232135
4,Adam Armstrong,4.0,0,0.7880939941043962,0.88089881267518,0.9708858168980458,1.0216470235091468,1.9916444456516489,2.0329944594527656,2.001641049126402,1.9158268090481736,,311.0,,345.0,378.0,1068.0,51.0,,2.5,0.1,221.0,0.5892227469066972,0.7076212761886956,0.7867373521018872,0.8837968096905914,1.9445521292894057,1.788732804211168,1.7328812565570086,1.710429327457707,0.0500498467719058,6.460292402994232,4.254790826173357,2.2415945915818276,0.054107012087663,1.6817562221726543,0.0,15.895829284023126,0.2101770576589747,0.040346838435973,1.5371082415070267,80.78727204518574,2.7912967198300307,0.0955864737844043,7.34252263969349,5.5104316999044105,2.340136224894854,0.0713202466240794,1.6849776862964478,0.0,13.997332966933437,0.1702764188813268,0.0438617524102845,1.645543589710183,76.07269506633233,2.518328441158828,0.1236783043686797,7.429670183354344,6.07348432327552,2.325269039173475,0.0824364863367428,1.618180426808561,0.0,13.518950906603836,0.1536683677499531,0.0431064869829976,1.6548031525917588,69.81323220413421,2.3733508927894302,0.138584525674682,7.28559715907337,6.3026063770310286,2.302284131882006,0.088642499333398,1.5391090649364998,0.0,14.409332808357052,0.1505542975920117,0.0442722151849237,1.6242295197182135,65.82987319700698,2.3344968906454486,2.0,449.0,417.6,148.0,6.0,91.0,0.0,1048.0,9.81,3.1599999999999993,100.93,4023.0,148.58138976541176,0.0447427293064876,10.044742729306488,9.342281879194632,3.3109619686800893,0.1342281879194631,2.0357941834451903,0.0,23.44519015659955,0.2194630872483221,0.0706935123042505,2.2579418344519016,3.3239684511277794,0.6116207951070337,Wolves,Burnley,2026-05-24T15:00:00Z,38,2.7854245
5,Adam Smith,2.0,0,2.1739274766868766,1.800014640187395,1.4843813892721411,1.3253187290721609,1.2760144320047273,1.197664595650709,1.2623114361549288,1.3267371701590465,,336.0,,380.0,334.0,984.0,44.0,,2.7,0.2,403.0,1.665259611714872,1.5751367596388566,1.5522578466798904,1.5446869163772212,0.7554228697783842,1.0240556929622369,1.2430957966446117,1.3519282732907731,0.1725869499256301,13.76843811141316,4.765308804131895,4.29113382005501,0.0,0.1802439701162178,0.0,0.1684013029747713,7.68699337309492e-05,0.0121741288826974,0.7468523029221024,49.337299987670285,3.270394100095891,0.1295992805536406,10.623289089207852,4.52204350272307,3.3320903958750847,0.0,0.4460110508170096,0.0,0.5461268092080916,0.0017359325167011,0.0153695595982044,0.7494959608155971,48.2585408153316,2.8457943571468367,0.1109536646345405,9.186525947650406,5.036969603836566,2.865204234567007,0.0,0.6448960869446094,0.0,0.8175748480920065,0.0057402654395628,0.0205723412286376,0.8018720726008665,53.390340788356326,2.676285580483329,0.1027299089035977,9.05534463584955,5.818358058383457,2.687044079235607,0.0,0.7651118425131717,0.0,0.9111860322846246,0.008313331511864,0.0253298878121551,0.8557582949623279,58.306818233483135,2.6412490276803062,2.0,712.0,516.0,191.0,0.0,66.0,0.0,69.0,0.7000000000000001,2.3999999999999995,68.51,4718.0,193.5074024158927,0.0381517592200084,13.582026282323016,9.843153878762188,3.64349300551081,0.0,1.25900805426028,0.0,1.3162356930902923,0.0133531157270029,0.0457821110640101,1.3068885120813905,3.691323912130213,0.0,Bournemouth,Nottingham Forest,2026-05-24T15:00:00Z,38,2.326069
6,Adam Wharton,3.0,1,1.5307612174333038,1.704751939684622,1.7738301193564938,1.7869121026055728,0.4657699536268272,0.6514597285203065,0.7347335178883116,0.7858168606284246,2.0,22.0,,65.0,130.0,2536.0,50.0,,3.4,0.7,206.0,0.8536648314803988,0.9633492160206902,1.1009359698913324,1.2156295095884035,1.959796680245826,1.6478487045487895,1.45378389198278,1.3520910246488829,0.1092260663640459,16.908360362211525,28.293761172991587,4.7846481227263915,0.2000001004336781,1.4588023475276009,0.0,6.935387257184807,0.0496553085335967,0.2279237878406309,1.0834746317972772,66.70180953744732,3.936491919229929,0.161240805800385,15.406054833680855,24.269395432595196,3.9285030017710008,0.1001062243776513,1.39816368241807,0.0,6.218570437625886,0.0462634757237183,0.2300393258569606,1.1046143854528074,70.44282691395242,3.6896521141962735,0.1769167611305868,15.216359126387973,22.69887748773378,3.467158186482035,0.0518482841196034,1.3397746279378469,0.0,5.574267533520591,0.0425699791158184,0.213329636703773,1.1149438737518618,73.334959728906,3.5327290022317412,0.1806648767632912,15.153809746143365,22.046778669748143,3.2192092227955387,0.0309745470347042,1.2828603613890883,0.0,4.993911507522708,0.038582884229774,0.1928391228639337,1.106133051932517,74.49963265033621,3.3706028000947126,6.0,973.0,1388.6,195.0,1.0,79.0,0.0,278.0,2.1799999999999997,10.739999999999998,70.99,4898.0,204.77414224074047,0.1102490812576561,17.878726010616578,25.515312372396895,3.583095140873826,0.018374846876276,1.4516129032258065,0.0,5.108207431604736,0.0400571661902817,0.1973458554512045,1.3044303797468353,3.7626935078943737,0.4587155963302753,Crystal Palace,Arsenal,2026-05-24T15:00:00Z,38,2.6379607
7,Adama Traoré Diarra,3.0,1,1.4873748164371934,1.4101831854236713,1.3542056928734252,1.3172760593840596,0.7915192984902504,1.0407607451397949,1.3223124000649034,1.5182899044580005,,323.0,,397.0,442.0,376.0,51.0,,1.0,0.2,312.0,1.4231044032687232,1.352040475585104,1.2862680615764632,1.2660248619682006,0.9925857574774896,1.2832345441276034,1.4903395780549042,1.5953416319700449,0.0,2.147694656988631,2.019422832066562,0.97736221500432,0.0001981960279425,0.5295417908605153,0.0,1.883758248026628,0.0648853320642039,0.0050099008150871,0.3320252552277536,15.181714597396956,1.3149465358240262,0.0,2.815740047320941,2.656800638114326,1.030808721796296,0.0039368658168926,0.5518951927798834,0.0,2.576166596583923,0.0459401671826708,0.0139162607051487,0.360842283008781,15.286324162264933,1.2773192926318226,0.0,3.725057240911276,4.269163353836726,1.1225615492879504,0.0124946875338075,0.6343508785689327,0.0,3.754212591339783,0.037604562693176,0.0274979770642542,0.4004384805991959,17.733957542803232,1.3300135486323774,0.0,4.389134800126151,5.571779658383504,1.1887895644379516,0.0201376189953167,0.7029070847409239,0.0,4.638705038414987,0.03489161209577,0.0373471110987913,0.4270522308247005,19.686910718473207,1.3843358497832772,0.0,171.0,237.0,43.0,1.0,26.0,0.0,188.0,1.1399999999999997,1.66,15.47,746.0,48.05364673918815,0.0,20.630026809651472,28.59249329758713,5.1876675603217155,0.1206434316353887,3.1367292225201076,0.0,22.680965147453083,0.1375335120643431,0.2002680965147453,1.866353887399464,5.797356845210367,0.8771929824561406,West Ham,Leeds United,2026-05-24T15:00:00Z,38,1.7764181
8,Adrien Truffert,2.0,0,2.1739274766868766,1.800014640187395,1.4843813892721411,1.3253187290721609,1.2760144320047273,1.197664595650709,1.2623114361549288,1.3267371701590465,,48.0,,54.0,26.0,3288.0,48.0,,4.3,5.0,201.0,1.665259611714872,1.5751367596388566,1.5522578466798904,1.5446869163772212,0.7554228697783842,1.0240556929622369,1.2430957966446117,1.3519282732907731,0.3354793526112904,22.87065191774392,19.42922516528724,7.054104169580647,0.0819412731707634,0.800168084723544,0.0,9.264213656109892,0.1093258450906546,0.115764378471478,1.4313532953513712,89.94270791198772,5.568806566852402,0.2529418122231676,20.06089478246087,16.288505619403022,6.199534152656159,0.066967809818619,0.9907246468088252,0.0,7.394097694105416,0.0785525988676908,0.1051169868714829,1.4648499324964137,89.6223126441371,5.133152407915737,0.1936403917273436,17.81143966068266,14.945117748704842,5.385117098447584,0.0479059470779653,1.1683600505348275,0.0,6.096648777598478,0.0568470057714873,0.0935114354226369,1.461361162083333,89.25530126311116,4.763280135668836,0.1630053979002479,16.689389218875302,14.56753707110973,4.953451254249044,0.0371518615116015,1.2646246984335183,0.0,5.472241539453447,0.0460995082089146,0.0866342930385031,1.4472573392048431,89.04823139157787,4.574201250913629,5.0,582.0,534.5,169.0,1.0,50.0,0.0,182.0,1.35,2.96,52.69,3288.0,163.23710359805605,0.1368613138686131,15.93065693430657,14.630474452554743,4.625912408759124,0.0273722627737226,1.368613138686131,0.0,4.981751824817518,0.0369525547445255,0.0810218978102189,1.442244525547445,4.468168894107373,0.7407407407407407,Bournemouth,Nottingham Forest,2026-05-24T15:00:00Z,38,3.3918216
9,Alejandro Garnacho Ferreyra,3.0,0,1.2993027530090575,1.1556816927460971,1.0987727083015113,1.0838528074355682,1.4810645035741192,1.4785520139318924,1.401222411431172,1.340576268058851,,81.0,,139.0,298.0,1261.0,64.0,,2.3,0.4,75.0,0.8217437632716966,1.134546306254829,1.3856480673125384,1.5567381638705695,1.9461272212939953,1.726776355974721,1.5030031132035966,1.391311211572286,0.0771788956176424,6.77815582075585,14.678143083082482,1.8487141482910536,0.0023145872727003,0.9747635834884418,0.0,13.248442161122211,0.1086127926003043,0.0847146242659885,0.5767993003302552,42.261980903186235,2.2156236422125875,0.1244728425807323,7.845849263169812,16.512970767393195,2.052805871424083,0.0130979657872061,0.9294395625877012,0.0,14.684180870642898,0.1285234565745022,0.1178285348489425,0.718874109264197,47.70417135972924,2.556357386900567,0.1481841872478197,8.46708967020543,16.6975331343216,2.205956890605132,0.0248049231698246,0.8725674620976078,0.0,15.408062017833656,0.1358632332134699,0.1343216172264886,0.7854122763604426,49.82167331919088,2.727777520672501,0.1583352469384446,8.781222885248075,16.536886086878276,2.2855634566368774,0.0321279571306925,0.8374562698353328,0.0,15.71739325811724,0.1375649392791751,0.1414141862225726,0.8107653326394557,50.523092200061576,2.797900362218711,4.0,227.0,405.3,59.0,1.0,20.0,0.0,399.0,3.44,3.68,20.72,1273.0,71.27019601020214,0.2827965435978005,16.048703849175176,28.654359780047137,4.171249018067557,0.0706991358994501,1.4139827179890023,0.0,28.208955223880597,0.2432050274941084,0.2601728201099764,1.4648860958366068,5.038741273305729,0.2906976744186046,Chelsea,Sunderland,2026-05-24T15:00:00Z,38,2.6700997
10,Alex Iwobi,3.0,1,1.6620557277442751,1.5440588498851775,1.534118610447418,1.5880412252299128,1.3077202764151454,1.442787751239562,1.4348180560487755,1.3914490500458117,2.0,24.0,,56.0,128.0,2330.0,61.0,,3.6,1.1,106.0,0.5973474573554457,0.9155760777681654,1.1129563610472974,1.2066197953055773,1.2169076202577118,1.27491446415943,1.336375701205069,1.378016534811399,0.0438128408898566,16.765556054302237,24.2221615117514,2.8271216784350495,0.1045794061605174,1.0727640876571864,0.0,16.37454536473957,0.0898395356770081,0.1731239218971737,1.043814159377329,76.91844273661556,3.302506675811682,0.0666413703524443,17.765899461201005,24.997655225433327,3.300788237156409,0.1416894858924553,1.2796135428355635,0.0,13.8057013327537,0.0747655173334649,0.1722717400568982,1.1727634263144833,80.72747800556522,3.4035512861697512,0.0832628594298888,17.68760840908896,24.58179324105816,3.520254500855296,0.1578663987314738,1.3493868347089213,0.0,13.288671847123757,0.0758881610731209,0.1664033155937907,1.187807936288818,80.76108530607172,3.4449255536410357,0.0942248603993459,17.211707127519308,24.189153446586975,3.5865477757563395,0.1657693957038647,1.3489616162663598,0.0,14.175588770013915,0.0869855893333014,0.1602672340127198,1.1890668409019476,79.28604116536599,3.462185588759907,3.0,2254.0,3254.6,490.0,21.0,192.0,0.0,2215.0,13.999999999999998,20.119999999999997,186.41,10814.0,476.7513031954497,0.0249676345478083,18.759016090253375,27.0865544664324,4.078046976142038,0.1747734418346588,1.5979286110597373,0.0,18.434436841131863,0.1165156278897725,0.1674496023673016,1.551405585352321,3.9677841027917946,1.5000000000000002,Fulham,Newcastle Utd,2026-05-24T15:00:00Z,38,3.455363
11,Alex Murphy,2.0,0,0.6778779658843567,0.924018470010329,1.1073081949231147,1.2014107865787766,1.1735260962061695,1.2474230176816807,1.319555879612648,1.3684865116798042,,494.0,,486.0,470.0,1.0,38.0,,1.0,0.7,457.0,1.389581728383618,1.4963373556396298,1.546667311086982,1.6216055901634854,1.3215848029745978,1.2960227812128682,1.2656797643434272,1.2791609547073468,0.0,1.4262295081967211,0.321311475409836,1.0,0.0,0.4098360655737704,0.0,0.0,0.0,0.0,0.1368852459016393,3.819672131147541,0.9823532859389678,0.0,1.5571955719557196,0.3287822878228782,1.0,0.0,0.3690036900369003,0.0,0.0,0.0,0.0,0.1261992619926199,3.9225092250922513,0.9824847427465904,0.0,1.6143733567046452,0.3313759859772129,1.0,0.0,0.35056967572305,0.0,0.0,0.0,0.0,0.1212971078001752,3.964066608238387,0.982579347093588,0.0,1.641102328562273,0.3324289681691946,1.0,0.0,0.3418073061311685,0.0,0.0,0.0,0.0,0.1189489425336466,3.9826960051271096,0.9826324577641824,0.0,5.0,1.0,3.0,0.0,1.0,0.0,0.0,0.0,0.0,0.35,12.0,2.9480669337690646,0.0,37.5,7.5,22.5,0.0,7.5,0.0,0.0,0.0,0.0,2.6250000000000004,22.110502003267985,,Newcastle Utd,Fulham,2026-05-24T15:00:00Z,38,1.7108923
12,Alex Scott,3.0,0,2.1739274766868766,1.800014640187395,1.4843813892721411,1.3253187290721609,1.2760144320047273,1.197664595650709,1.2623114361549288,1.3267371701590465,3.0,60.0,6.0,67.0,78.0,2848.0,49.0,,3.7,2.1,101.0,1.665259611714872,1.5751367596388566,1.5522578466798904,1.5446869163772212,0.7554228697783842,1.0240556929622369,1.2430957966446117,1.3519282732907731,0.0092820731140073,18.653525152848236,19.369385786030698,4.199874864743738,0.0766578961721839,0.7947081756218989,0.0,6.7656075634107316,0.0754990138736462,0.1413341478345543,1.375547357153469,89.52290162529609,4.681264756793998,0.0292855470087803,18.216570253235297,17.531378785996765,4.118102537050902,0.0876182259013648,0.9297973179070134,0.0,8.650408173812197,0.1065533579403661,0.1262176169114245,1.393114142992049,85.64157144667983,4.612437377254563,0.0434072819640609,16.110258978555372,14.799035420087716,3.6457434738686256,0.0759348941697955,0.9778305693184034,0.0,8.60680477689827,0.1026106858246875,0.098951996538408,1.2686353358474212,76.68739784461071,4.057388909426955,0.0495953703078048,13.900982357287512,13.138778492766864,3.152248554502041,0.0630107347697687,0.9560377029925248,0.0,7.9226932599143085,0.0877618314305142,0.080060177699069,1.1186536251881949,67.83266371858652,3.463828034725396,2.0,898.0,948.3,206.0,4.0,74.0,0.0,548.0,5.349999999999999,4.999999999999999,75.05000000000001,4596.0,219.74805388564397,0.0391644908616188,17.58485639686684,18.569843342036553,4.033942558746736,0.0783289817232376,1.4490861618798956,0.0,10.73107049608355,0.1047650130548302,0.0979112271540469,1.4696475195822458,4.30316032413141,0.7476635514018694,Bournemouth,Nottingham Forest,2026-05-24T15:00:00Z,38,3.1324008
13,Alex Tóth,3.0,0,2.1739274766868766,1.800014640187395,1.4843813892721411,1.3253187290721609,1.2760144320047273,1.197664595650709,1.2623114361549288,1.3267371701590465,,372.0,,449.0,475.0,79.0,49.0,,0.9,0.0,412.0,1.831574514643591,1.6390408537630916,1.5813379939848988,1.5589820042326674,0.9442785872229807,1.1378396761536609,1.3085532801335078,1.3874090841196665,0.0,2.890737613392025,5.5825094051167525,1.093820461473627,0.0,0.2710027100271002,0.0,1.1575906905493576,0.0037798879691407,0.0278400684120348,0.4460201975459028,6.686368963576129,1.0041135260038268,0.0,2.875712336071115,5.609556561264892,1.042824575561312,0.0,0.2617039837161966,0.0,1.479164000373007,0.0055987048612249,0.0313899749301528,0.4670560436037404,8.39471920484157,1.0070927312299405,0.0,2.8735734520912195,5.6274926597417485,1.0201280414195857,0.0,0.2560733178341589,0.0,1.6225775162663727,0.0065520188296662,0.032736469766122,0.4756130971491043,9.173087060358776,1.0101012355079766,0.0,2.8738553181421187,5.633876901572822,1.0097235902506014,0.0,0.2530834404746936,0.0,1.6884244798458847,0.0070281708643831,0.0332856556201576,0.4792759515237207,9.534460717083318,1.0119071425312107,0.0,23.0,45.1,8.0,0.0,2.0,0.0,14.0,0.06,0.27,3.86,79.0,8.111037593575109,0.0,26.20253164556962,51.37974683544304,9.113924050632912,0.0,2.278481012658228,0.0,15.949367088607596,0.0683544303797468,0.3075949367088608,4.39746835443038,9.240422574958986,0.0,Bournemouth,Nottingham Forest,2026-05-24T15:00:00Z,38,1.5660894
14,Alexander Isak,4.0,1,1.3398971820673846,1.3739348418074238,1.4343213778237405,1.471195734191458,1.5252828948975592,1.3982776425588164,1.364558433783409,1.3824857175755458,,378.0,3.0,339.0,344.0,694.0,103.0,2.0,2.9,3.9,183.0,1.9936037888568376,1.8487346693684483,1.8179707758686527,1.9049296668018745,1.4613386623169435,1.3452813156351269,1.299395086616138,1.2461765254976718,0.0179702072573186,12.588844810895525,1.972693000464162,3.20455596883667,0.3077324936698412,0.5570549137837203,0.0,14.893950932915825,0.1612009970570966,0.0059934771203724,0.6365482386552512,46.04020510155258,2.6709025386477463,0.0406895156567157,15.226318064094812,5.648958082451437,3.706502694782008,0.3855228251800487,0.7885170089048482,0.0,21.861538848555973,0.2538106271541743,0.0219374864665835,0.6864671847368676,54.68945824644291,3.2915066060438956,0.0555116448631078,19.25246119568594,9.83335402873997,4.55706797729045,0.5165518172098444,1.0042303090524447,0.0,29.165862545720195,0.3807398038107417,0.0480032854773112,0.8314258404055809,63.90031856961939,4.141665350536713,0.0634064269531415,21.8148073730188,12.223710664928369,5.093378193651266,0.6097451079907141,1.1362198813676192,0.0,33.41137722774952,0.4674157484618993,0.0656438718428003,0.9637673437032004,69.1257166707669,4.689146740711797,1.0,1815.0,1049.9,417.0,53.0,95.0,0.0,2789.0,41.24,6.099999999999998,83.65,5534.0,385.47795540063794,0.0162631008312251,29.517528008673654,17.07462956270329,6.781713046620888,0.8619443440549331,1.5449945789663897,0.0,45.35778821828695,0.6706902782797254,0.0992049150704734,1.360408384531984,6.269066856895088,1.285160038797284,Liverpool,Brentford,2026-05-24T15:00:00Z,38,3.4691367
15,Alexis Mac Allister,3.0,1,1.3398971820673846,1.3739348418074238,1.4343213778237405,1.471195734191458,1.5252828948975592,1.3982776425588164,1.364558433783409,1.3824857175755458,2.0,51.0,5.0,81.0,144.0,2564.0,61.0,4.0,3.0,1.8,92.0,1.7948830310854702,1.7638612024277347,1.777071859288577,1.882232119440549,1.369070929853555,1.3107531840700402,1.284425194007207,1.240001898284402,0.2473880219693423,15.274301116944962,17.542261379842934,3.8299565537022415,0.0484114202562001,1.7953014395222149,0.0,8.7003628025693,0.0725348923621831,0.0445602485742872,1.3457406045945253,77.39972869835731,3.417560645875515,0.206602236946097,15.173376182092763,16.88427662590236,3.685129101710443,0.0797221003577288,1.4325533243369135,0.0,9.599709722098751,0.0896402971680804,0.0470564194026163,1.1915091814623815,74.78708825888184,3.337992831099913,0.1679793956350972,15.4559346144512,17.710398481146775,3.4031132205016026,0.0978894623749456,1.234823387946539,0.0,10.215689384153144,0.0958100287075427,0.0647117545281151,1.045879769179941,73.0179191153689,3.234577904044269,0.1508374948343191,16.30826327343511,19.509658553643217,3.2154353829604023,0.1195354207205115,1.1487827670405883,0.0,11.175693696207556,0.097174057514812,0.0847192262671737,0.9687613653170796,71.5197634548847,3.1499314190377032,5.0,2161.0,2687.6,391.0,19.0,141.0,0.0,1722.0,12.949999999999998,13.179999999999998,125.95,8772.0,384.00557034286,0.0512995896032831,22.17168262653899,27.574555403556772,4.011627906976744,0.194938440492476,1.4466484268125854,0.0,17.667578659370726,0.1328659370725034,0.1352257181942544,1.2922366621067032,3.939865632792681,1.4671814671814674,Liverpool,Brentford,2026-05-24T15:00:00Z,38,3.6036565
16,Alisson Becker,1.0,1,1.3398971820673846,1.3739348418074238,1.4343213778237405,1.471195734191458,1.5252828948975592,1.3982776425588164,1.364558433783409,1.3824857175755458,,491.0,,271.0,87.0,2250.0,54.0,,3.6,6.4,796.0,1.927748828341816,1.780584616853041,1.7957873262296362,1.9129302289124408,1.312113427417538,1.28708984747541,1.2741674631323183,1.2289666925938174,0.0,16.737065279851418,0.000185166981816,3.4209166064513092,0.0,1.2411312401002654,2.928315773189662,0.0,0.0,0.0006240512621991,1.163816257831543,90.0,4.286248518475169,0.0,16.021860845971993,0.0011788169208485,3.5244109047605057,0.0,1.208083024984721,2.591923930639771,0.0,0.0,0.0009049408921736,1.1534339884947706,90.0,4.264159048934688,0.0,15.632201796955767,0.0023564677011333,3.556941445621002,0.0,1.199179372182562,2.416942378762944,0.0,0.0,0.0010481137814627,1.1381443770168893,90.0,4.2364199248759435,0.0,15.449016273377676,0.0031324758202425,3.562682886391275,0.0,1.1982829040886538,2.3283858792847405,0.0,0.0,0.0011222729724245,1.129432982036244,90.0,4.21540165300119,0.0,382.0,0.1,89.0,0.0,30.0,56.0,0.0,0.0,0.03,28.02,2250.0,104.7294495236082,0.0,15.28,0.004,3.5599999999999996,0.0,1.2000000000000002,2.24,0.0,0.0,0.0012,1.1208,4.189177980944328,,Liverpool,Brentford,2026-05-24T15:00:00Z,38,3.5764136
17,Alphonse Areola,1.0,1,1.4873748164371934,1.4101831854236713,1.3542056928734252,1.3172760593840596,0.7915192984902504,1.0407607451397949,1.3223124000649034,1.5182899044580005,,409.0,,172.0,19.0,1800.0,43.0,,2.5,2.2,587.0,1.497096464837933,1.2964086421265928,1.224989656217303,1.234256857291228,1.696669683296805,1.7795887012220994,1.7706134593247969,1.738456330751803,0.0139041998573994,8.726172239337457,0.137438953506996,2.3166470910480648,0.0,1.9492781026801291,3.490946241571062,0.0,0.0,0.0,1.755435413525357,89.99736287417927,3.132150183675797,0.0321518705026401,10.043334413178114,0.2824378719754203,2.520426061009949,0.0,1.8582791017889635,3.7012275339606946,0.0,0.0,0.0,1.7202530517087264,89.84423005719358,3.294553568238211,0.0421159960893921,11.440719718847458,0.2718744020858556,2.6927650029917114,0.0,1.784804225598392,3.7634170365991406,0.0,0.0,0.0,1.6724788488426294,89.18316826537277,3.434649572439307,0.0464369155626501,13.508293736338445,0.2008828252725176,2.851305533843301,0.0,1.7730041675435884,3.8905775626258094,0.0,0.0,0.0,1.6484362147413438,88.56887677254596,3.5778538695786435,1.0,1727.0,10.0,304.0,0.0,180.0,415.0,0.0,0.0,0.0,162.1,8739.0,376.69787447796466,0.0102986611740473,17.785787847579815,0.1029866117404737,3.130792996910402,0.0,1.8537590113285272,4.27394438722966,0.0,0.0,0.0,1.6694129763130794,3.8794837742323858,,West Ham,Leeds United,2026-05-24T15:00:00Z,38,3.323062
18,Altay Bayındır,1.0,0,1.518380013408859,1.456497252041452,1.4401174887917136,1.467596997870272,0.9600736833072688,0.9970312171509038,1.1120476617581192,1.2267332376385045,,305.0,,189.0,68.0,540.0,50.0,,1.8,0.4,681.0,1.4103623695541032,1.3655629674175755,1.3644714750791849,1.4209482965809426,1.4890124385900876,1.4201579504886144,1.4571867021809823,1.504218601712901,0.0,7.830601092896175,1.110243733194553,1.8612195333506811,0.0,2.02784283112152,2.414172955156562,0.0,0.0,0.0074290918553213,1.5562269060629716,90.0,2.697494516357335,0.0,7.964779248717877,1.4002505554263174,1.8444166049526312,0.0,1.9281648629094732,2.27339139788159,0.0,0.0,0.0078907885666479,1.547569868469072,90.0,2.724791379882846,0.0,8.059312843091405,1.5373373278788476,1.8381750181180163,0.0,1.8799985419472405,2.216136267534751,0.0,0.0,0.008117708740867,1.543711524615346,90.0,2.739610495524364,0.0,8.11162737212096,1.603060023401497,1.835583587343436,0.0,1.8564626358243657,2.190476243601067,0.0,0.0,0.0082272531315161,1.541843027338852,90.0,2.747242049081776,0.0,49.0,10.0,11.0,0.0,11.0,13.0,0.0,0.0,0.05,9.24,540.0,16.52995139314382,0.0,8.166666666666668,1.6666666666666663,1.8333333333333337,0.0,1.8333333333333337,2.1666666666666665,0.0,0.0,0.0083333333333333,1.54,2.7549918988573032,,Manchester Utd,Brighton,2026-05-24T15:00:00Z,38,2.5022357
19,Alysson Edward Franco da Rocha dos Santos,3.0,0,2.0877065823215184,2.0313064824181177,1.9983975655290631,1.9899321472113032,0.7760600908270671,0.8320655962724971,0.902284812718804,0.9638814197680602,,449.0,,477.0,483.0,47.0,50.0,,1.0,0.0,411.0,0.8803367948289261,1.1865492252730852,1.3425348682018734,1.409890461704564,1.0663954611370934,1.0866190792103132,1.1534154451335243,1.2412203704275482,0.0,3.508196721311475,1.2786885245901638,1.0,0.0,0.7377049180327868,0.0,3.344262295081967,0.0204918032786885,0.0165573770491803,0.7157377049180328,16.573770491803277,1.152299059573601,0.0,3.5940959409594098,1.2195571955719555,1.0,0.0,0.7011070110701106,0.0,3.335793357933579,0.018450184501845,0.0166420664206642,0.6668265682656828,16.07380073800738,1.142349075887089,0.0,3.631901840490798,1.1923751095530235,1.0,0.0,0.6836108676599474,0.0,3.333917616126205,0.0175284837861524,0.0166608238387379,0.6444434706397897,15.85977212971078,1.1377985948836211,0.0,3.649647511215552,1.1793420209356975,1.0,0.0,0.6750694296090578,0.0,3.333475753044221,0.0170903653065584,0.0166652424695577,0.633734244819483,15.760734885708182,1.1356220731663715,0.0,11.0,3.5,3.0,0.0,2.0,0.0,10.0,0.05,0.05,1.87,47.0,3.400525888893253,0.0,21.06382978723404,6.702127659574468,5.744680851063829,0.0,3.829787234042553,0.0,19.148936170212767,0.0957446808510638,0.0957446808510638,3.5808510638297877,6.511645319157292,0.0,Aston Villa,Manchester City,2026-05-24T15:00:00Z,38,1.4761318
20,Amad Diallo,3.0,0,1.518380013408859,1.456497252041452,1.4401174887917136,1.467596997870272,0.9600736833072688,0.9970312171509038,1.1120476617581192,1.2267332376385045,3.0,40.0,,50.0,171.0,2249.0,62.0,,2.7,1.3,41.0,1.5510400594568043,1.6767146588237771,1.6845847107711722,1.6300722140718211,1.0346659686665372,1.1450645865745794,1.256207192705972,1.3635337208812568,0.0076872166442116,7.383681462401252,10.515345757099338,1.84764357836416,0.007577119939932,1.0707194609926878,0.0,15.677319302213268,0.1251937077214291,0.1019561109128053,1.1279069876534864,63.75583652007223,2.8023223953633902,0.0424487060872699,10.613224737503575,14.105449484326424,2.2232236199352693,0.0435299972936504,1.062327389731048,0.0,17.057731578460626,0.1412471575360786,0.1041418934003886,1.0485568850907905,66.43122287901441,2.987808551759869,0.0809263232478082,13.733741134850185,17.91074951877284,2.823461903640353,0.0975832758647692,1.088176634706283,0.0,18.66438506391411,0.1586598938202305,0.1199071944566407,1.0437517166173576,69.78659516792965,3.2764736194810236,0.1045716078022537,15.335310090212674,19.81207928288207,3.200982663327783,0.1324440472468211,1.090656765347364,0.0,19.404384796548943,0.1651253998353384,0.1274256149749806,1.0465332426584226,70.24813282899103,3.404337114266349,4.0,1022.0,1317.6,219.0,10.0,67.0,0.0,1235.0,10.3,8.149999999999999,65.1,4308.0,215.51435260604137,0.0835654596100278,21.350974930362117,27.526462395543177,4.575208913649026,0.2089136490250696,1.3997214484679663,0.0,25.800835654596103,0.2151810584958217,0.1702646239554317,1.3600278551532032,4.502388982020363,0.9708737864077672,Manchester Utd,Brighton,2026-05-24T15:00:00Z,38,2.8256123
21,Amadou Onana,3.0,0,2.0877065823215184,2.0313064824181177,1.9983975655290631,1.9899321472113032,0.7760600908270671,0.8320655962724971,0.902284812718804,0.9638814197680602,,224.0,,184.0,145.0,1738.0,48.0,,3.1,0.7,178.0,1.1109859511619284,1.212394946703467,1.3264966091080528,1.3947331372576113,1.4303955808817537,1.3475307778880137,1.2963157094987268,1.310911094972184,0.0,13.739951580979843,10.7485915756717,2.620917674851023,0.0118594118922269,1.6898327071013917,0.0,10.607584591187065,0.1326309173115799,0.0555229429818013,1.3725399669543157,84.3269916631138,3.3993081038130546,0.0,13.880170640625284,8.534884910804307,2.8481315696344423,0.0435087633594964,1.346803845130728,0.0,9.07444433757613,0.0984688707973376,0.0435956317482604,1.2566078062325972,77.52865106074606,3.2984549029328623,0.0,13.55533125574664,7.669146389265467,2.8773726850449584,0.0685332766072733,1.1318792616046855,0.0,7.936080898949203,0.0785360121801528,0.03668813150714,1.1515394665150835,71.69105364169884,3.039166568053335,0.0,12.996068805718568,7.820624046511873,2.780191338902586,0.0790727087249565,1.0939336505938186,0.0,7.829772756337993,0.0736195131029018,0.0346684649507216,1.1084276890862714,68.71816616004935,2.812175845282486,0.0,1060.0,773.4,226.0,7.0,102.0,0.0,732.0,6.549999999999999,3.1399999999999983,95.85,5848.0,222.16501447864897,0.0,16.31326949384405,11.90253077975376,3.4781121751025994,0.1077291381668946,1.569767441860465,0.0,11.265389876880985,0.1008036935704514,0.0483242134062927,1.4751196990424074,3.419092220088647,1.068702290076336,Aston Villa,Manchester City,2026-05-24T15:00:00Z,38,2.2272081
22,Amine Adli,3.0,0,2.1739274766868766,1.800014640187395,1.4843813892721411,1.3253187290721609,1.2760144320047273,1.197664595650709,1.2623114361549288,1.3267371701590465,3.0,169.0,6.0,207.0,255.0,1057.0,54.0,,2.2,0.2,125.0,1.831574514643591,1.6390408537630916,1.5813379939848988,1.5589820042326674,0.9442785872229807,1.1378396761536609,1.3085532801335078,1.3874090841196665,0.0352623845449088,5.205518046160111,6.327529850829685,1.8304241392366245,0.0531058860959335,0.4548710502607775,0.0,6.249161274446,0.0525993354322917,0.0439977936635238,0.6077434542810749,29.332954316752968,1.8694316431654312,0.0659045686591916,7.3988457084132975,7.859887976172843,2.2613780766531737,0.0904183861879394,0.5130079010747426,0.0,8.151221527838466,0.0794993765937871,0.059691116985066,0.6271342410751718,35.013478258240895,2.2150564671467445,0.0725205787224677,7.942202495346676,8.059234092625388,2.3200468467670667,0.1012722791081636,0.5440563086607746,0.0,8.688224087147582,0.0871660270296836,0.0603121105748695,0.6160823836492332,36.01447584948828,2.251894271995986,0.071146555241009,7.989217754778254,7.98648059827116,2.2812210415298844,0.1022456609144961,0.5572175948087221,0.0,8.74976038557373,0.0879859466849485,0.0579178652298727,0.6047607190256326,35.82586565867763,2.215947287082942,2.0,237.0,235.1,66.0,3.0,17.0,0.0,260.0,2.6,1.62,17.71,1057.0,64.41644492672626,0.1702932828760643,20.179754020813625,20.01797540208136,5.619678334910123,0.2554399243140965,1.447492904446547,0.0,22.138126773888363,0.2213812677388836,0.1379375591296121,1.5079470198675498,5.484843938888707,1.1538461538461535,Bournemouth,Nottingham Forest,2026-05-24T15:00:00Z,38,2.051046
23,Andrew Robertson,2.0,1,1.3398971820673846,1.3739348418074238,1.4343213778237405,1.471195734191458,1.5252828948975592,1.3982776425588164,1.364558433783409,1.3824857175755458,4.0,141.0,,241.0,278.0,1083.0,57.0,,2.3,1.1,254.0,1.9920047360710469,1.831927410408441,1.8083901923308423,1.9024835420639563,1.076673327896179,1.161423684028683,1.2098886487612543,1.20105129197208,0.0,9.479050358573335,10.115933504047332,2.9292923752943287,0.1600043176905143,0.9229684365873172,0.0,7.147569925103322,0.1063170574916438,0.0357448161413171,1.2041901419454837,62.089356526638355,3.4296072578279913,0.0,9.735069821292068,12.378389134000958,2.670250585659749,0.0911198860286551,0.8095673773324313,0.0,6.153202826513401,0.0736914677685901,0.048332441888667,0.9359733241043664,56.37920868808386,3.2343911237956844,0.0,11.93962978423266,17.78807635996687,2.6552960871534217,0.0594211674762342,0.873863929178937,0.0,6.525215757569507,0.0560164790394676,0.0774192721752968,0.8378899864013778,58.52202101566138,3.293901460833709,0.0,16.060991665110585,24.758060809932022,2.968361955715972,0.0552240083787031,0.9644222726874322,0.0,7.950361187680098,0.050811778515974,0.1096104714729439,0.8510105242856267,64.68615605842771,3.5869820452827472,0.0,2383.0,3559.3,379.0,6.0,112.0,0.0,1066.0,4.839999999999999,15.909999999999997,98.69,7849.0,420.7544656860797,0.0,27.324499936297617,40.81246018601096,4.345776532042298,0.0687985730666326,1.2842400305771438,0.0,12.223213148171745,0.0554975156070836,0.182430882915021,1.1316218626576633,4.824551141769292,1.2396694214876036,Liverpool,Brentford,2026-05-24T15:00:00Z,38,2.981944
24,Andrey Nascimento dos Santos,3.0,0,1.2993027530090575,1.1556816927460971,1.0987727083015113,1.0838528074355682,1.4810645035741192,1.4785520139318924,1.401222411431172,1.340576268058851,,242.0,,311.0,284.0,1247.0,44.0,,1.7,0.3,294.0,0.8217437632716966,1.134546306254829,1.3856480673125384,1.5567381638705695,1.9461272212939953,1.726776355974721,1.5030031132035966,1.391311211572286,0.0,17.716126263841964,5.16290357372974,3.274327198488125,0.2003876060013211,1.0098183924364237,0.0,5.387193023005275,0.0662612297843842,0.0245853128959068,0.9043755079118804,59.04961159392953,2.8064037027504702,0.0,13.580478231070076,5.236119461961895,2.4353726888015506,0.1055224947878355,0.8989391407420069,0.0,3.811310606153839,0.0643396419342774,0.0316264611822769,0.8177842153821824,53.82343932199272,2.4430705499427843,0.0,11.347811015546064,5.3618524588057435,2.0452032417475574,0.0656018941533385,0.7831760497531698,0.0,3.3831505653681355,0.0681070480515285,0.033039405965662,0.7536505145899434,49.73250668858322,2.260791815857105,0.0,10.251567316985788,5.438542398073862,1.8702759805968945,0.0492306219784055,0.7143229028186622,0.0,3.318055066996666,0.0707370361492489,0.0326277210663657,0.7160114257191004,47.32561817018856,2.169885591263246,0.0,258.0,154.4,48.0,1.0,18.0,0.0,94.0,2.06,0.88,18.93,1254.0,58.28061241069764,0.0,18.516746411483258,11.08133971291866,3.4449760765550237,0.0717703349282296,1.291866028708134,0.0,6.7464114832535875,0.1478468899521531,0.0631578947368421,1.3586124401913875,4.182819072538108,0.4854368932038835,Chelsea,Sunderland,2026-05-24T15:00:00Z,38,2.3151135
25,André Trindade da Costa Neto,3.0,0,0.7880939941043962,0.88089881267518,0.9708858168980458,1.0216470235091468,1.9916444456516489,2.0329944594527656,2.001641049126402,1.9158268090481736,,126.0,,208.0,173.0,2670.0,52.0,,2.7,0.1,355.0,0.5892227469066972,0.7076212761886956,0.7867373521018872,0.8837968096905914,1.9445521292894057,1.788732804211168,1.7328812565570086,1.710429327457707,0.0,14.078767040568035,11.782769899225874,2.7848982389459547,0.0419430534799776,1.734627369581312,0.0,1.5093527213243978,0.018039334857373,0.0336982507266931,1.5489987236562548,88.89357020309617,2.9883380575844787,0.0,14.54775312780452,11.026380497463638,2.8820973045097777,0.0478708351961499,1.6282002580020714,0.0,1.5934412052877058,0.0196139501446624,0.0315781496002927,1.4881509716910497,85.80395483508538,3.015076525838816,0.0,14.102487660303664,10.307544890090064,2.7069290153176153,0.0360775614505733,1.5326607362874538,0.0,1.3940626237588989,0.0177013534407256,0.02904713179764,1.4029991220250322,82.16563457098526,2.840880774214786,0.0,13.726741443883462,9.74066240127459,2.519377366948707,0.0256414579183966,1.4861802374057027,0.0,1.2299851429194797,0.015808239077513,0.0263263906164293,1.3489875304688732,79.62197229168744,2.662035686768458,0.0,895.0,605.3,153.0,1.0,98.0,0.0,72.0,0.9099999999999998,1.5099999999999991,87.1,5142.0,163.28590385698118,0.0,15.665110851808636,10.594515752625435,2.6779463243873978,0.0175029171528588,1.7152858809801632,0.0,1.2602100350058345,0.0159276546091015,0.0264294049008167,1.5245040840140025,2.8579796474384103,1.0989010989010992,Wolves,Burnley,2026-05-24T15:00:00Z,38,2.9532316
26,Andrés García,2.0,0,2.0877065823215184,2.0313064824181177,1.9983975655290631,1.9899321472113032,0.7760600908270671,0.8320655962724971,0.902284812718804,0.9638814197680602,,456.0,,494.0,488.0,38.0,39.0,,0.8,0.2,522.0,1.1387324389524105,1.235994385227896,1.3436808463048011,1.4048922461642226,1.537994476102192,1.3861453087674405,1.311911459332269,1.318912905248464,0.0,3.4686593517467523,4.692590336800078,0.9015654174702928,0.0,0.4992602025906752,0.0,0.4409869297330885,0.0,0.0077881441697504,0.2680347843206015,9.944984296608007,0.9875611452457156,0.0,3.7738817987986257,6.742661840418355,0.8848003114974293,0.0,0.6876269406718446,0.0,0.6531822338095759,0.0,0.0113229773829176,0.3520222208803816,13.199688730827948,0.9934296910895708,0.0,3.947060234390326,7.817710167732452,0.8790024223515008,0.0,0.7825367087444618,0.0,0.7644021967943929,0.0,0.0131674101406258,0.3944552869280733,14.90862542907859,0.9968026492929812,0.0,4.035851168846594,8.3549308385555,0.8767798226713457,0.0,0.8291928554957418,0.0,0.8199532675113635,0.0,0.0140878976460539,0.4154699232745427,15.767929441549605,0.9985299681333044,0.0,33.0,71.10000000000001,7.0,0.0,7.0,0.0,7.0,0.0,0.1199999999999998,3.49,133.0,8.002072541925493,0.0,22.330827067669173,48.112781954887225,4.7368421052631575,0.0,4.7368421052631575,0.0,4.7368421052631575,0.0,0.0812030075187969,2.361654135338346,5.414936306566123,,Aston Villa,Manchester City,2026-05-24T15:00:00Z,38,1.2851927
27,Andy Irving,3.0,1,1.4873748164371934,1.4101831854236713,1.3542056928734252,1.3172760593840596,0.7915192984902504,1.0407607451397949,1.3223124000649034,1.5182899044580005,3.0,235.0,,352.0,359.0,156.0,44.0,,1.3,0.3,384.0,1.312907852585729,1.2238797790055451,1.200688190695118,1.2357662477189686,1.8680485495999863,1.818034866587078,1.7610730633433156,1.7224375435408117,0.0,6.977866404457357,7.407435717817927,1.287435599884907,0.0,0.6201570653050961,0.0,0.5836965162038575,0.002839251063527,0.0277943881933937,0.675255846511012,25.20797409518812,1.4340435962907356,0.0,6.111408964197783,6.053034699374907,1.180515841709033,0.0,0.5598543773898406,0.0,0.8202273857999038,0.0051775564083667,0.0225119556547872,0.5835122538735578,22.06577354578479,1.3138074577234256,0.0,5.610935678972729,5.334124070667485,1.119372514105947,0.0,0.5183176307587614,0.0,0.9642502117340483,0.0064438524484973,0.0197910131374685,0.5393664163318143,20.332305827631593,1.2453755025392343,0.0,5.360848884075645,4.979580095761503,1.0887486953212648,0.0,0.4950816119889403,0.0,1.0401961807598463,0.0070582936224328,0.0184206876899744,0.5191613022622172,19.476396805067132,1.21092754330595,0.0,87.0,78.8,18.0,0.0,8.0,0.0,19.0,0.13,0.29,8.51,317.0,20.010831186509016,0.0,24.70031545741325,22.37223974763407,5.110410094637224,0.0,2.271293375394322,0.0,5.394321766561514,0.0369085173501577,0.0823343848580441,2.4160883280757095,5.681308538756504,0.0,West Ham,Leeds United,2026-05-24T15:00:00Z,38,1.6860942
28,Angel Gomes,3.0,0,0.7880939941043962,0.88089881267518,0.9708858168980458,1.0216470235091468,1.9916444456516489,2.0329944594527656,2.001641049126402,1.9158268090481736,,333.0,,410.0,430.0,392.0,46.0,,1.3,0.0,376.0,0.7365284336333714,0.7862458624358661,0.8281449837763929,0.906534612479342,1.6806901616117569,1.6541475602278146,1.666190147921868,1.6772520141737992,0.0,3.4317022734844964,4.291687951161519,1.2147523063284231,0.0,0.499265523334872,0.0,2.933545057681707,0.026799430862081,0.0238027573305901,0.7083411424713111,27.452150982099436,1.323889453494162,0.0,4.518617836827856,5.212770692087441,1.3625560281059517,0.0,0.5574995050203004,0.0,2.710957759475962,0.0250130683266149,0.0244436564220101,0.8705778531811198,31.61681804682241,1.4000065115927434,0.0,5.183131350522483,5.736321244936385,1.451341214693666,0.0,0.5939247849153214,0.0,2.618970916121683,0.0239007872907967,0.0245307717485786,0.9602278806154636,33.64295717819311,1.449972528654619,0.0,5.539657578571681,6.013475033755916,1.4979795775573654,0.0,0.6143845609976916,0.0,2.579763906313898,0.0233174545213513,0.0245430786835899,1.0065822524629102,34.6436763246362,1.477605949527796,0.0,65.0,69.3,17.0,0.0,7.0,0.0,28.0,0.25,0.27,11.59,392.0,16.57434242615363,0.0,14.923469387755102,15.910714285714285,3.903061224489796,0.0,1.607142857142857,0.0,6.428571428571428,0.0573979591836734,0.0619897959183673,2.660969387755102,3.805333720290374,0.0,Wolves,Burnley,2026-05-24T15:00:00Z,38,1.8174579
29,Angus Gunn,1.0,1,1.5322076893718972,1.5176230765891512,1.5246329989409293,1.5307653860088308,0.8043382958227075,1.0216501233696416,1.230935744218627,1.342933417719982,,544.0,,490.0,478.0,45.0,40.0,,1.0,1.2,509.0,1.1080750360159557,1.0626321281156874,1.0757001921194482,1.119338517273566,1.047302203127555,1.282577982259998,1.3826816030075757,1.407361973119073,0.0,17.590702853680067,0.0,3.0914149663630575,0.0,1.8775166185260035,3.445591822547057,0.0,0.0,0.0,2.026018259615059,79.18565377481244,3.453750167597795,0.0,18.248287319857383,0.0,3.2826366327389156,0.0,2.0697504528229187,3.450809197482729,0.0,0.0,0.0,2.1008418584643733,82.09878679680585,3.6159691495999144,0.0,18.420334317332525,0.0,3.341184271061061,0.0,2.1612227471297163,3.42116068849196,0.0,0.0,0.0,2.123573796752245,83.31510225466967,3.659137832221589,0.0,18.47097561596849,0.0,3.361112373499728,0.0,2.205934334826893,3.39990145965535,0.0,0.0,0.0,2.1319988847808453,83.86413380403434,3.6719341462848103,0.0,148.0,0.0,27.0,0.0,18.0,27.0,0.0,0.0,0.0,17.11,675.0,29.434383153887193,0.0,19.733333333333334,0.0,3.6,0.0,2.4000000000000004,3.6,0.0,0.0,0.0,2.2813333333333334,3.924584420518293,,Nottingham Forest,Bournemouth,2026-05-24T15:00:00Z,38,2.7816863
30,Anthony Elanga,3.0,0,0.6778779658843567,0.924018470010329,1.1073081949231147,1.2014107865787766,1.1735260962061695,1.2474230176816807,1.319555879612648,1.3684865116798042,5.0,160.0,,273.0,361.0,1278.0,65.0,,1.5,2.6,200.0,1.3275696596803437,1.3822876109761566,1.4569662457029895,1.5517182423639602,1.3846503455189316,1.4919863902684225,1.457703428287506,1.4015191720577116,0.0036064513583253,4.412962015466021,4.8519219116583665,1.365689043838639,9.197528840741928e-05,0.5634344015871712,0.0,4.846403225176909,0.0591927882056608,0.04105932287257,0.6785303503278388,31.44425756804073,1.839177799623422,0.015604819256357,5.668999626137399,7.578694902844123,1.5494395803693444,0.0059006467935893,0.7794490968544497,0.0,5.89992846347155,0.0521502298446153,0.061542673357911,0.7528673894426948,39.48765962935495,1.9498659133971468,0.0249477279358872,7.428369787154123,10.59378996679743,2.0268070489377217,0.0330724576106168,0.8871264545366129,0.0,7.96119401971797,0.066907285507474,0.076896336635043,0.8046314322794418,46.219044083844366,2.2147070220377163,0.0291456441632725,9.10357468369629,12.875543749619688,2.515684950318582,0.0679461626622801,0.956383449585726,0.0,10.470692760728369,0.0890115841630326,0.0892474087624425,0.8604284142823191,52.07711736544645,2.513505840968167,1.0,1198.0,1585.0,324.0,13.0,115.0,0.0,1597.0,12.859999999999998,10.869999999999996,101.05,6334.0,309.80979223316956,0.0142090306283549,17.022418692769183,22.521313545942533,4.603725923586991,0.1847173981686138,1.6340385222608147,0.0,22.69182191348279,0.1827281338806441,0.1544521629302178,1.4358225449952635,4.402096826805377,1.010886469673406,Newcastle Utd,Fulham,2026-05-24T15:00:00Z,38,2.3113494
31,Anthony Gordon,3.0,0,0.6778779658843567,0.924018470010329,1.1073081949231147,1.2014107865787766,1.1735260962061695,1.2474230176816807,1.319555879612648,1.3684865116798042,3.0,67.0,,52.0,146.0,1798.0,74.0,1.0,3.9,6.9,34.0,1.4137257680674535,1.4797500566996886,1.526107409263467,1.5979887868088194,1.6113596970182231,1.598615370748503,1.483482579863427,1.403773247716931,0.084018812671546,18.46462781360005,12.703667162012954,5.635076418771222,0.4425623597434539,1.0306435474465705,0.0,23.12229224601354,0.4567433178661566,0.0735777135537235,1.3726372432117315,79.71146828668485,5.290590116203214,0.1359227165824773,16.18819038269728,14.69471276218218,4.7473890102707115,0.333135663995372,1.1581345593335808,0.0,21.28443424161665,0.3904326914237131,0.1063670959417499,1.1928085660045733,75.19027406763506,4.790372620365203,0.1528081024074864,14.554732199251369,16.47889114071516,4.17997819584355,0.2550353429352577,1.1484753743341565,0.0,19.900445582274273,0.3272138372698775,0.122777038982789,1.069270470673412,72.0741308714079,4.351694852853678,0.1555305995130793,14.114581964184367,18.26067918860416,4.037845221736396,0.2253087366501574,1.129086892797718,0.0,20.00731397656468,0.293199320875078,0.1300514439538866,1.0750414501125518,71.72139163734093,4.143104909214023,4.0,1427.0,2001.3,415.0,22.0,113.0,0.0,2126.0,27.03,13.399999999999997,122.17,7395.0,404.5993843680563,0.0486815415821501,17.36713995943205,24.35659229208925,5.0507099391480725,0.2677484787018255,1.3752535496957403,0.0,25.87423935091278,0.3289655172413793,0.1630831643002028,1.4868559837728197,4.924130438556467,0.8139104698483167,Newcastle Utd,Fulham,2026-05-24T15:00:00Z,38,4.3337693
32,Antoine Semenyo,3.0,1,1.939727876476741,1.639347092096446,1.5294458207117694,1.492088522256452,1.7928720239433336,1.6074334490457554,1.4533604505952842,1.39252795828722,,38.0,4.0,6.0,13.0,3143.0,80.0,3.0,5.4,46.9,4.0,2.359633227901898,2.14589609158091,2.0509452912077135,2.0153983924474415,0.7200751135338337,0.8134062180797018,0.897141860619187,0.9629522605076414,0.0217460155165444,14.728075123933367,14.033402069741108,4.548309794826044,0.2713966893925557,0.7154693403388701,0.0,22.04301302874232,0.1774687749340171,0.0905517809348408,0.889881533301142,78.47231547358666,3.725370013133392,0.0639907040284644,16.202831787087124,14.97672315729926,4.858475282863432,0.337402751816876,0.9673867355272122,0.0,24.559682310559417,0.2314810277529066,0.0862263935973158,1.0656295950563193,82.58794536044523,4.167114915044563,0.1067601849622303,16.888725078456783,15.966303731859462,5.059936354385925,0.3757676969270119,1.1710395536727929,0.0,26.69360671809451,0.2583133990892806,0.0871120768567666,1.1861034469176976,84.67946940085008,4.335454519840754,0.1350453234495132,16.373237128987085,16.23297925174942,4.910978073698496,0.366147031470569,1.2134659366971976,0.0,27.482722470087538,0.256720144944561,0.0888045330669524,1.208796961686733,83.29335721970779,4.203595246261116,6.0,1650.0,1719.6,493.0,36.0,131.0,0.0,2992.0,25.56,9.689999999999998,132.57,8694.0,420.90040880725417,0.062111801242236,17.080745341614907,17.801242236024844,5.10351966873706,0.3726708074534162,1.3561076604554867,0.0,30.973084886128365,0.2645962732919254,0.1003105590062111,1.3723602484472048,4.35714708910201,1.4084507042253522,Manchester City,Aston Villa,2026-05-24T15:00:00Z,38,5.1408043
33,Anton Stach,3.0,0,0.9286294544735864,1.0856375066906117,1.1528129081947445,1.198210556571093,1.6522039078284754,1.568477982680725,1.610655951538412,1.6495020971055678,1.0,7.0,1.0,29.0,62.0,2369.0,48.0,,4.7,2.0,100.0,1.609218520546492,1.4557591011541449,1.3728565942724111,1.3255979439912915,0.9893991231128136,1.1564008437632494,1.3919395085176185,1.558113373678318,0.0419758084397668,17.93141910811506,30.98021225470818,4.495422420330587,0.1856003084193651,0.6692354694048634,0.0,9.15316195181306,0.0926554696048583,0.1289003010940114,1.2070090066434804,82.63626376698203,4.273932828732212,0.1072191779242052,19.14584871052881,32.711579386429314,4.692421447751542,0.1870223206461782,0.904315292176016,0.0,10.218696726551965,0.0941160604121456,0.1564171653689144,1.1773668135299975,82.80982767804852,4.420723230273591,0.1560287785816476,19.29025203534336,32.575724013911454,4.733606280509439,0.1821959357116491,1.0699368586182418,0.0,10.628089030804096,0.0962481862372841,0.1605180932481656,1.1747787152788711,82.30357062403942,4.415769581544521,0.1818922101599295,19.18342276970988,32.229145173947096,4.734428481293146,0.1779083420054537,1.1572122642744385,0.0,10.769106904445657,0.0976923148775056,0.1585424715434687,1.1744356142635937,81.98037338376902,4.388396870819883,6.0,550.0,921.4,137.0,5.0,36.0,0.0,315.0,2.88,4.47,34.05,2369.0,126.12327166090223,0.2279442802870409,20.89489235964542,35.004643309413254,5.204727733220768,0.1899535669058674,1.3676656817222457,0.0,11.96707471506965,0.1094132545377796,0.1698184888138454,1.2935837906289571,4.791513064365218,1.7361111111111112,Leeds United,West Ham,2026-05-24T15:00:00Z,38,4.071938
34,Antonee Robinson,2.0,1,1.6620557277442751,1.5440588498851775,1.534118610447418,1.5880412252299128,1.3077202764151454,1.442787751239562,1.4348180560487755,1.3914490500458117,,124.0,,210.0,202.0,1397.0,49.0,4.0,2.8,0.9,309.0,0.5973474573554457,0.9155760777681654,1.1129563610472974,1.2066197953055773,1.2169076202577118,1.27491446415943,1.336375701205069,1.378016534811399,0.0,13.794092281768677,11.39889003172258,3.65256883131192,0.2000000000072523,1.1215528058677742,0.0,6.984127418018955,0.1648544378726238,0.045728596719239,1.291201982317447,69.93887593878432,3.7528977962678702,0.0,12.439816852194456,13.492552203850636,2.958040200473993,0.1000006377290048,1.086689506028062,0.0,4.990894460976101,0.0873183280987244,0.0595531541434522,1.254596330276069,70.29940561978121,3.3449774985101826,0.0,12.71553495437634,15.63555197144436,2.7816795314114704,0.0501319947406325,1.1353608888439417,0.0,4.7027101472409,0.0514422797735707,0.0777243555173537,1.250666927341328,74.3155483054453,3.2831204024114458,0.0,13.866375996201077,16.927943055560082,2.7799000625261336,0.0263810890247266,1.2419108116042683,0.0,5.168455031195599,0.0357252116255209,0.0890942973507956,1.2951846437807983,78.89563950733432,3.270790010651371,0.0,1897.0,2145.9,323.0,1.0,168.0,0.0,717.0,2.879999999999999,11.139999999999995,168.23,9989.0,371.7984884283871,0.0,17.091800981079185,19.33436780458504,2.9102012213434776,0.0090099109019921,1.5136650315346882,0.0,6.460106116728402,0.0259485433977375,0.1003704074481929,1.5157373110421464,3.3498712542351425,0.3472222222222223,Fulham,Newcastle Utd,2026-05-24T15:00:00Z,38,2.9348109
35,Antoni Milambo,3.0,0,1.8359064248683763,1.78747508218593,1.7882183641372678,1.8851857440962256,1.8952567438828445,1.5796778656740686,1.420205125806682,1.3092227962416565,,170.0,,254.0,216.0,45.0,55.0,,1.0,0.1,654.0,1.6725024315621757,1.577268683751014,1.5384507454624583,1.5203800139702537,1.1210116510342971,1.2322175017578278,1.3507231377867592,1.408642597219016,0.0,5.0,1.8,1.0,0.0,3.0,0.0,0.0,0.0,0.01,1.49,45.0,1.0302566526347945,0.0,5.0,1.8,1.0,0.0,3.0,0.0,0.0,0.0,0.01,1.49,45.0,1.0302566526347945,0.0,5.0,1.8,1.0,0.0,3.0,0.0,0.0,0.0,0.01,1.49,45.0,1.0302566526347945,0.0,5.0,1.8,1.0,0.0,3.0,0.0,0.0,0.0,0.01,1.49,45.0,1.0302566526347945,0.0,5.0,1.8,1.0,0.0,3.0,0.0,0.0,0.0,0.01,1.49,45.0,1.0302566526347945,0.0,10.0,3.6,2.0,0.0,6.0,0.0,0.0,0.0,0.02,2.98,2.060513305269589,,Brentford,Liverpool,2026-05-24T15:00:00Z,38,1.617796
36,Antonín Kinský,1.0,1,1.6283071946132468,1.5057146814462412,1.3634947000475075,1.2786717611892149,2.0676488183511657,1.6928646449335476,1.4536958060334333,1.368632576429858,,549.0,,435.0,393.0,540.0,39.0,,2.5,1.9,516.0,1.1282057923933262,1.1127767896515215,1.2087453529772576,1.3549376030724047,1.3935215610808525,1.605256844410009,1.6353545760796422,1.6071279849705744,0.0,8.829560239396306,0.0,2.389886373492931,0.0,1.2432995055945872,1.670049440541244,0.0,0.0,0.0,0.8275019516003121,90.0,3.374569765491109,0.0,9.212716008016066,0.0,2.4609664951478893,0.0,1.197861955484795,1.5802897820765367,0.0,0.0,0.0,0.8402044779846293,90.0,3.4380114188263944,0.0,9.36797783476688,0.0,2.4841289600479977,0.0,1.180653444746967,1.5388425078295134,0.0,0.0,0.0,0.8480273183171594,90.0,3.458417797518622,0.0,9.436816552103128,0.0,2.4929248759492397,0.0,1.173280483158191,1.5190873302973515,0.0,0.0,0.0,0.8522537761086024,90.0,3.466127481384357,0.0,57.0,0.0,15.0,0.0,7.0,9.0,0.0,0.0,0.0,5.14,540.0,20.833880838183028,0.0,9.5,0.0,2.5,0.0,1.1666666666666667,1.5,0.0,0.0,0.0,0.8566666666666667,3.4723134730305047,,Tottenham,Everton,2026-05-24T15:00:00Z,38,2.9246125
37,Archie Gray,3.0,1,1.6283071946132468,1.5057146814462412,1.3634947000475075,1.2786717611892149,2.0676488183511657,1.6928646449335476,1.4536958060334333,1.368632576429858,,238.0,,254.0,246.0,1463.0,48.0,,2.6,0.2,196.0,0.6723774228352684,0.9236043128225856,1.1453346947894054,1.3400981039360136,2.0232459987325497,1.9348526816415683,1.7828204979819904,1.672728816503849,0.1483315951918557,10.550402345632776,6.875434982995113,2.5155114352345413,0.0489804736759107,1.5791242168074413,0.0,7.517523791499077,0.0616069050408773,0.080284147404216,1.232424459280562,68.1897651525884,2.480247748364149,0.1367818946848022,10.70850543215641,6.6196057349577195,2.606015766854724,0.0687376356998767,1.538432700758385,0.0,6.691974514952813,0.0621740822466791,0.0722812325545984,1.270235502316721,68.84192849145394,2.452911395642171,0.1146540775105424,10.27536437079387,5.680775056731122,2.4231260296760495,0.0626618662765445,1.4669214353719051,0.0,5.442033291271145,0.0509545971227664,0.0532461760087703,1.2519499820852795,67.27057912495515,2.282900098709077,0.1010880597629553,9.94812934622222,4.945118457826014,2.2546511720158153,0.0524649312074661,1.418086099429517,0.0,4.469093141924866,0.0410940385697113,0.0409156355570219,1.237220747009953,65.6040263679691,2.1498894015002734,2.0,488.0,209.5,105.0,2.0,69.0,0.0,173.0,1.53,1.4799999999999995,61.88,3213.0,102.01333606531318,0.0560224089635854,13.669467787114847,5.868347338935574,2.9411764705882355,0.0560224089635854,1.9327731092436975,0.0,4.84593837535014,0.0428571428571428,0.0414565826330532,1.7333333333333334,2.8575164163953275,1.30718954248366,Tottenham,Everton,2026-05-24T15:00:00Z,38,2.2625728
38,Armando Broja,4.0,1,0.6713781975253578,0.7368591485710255,0.7974005780690301,0.886711191832273,1.7556417034315248,1.7098595237868155,1.6962368721663368,1.692611722456014,,317.0,,331.0,379.0,843.0,52.0,,1.8,0.1,163.0,0.6642460822351484,0.8503413016603888,0.9689575534504042,1.0240871164415382,2.124305557913376,2.0713229961247337,2.007603008399587,1.9103880013024457,0.0172613837641357,3.6648178132046914,3.9042260411352863,1.4844167845779737,0.0109975555425202,0.5831381449907063,0.0,3.500950590785416,0.0298228823801643,0.019573301956287,0.6874047080495546,21.533345496973492,1.4073679810115287,0.0341011902607909,4.387408680799795,3.701878367064676,1.7016283968271328,0.0265064435870586,0.8133473554066378,0.0,6.116449583288614,0.0596993784823822,0.0133280741472716,0.8290459770031042,30.65805522449328,1.6768686461669102,0.0401688753303043,4.53433636199701,3.755955957847187,1.7864335780145986,0.0406130386109152,0.8420222762567436,0.0,7.856536334614787,0.0807036301345956,0.0119970433025709,0.8217682042765111,33.935548694419744,1.7876169201941252,0.0415563494192996,4.761100224646289,3.7986307340227974,1.907326694256732,0.0623154956042485,0.8101404572099643,0.0,9.591118373291968,0.1026140342532209,0.0141634188214094,0.8017616298832515,35.82694522921201,1.8927448619829563,1.0,418.0,290.9,167.0,8.0,60.0,0.0,961.0,10.59,1.5599999999999996,62.77,2999.0,160.97449032474617,0.0300100033344448,12.544181393797931,8.729909969989995,5.011670556852284,0.2400800266755585,1.8006002000666887,0.0,28.839613204401463,0.3178059353117706,0.0468156052017339,1.8837279093031012,4.830844991406187,0.7554296506137866,Burnley,Wolves,2026-05-24T15:00:00Z,38,2.2674956
39,Arnaud Kalimuendo,4.0,1,1.5322076893718972,1.5176230765891512,1.5246329989409293,1.5307653860088308,0.8043382958227075,1.0216501233696416,1.230935744218627,1.342933417719982,,365.0,,406.0,437.0,89.0,60.0,,1.0,0.1,296.0,0.853698818398297,0.956762796982248,1.0344239990826072,1.104557422221152,1.4943901443544405,1.4980614209846148,1.4843846899152122,1.4558028813380437,0.0,2.9651616428570153,1.1818569221061623,1.0,0.0,0.256844991161935,0.0,5.395581026634835,0.0456186379385694,0.0013625227013195,0.1030734230603419,7.893630383783142,1.1866934092722226,0.0,2.8037908241433165,1.5874164922894387,1.0,0.0,0.2970615026005987,0.0,4.7705061098591,0.04736954220462,0.0018314863292905,0.1391020412368966,8.864541323191593,1.1950974020988516,0.0,2.731607832956966,1.7835225031569346,1.0,0.0,0.315879034159073,0.0,4.532815348673156,0.0482173040891128,0.0020403927239185,0.1571188299536748,9.377726284721437,1.199112260527168,0.0,2.6981884740460313,1.877039881070533,1.0,0.0,0.3247971317224992,0.0,4.4288566791444905,0.0485806526865402,0.0021350186950857,0.1658963778106097,9.634441986884278,1.2008481827907729,0.0,24.0,17.7,9.0,0.0,3.0,0.0,39.0,0.44,0.02,1.57,89.0,10.821073147465263,0.0,24.269662921348313,17.89887640449438,9.101123595505618,0.0,3.033707865168539,0.0,39.438202247191015,0.444943820224719,0.0202247191011235,1.5876404494382024,10.942658239009818,0.0,Nottingham Forest,Bournemouth,2026-05-24T15:00:00Z,38,1.6888607
40,Arthur Masuaku,2.0,1,1.0573950106173575,1.221091675632897,1.4163659335031855,1.5678551940989556,1.7569017770351965,1.6540987203742674,1.4778527368431342,1.381497105747743,,256.0,,330.0,320.0,125.0,39.0,,0.3,0.6,303.0,1.0319195073293437,1.0947330005399536,1.129843255199518,1.1480748967704095,0.5776736924277908,0.6277117716232107,0.6485999066067661,0.6579845384746026,0.0,7.014132406063663,7.317262819560227,1.090134996252949,0.0215399369448136,1.0828623942702067,0.0,3.2282900001146673,0.0141141758318573,0.0204068179095728,1.3999524269288397,56.743763988048265,1.1949288952869737,0.0,10.1966922267866,7.929909361113555,1.7642887245930692,0.0372762960212003,1.1002835484728382,0.0,3.5062682317992975,0.0144039069626333,0.0324692161853409,1.4800758039385842,60.670610984593,1.6721758376377496,0.0,11.98678238433485,9.024447977905272,2.1995494493965704,0.0406485590943613,1.1083138158257864,0.0,3.7698491398453817,0.0158998071209002,0.0512974216302975,1.4891174362415711,64.04199599164762,2.053170068853821,0.0,12.887974911258851,9.794970396269104,2.42778544177469,0.0402451752247727,1.1119442152307528,0.0,3.94832328633657,0.0169416340837635,0.0645558021588938,1.4825850826974818,66.09238941462127,2.275729013344504,0.0,358.0,277.8,69.0,1.0,29.0,0.0,108.0,0.47,2.08,38.190000000000005,1776.0,65.29371029848649,0.0,18.14189189189189,14.077702702702704,3.4966216216216215,0.0506756756756756,1.4695945945945943,0.0,5.472972972972974,0.0238175675675675,0.1054054054054054,1.9353040540540545,3.308802886747626,2.127659574468085,Sunderland,Chelsea,2026-05-24T15:00:00Z,38,2.0842376
41,Ashley Barnes,4.0,1,0.6713781975253578,0.7368591485710255,0.7974005780690301,0.886711191832273,1.7556417034315248,1.7098595237868155,1.6962368721663368,1.692611722456014,,473.0,,484.0,507.0,35.0,42.0,2.0,1.0,1.4,418.0,0.9810695367069088,1.04776914346297,1.0787446022237803,1.0821322103338746,1.76051161599945,1.875663714461146,1.901388902417246,1.8472676916929065,0.0,1.2501999996818556,2.4774576122443124,1.0178949501096937,0.0,0.7491676995343957,0.0,2.8237896101254703,0.030138938810549,0.0315685273729981,0.663135331837263,17.97328801403761,1.121230838558675,0.0,1.0196415560240386,4.3044439571794975,1.0487148864577691,0.0,0.8604955897824452,0.0,3.8722520600864634,0.0429451905000052,0.051719874684417,0.7749735204039196,24.771651634873464,1.2695159627084935,0.0,0.9480287537114584,5.367161496769002,1.068818986804361,0.0,0.9282333534223082,0.0,4.40346207222362,0.0493609670268423,0.0623920456617087,0.8506177000759687,28.49335621873625,1.3541233965824644,0.0,0.9244764403050876,5.917450548800584,1.079681915475834,0.0,0.963812268220058,0.0,4.66072950000682,0.0524614198328177,0.0676338894750248,0.8915007827974174,30.352900898439692,1.3972072355371252,0.0,10.0,71.19999999999999,12.0,0.0,11.0,0.0,54.0,0.61,0.8,10.27,354.0,15.841148676421344,0.0,2.542372881355932,18.10169491525423,3.0508474576271185,0.0,2.7966101694915255,0.0,13.728813559322036,0.1550847457627118,0.2033898305084746,2.611016949152542,4.0274106804461045,0.0,Burnley,Wolves,2026-05-24T15:00:00Z,38,1.974209
42,Axel Disasi,2.0,1,1.4873748164371934,1.4101831854236713,1.3542056928734252,1.3172760593840596,0.7915192984902504,1.0407607451397949,1.3223124000649034,1.5182899044580005,,413.0,,360.0,293.0,1164.0,45.0,,3.3,0.2,302.0,0.9107868180919828,1.0951527852122245,1.16085576712912,1.203309571343217,1.3152548847855938,1.4094199807491106,1.5375319051139422,1.6147602101157532,0.0,9.953813757390416,1.512791843583793,2.71768829603064,0.0031936389859281,1.638154584637791,0.0,3.204307693291603,0.0382384065175731,0.0027797303907254,1.419616544660004,86.88182178606611,3.487878558735015,0.0,11.89587519200134,2.616075484949228,2.823393431475748,0.0187063834588346,1.5003334488186588,0.0,4.858527233459599,0.0610286778088916,0.0047890660801986,1.310131638198317,81.81742731247003,3.649380763963165,0.0,13.057061934439782,3.336485204931623,2.708645449810462,0.0360123596980696,1.489421340523,0.0,5.497362618195044,0.0697483889966482,0.0113416474502281,1.2893017777383688,79.0149651846176,3.494681429135519,0.0,13.7412789170116,3.608478389264311,2.640945505803258,0.0462367870419657,1.494244235104592,0.0,5.6732923203731485,0.071209651651559,0.0188033911733578,1.298933788236695,78.83561889743123,3.3837404471445196,0.0,767.0,200.4,139.0,3.0,79.0,0.0,307.0,3.75,1.5799999999999994,69.66,4234.0,175.260698816465,0.0,16.303731695795936,4.259801606046292,2.954652810581011,0.0637694851204534,1.6792631081719416,0.0,6.525743977326406,0.0797118564005668,0.0335852621634388,1.4807274444969294,3.7254281751256144,0.8,West Ham,Leeds United,2026-05-24T15:00:00Z,38,2.8341653
43,Axel Tuanzebe,2.0,1,0.6713781975253578,0.7368591485710255,0.7974005780690301,0.886711191832273,1.7556417034315248,1.7098595237868155,1.6962368721663368,1.692611722456014,,433.0,,359.0,271.0,1111.0,39.0,,2.5,0.9,342.0,0.9851174926304958,0.9787764719265952,1.022008359547608,1.0484439670146557,2.2395555570645613,2.1477716373262017,2.054383025950329,1.939848177190176,0.0,5.427963873246394,0.906062977821993,2.1870047690943197,0.1024014615224968,1.8307996614034956,0.0,5.378380685914584,0.0625657352625018,0.0075418392871935,1.776423454964955,82.57844743921783,2.2926000340619517,0.0,5.436416422801164,1.5672007430474937,2.0299150560846035,0.0732776565696793,1.864250071556407,0.0,4.07516930524242,0.046014744627977,0.0100593407263931,1.8173508506012568,81.44321367946242,2.291391351508808,0.0,5.365008632056943,2.0157145244855825,1.805454641255676,0.0464422475928249,1.7703401306206457,0.0,3.07227526743673,0.0322166963607233,0.0098625139988947,1.7212740117758696,77.82328071923455,2.2176890126277384,0.0,5.39586514611203,2.1605588633615604,1.656124826706349,0.0322717276002604,1.6708467518992964,0.0,2.6623353669979375,0.0256350314770118,0.0088999463688889,1.63720035721121,74.16610838007074,2.141469806851174,0.0,275.0,108.8,75.0,1.0,77.0,0.0,120.0,1.02,0.3699999999999997,77.02,3458.0,101.89821780521822,0.0,7.157316367842684,2.831694621168306,1.9519953730480049,0.0260266049739733,2.004048582995951,0.0,3.1231925968768075,0.0265471370734528,0.0096298438403701,2.004569115095431,2.652064662368317,0.9803921568627452,Burnley,Wolves,2026-05-24T15:00:00Z,38,2.5988185
44,Ayden Heaven,2.0,0,1.518380013408859,1.456497252041452,1.4401174887917136,1.467596997870272,0.9600736833072688,0.9970312171509038,1.1120476617581192,1.2267332376385045,,389.0,,364.0,270.0,920.0,37.0,,2.5,2.5,376.0,1.6735000929012562,1.7366847639833465,1.7086813665971816,1.6378410489484108,1.116665576041464,1.191437761205794,1.2866564808515693,1.383140468768257,0.0071989810598595,10.791108193482922,1.3668933022399063,2.701964229740296,0.0,0.7863034144042056,0.0,0.6862560961102316,0.0133921690249144,0.0045733422405837,0.7831768250465964,59.96799009689453,2.770007255714112,0.0247100537757284,10.325092928031133,1.6066165446970302,2.6112777904976325,0.0,0.756929392885093,0.0,1.2274833027538672,0.0193441355679238,0.0068345296679738,0.709120395867314,55.355406422760275,2.679941806862005,0.0398098832285419,10.170770894246942,1.8583951920964077,2.549323212867002,0.0,0.7612127636588514,0.0,1.497234699273562,0.0211798221179215,0.0080650632341874,0.6781888511725932,53.578188625990386,2.6013524293214347,0.0488931479302465,10.107006759093975,1.9988794799888605,2.5141440359712086,0.0,0.7627435486389353,0.0,1.6143586638198395,0.0216799848008786,0.0086018759349728,0.6636374009006728,52.72258165904806,2.5501852636690643,1.0,211.0,44.9,52.0,0.0,16.0,0.0,36.0,0.46,0.19,13.64,1089.0,52.31782290031237,0.0826446280991735,17.43801652892562,3.710743801652893,4.297520661157025,0.0,1.322314049586777,0.0,2.975206611570248,0.0380165289256198,0.0157024793388429,1.1272727272727272,4.323787016554742,0.0,Manchester Utd,Brighton,2026-05-24T15:00:00Z,38,2.1459994
45,Bafodé Diakité,2.0,0,2.1739274766868766,1.800014640187395,1.4843813892721411,1.3253187290721609,1.2760144320047273,1.197664595650709,1.2623114361549288,1.3267371701590465,,309.0,,281.0,177.0,1275.0,42.0,,2.6,0.3,355.0,1.9713451706861311,1.7600040255252445,1.654778812542788,1.597641245784438,2.0340254580221484,1.951921261266149,1.7543051320805898,1.614511107209986,0.0,4.374902963886372,1.3941537482681403,1.4702086062444066,0.0,1.094588422653752,0.0,0.6034985113647691,0.0006833996740699,0.0062957408038969,0.8775420398872384,41.73864109609594,1.738171263163325,0.0,6.417826361154445,2.159557394409956,1.930125063951201,0.0,1.337320254552728,0.0,0.9420481706559894,0.0010129768039537,0.0087808555768784,1.095696366640345,56.95997770256121,2.220181754483019,0.0,7.721708120862687,2.5956340722187976,2.2308182565742727,0.0,1.4321519760465875,0.0,1.0986014840052911,0.0011005908925908,0.0098155817462974,1.1845648624414111,64.32664644206929,2.51488065749927,0.0,8.412689939852683,2.810840894657415,2.391832382576323,0.0,1.46954332687056,0.0,1.165424478725113,0.0011156170619255,0.0102273334092514,1.21986216635195,67.71443929750522,2.6691027160160044,0.0,164.0,54.3,46.0,0.0,27.0,0.0,22.0,0.02,0.19,22.47,1275.0,50.832875371229335,0.0,11.576470588235294,3.832941176470588,3.247058823529412,0.0,1.9058823529411764,0.0,1.552941176470588,0.0014117647058823,0.0134117647058823,1.5861176470588234,3.5882029673808944,0.0,Bournemouth,Nottingham Forest,2026-05-24T15:00:00Z,38,1.7678632
46,Bart Verbruggen,1.0,1,1.840832047565444,1.809043192946828,1.7503560523911208,1.6644300751948404,1.22773277493323,1.230558127920629,1.293397159421104,1.3794963287296922,,440.0,,167.0,12.0,3330.0,46.0,,3.5,9.5,766.0,1.8979750167610736,1.6183302800534345,1.5159138462337038,1.5053512875565596,0.950092104134086,0.996701352389878,1.117944961587651,1.2325660053177352,0.0,15.024589249560393,0.0008398581889865,4.178497961098616,0.0,0.9600564721131838,2.2212594756146293,0.0,0.0,0.0015698877744096,1.0212364668681393,90.0,4.729155689732242,0.0,16.098035435644245,0.0302328733266898,4.04469821146728,0.0,1.0000120906473533,2.5333926655521752,0.0,0.0,0.0018754316218792,1.1308843275222609,90.0,4.7661098620320566,0.0,15.711400278647844,0.1238014933332778,3.713236249195164,0.0,1.1320420545885015,2.6450705779356674,0.0,0.0,0.0016394341889175,1.2397786421276202,90.0,4.529848135942621,0.0,15.025186512318808,0.1966450524878065,3.4493049082351557,0.0,1.25290487292685,2.657942345357452,0.0,0.0,0.0012639623792465,1.313995763443097,90.0,4.254402796785917,0.0,1349.0,21.0,295.0,0.0,126.0,246.0,0.0,0.0,0.0699999999999999,128.35,8280.0,361.47238815525793,0.0,14.66304347826087,0.2282608695652173,3.2065217391304346,0.0,1.3695652173913044,2.6739130434782608,0.0,0.0,0.0007608695652173,1.395108695652174,3.92904769733976,,Brighton,Manchester Utd,2026-05-24T15:00:00Z,38,3.3609123
47,Bashir Humphreys,2.0,1,0.6713781975253578,0.7368591485710255,0.7974005780690301,0.886711191832273,1.7556417034315248,1.7098595237868155,1.6962368721663368,1.692611722456014,,263.0,,264.0,199.0,1484.0,39.0,,2.4,0.1,279.0,0.9851174926304958,0.9787764719265952,1.022008359547608,1.0484439670146557,2.2395555570645613,2.1477716373262017,2.054383025950329,1.939848177190176,0.0361607702426568,8.03462608815973,6.843906185774328,1.5988053711422978,0.0,1.5153430595041029,0.0,6.8885774696255195,0.0224988661989496,0.0219116666003899,1.615590786724418,68.14145378737012,2.113062726390968,0.0712426696173866,9.24641322545473,7.328354318143753,1.9534558508884228,0.0,1.641932945472847,0.0,6.177938075818895,0.0223285119369046,0.0303429984370171,1.7412948243175193,75.11037252852309,2.3176058792339536,0.0897720113207217,9.904053731393423,7.262220943773181,2.1602224660567018,0.0,1.6763342877589456,0.0,5.7001395739513265,0.0221231509773367,0.0335217718829061,1.7604476773137696,77.2356927501997,2.407679428759409,0.0980594939270178,10.223937037099468,7.14373166995857,2.2653165324373092,0.0,1.6836200891470594,0.0,5.453126724751759,0.0220795384200442,0.0345899644664229,1.7579456946857717,77.83250588166283,2.4495037743409416,2.0,200.0,132.5,45.0,0.0,32.0,0.0,99.0,0.42,0.67,33.21,1484.0,47.29414458160934,0.1212938005390835,12.129380053908354,8.035714285714286,2.72911051212938,0.0,1.940700808625337,0.0,6.0040431266846355,0.0254716981132075,0.0406334231805929,2.014083557951482,2.8682432697741516,0.0,Burnley,Wolves,2026-05-24T15:00:00Z,38,2.4522822
48,Ben Davies,2.0,1,1.6283071946132468,1.5057146814462412,1.3634947000475075,1.2786717611892149,2.0676488183511657,1.6928646449335476,1.4536958060334333,1.368632576429858,,367.0,,364.0,359.0,136.0,43.0,,3.3,0.1,286.0,1.16207905992945,1.253800330319899,1.3745967527641243,1.489657870917539,1.5084246472985203,1.473742058272932,1.490498217482095,1.5102590493824042,0.0,6.598782921317993,4.662143004932012,1.9480251962143356,0.160977907099827,1.4817621805744705,0.0,9.405468030360003,0.0851168872391299,0.0224426082662454,0.9786940366526348,58.78886181541601,2.065149663406566,0.0,8.079050977983469,4.138181121188617,1.8476421746631673,0.0997977540866663,1.5407617529220454,0.0,7.380612709625104,0.0693712583457034,0.028021566877972,1.217151853636336,67.27881709939268,2.167371341020058,0.0,9.401112292357926,3.991263477641854,1.8772711091217975,0.0724103811173118,1.4955183515759267,0.0,6.584852271469407,0.0712982454536672,0.0303620915872649,1.3184359731778392,69.63787302700082,2.244323858892071,0.0,10.02220151769544,3.911194207403216,1.892959738915443,0.0614839782878342,1.4503751420090516,0.0,6.245804109631105,0.0756758674814073,0.0306213680786455,1.3494700007726164,69.37584202658819,2.272292787437555,0.0,398.0,144.4,72.0,2.0,53.0,0.0,225.0,3.0999999999999996,1.1399999999999997,51.73,2580.0,86.74117301719241,0.0,13.883720930232558,5.037209302325581,2.511627906976744,0.0697674418604651,1.8488372093023255,0.0,7.848837209302326,0.1081395348837209,0.039767441860465,1.80453488372093,3.0258548726927588,0.6451612903225807,Tottenham,Everton,2026-05-24T15:00:00Z,38,2.1983044
49,Ben Gannon-Doak,3.0,0,2.1739274766868766,1.800014640187395,1.4843813892721411,1.3253187290721609,1.2760144320047273,1.197664595650709,1.2623114361549288,1.3267371701590465,,413.0,,450.0,449.0,72.0,48.0,,1.4,0.0,401.0,1.5394681433044872,1.4878231452918107,1.5066338642079995,1.521140229505323,1.180348234028727,1.2642663282037356,1.3774592870926032,1.4238430649374918,0.0829270662930629,3.610161804959427,1.7588425843442763,1.2487811988791888,0.0,0.1036588328663287,0.0,1.975348633808977,0.0059707487731005,0.009591033510957,0.5757318475567288,8.797589932135859,1.0599531180203146,0.1131850663720418,3.875813657231479,2.04876091401412,1.3395551991161256,0.0,0.1257611848578243,0.0,2.207609078803633,0.0091679903761353,0.0120173351471363,0.5788569801482875,9.550600140194678,1.0836483530650487,0.1282526688716007,4.011230040476111,2.197050676899301,1.3847580066148018,0.0,0.135002809338527,0.0,2.3196989587871686,0.0109656031885218,0.0131805467872759,0.5792044561327772,9.92271668247562,1.0963402631852976,0.1356296315483598,4.077740952130173,2.2704555194698184,1.4068888946450795,0.0,0.1391073144085742,0.0,2.3745604308575707,0.0119015001683685,0.0137413064372274,0.5790146839734328,10.105605071680118,1.1028068963307385,1.0,29.0,16.4,10.0,0.0,1.0,0.0,17.0,0.09,0.1,4.05,72.0,7.765247484509324,1.25,36.25,20.499999999999996,12.5,0.0,1.25,0.0,21.25,0.1125,0.125,5.062499999999999,9.706559355636657,0.0,Bournemouth,Nottingham Forest,2026-05-24T15:00:00Z,38,1.5507269
50,Ben Winterburn,3.0,0,2.1739274766868766,1.800014640187395,1.4843813892721411,1.3253187290721609,1.2760144320047273,1.197664595650709,1.2623114361549288,1.3267371701590465,,437.0,,443.0,432.0,6.0,45.0,,1.0,0.1,414.0,1.2194855202257986,1.3796506659797902,1.5159161523575726,1.5272113763451012,1.1043938259871164,1.2124112092828694,1.2843055565322508,1.3599016731629603,0.0,3.380771061399334,0.0380771061399333,1.0,0.0,0.5949547834364587,0.0,0.3807710613993336,0.0,0.0,0.1226796763445977,5.43455497382199,1.0001513699470832,0.0,3.395594735171302,0.0395594735171302,1.0,0.0,0.4883885619398793,0.0,0.3955947351713023,0.0,0.0,0.1073478059143854,5.518253522502502,1.0001523337862162,0.0,3.398949580122144,0.0398949580122143,1.0,0.0,0.442049396257223,0.0,0.3989495801221437,0.0,0.0,0.100433622829641,5.55952816752567,1.0001525519191097,0.0,3.3997437211728405,0.0399743721172841,1.0,0.0,0.4205062155664337,0.0,0.399743721172841,0.0,0.0,0.0971579611066245,5.579878317656473,1.0001526035543675,0.0,17.0,0.2,5.0,0.0,2.0,0.0,2.0,0.0,0.0,0.47,28.0,5.0007631010884195,0.0,54.64285714285714,0.6428571428571429,16.071428571428573,0.0,6.428571428571428,0.0,6.428571428571428,0.0,0.0,1.5107142857142857,16.073881396355635,,Bournemouth,Nottingham Forest,2026-05-24T15:00:00Z,38,1.4575937
51,Bendito Mantato,3.0,0,1.518380013408859,1.456497252041452,1.4401174887917136,1.467596997870272,0.9600736833072688,0.9970312171509038,1.1120476617581192,1.2267332376385045,,373.0,,442.0,452.0,15.0,45.0,,1.0,0.0,667.0,1.921549924310323,1.833877562959355,1.674023596588206,1.584504256011092,1.4835326822282455,1.49452182129456,1.492765362522554,1.512764540645054,0.0,3.0,11.7,1.0,0.0,0.0,0.0,0.0,0.0,0.01,0.05,15.0,1.0301266121134065,0.0,3.0,11.7,1.0,0.0,0.0,0.0,0.0,0.0,0.01,0.05,15.0,1.0301266121134065,0.0,3.0,11.7,1.0,0.0,0.0,0.0,0.0,0.0,0.01,0.05,15.0,1.0301266121134065,0.0,3.0,11.7,1.0,0.0,0.0,0.0,0.0,0.0,0.01,0.05,15.0,1.0301266121134065,0.0,3.0,11.7,1.0,0.0,0.0,0.0,0.0,0.0,0.01,0.05,15.0,1.0301266121134065,0.0,18.0,70.19999999999999,6.0,0.0,0.0,0.0,0.0,0.0,0.06,0.3,6.180759672680438,,Manchester Utd,Brighton,2026-05-24T15:00:00Z,38,1.5426713
52,Benjamin Sesko,4.0,0,1.518380013408859,1.456497252041452,1.4401174887917136,1.467596997870272,0.9600736833072688,0.9970312171509038,1.1120476617581192,1.2267332376385045,,227.0,,54.0,124.0,1630.0,73.0,,3.7,5.8,8.0,1.6735000929012562,1.7366847639833465,1.7086813665971816,1.6378410489484108,1.116665576041464,1.191437761205794,1.2866564808515693,1.383140468768257,0.0054543062133153,19.09620697567088,3.8545579647095134,4.377106901659556,0.569877658627921,0.7116689284847683,0.0,29.093732417415787,0.4635692179063986,0.0105024401318623,1.007147906693201,58.98339350076597,4.018337669586441,0.0271001700403154,17.234814044496684,3.8398841842790583,4.195714492761496,0.4988732326682274,0.8457196768307106,0.0,28.444402737683458,0.3853490645095126,0.0085272162920694,0.9553973785970308,55.85512546803779,3.6470801338148258,0.0469704838279494,15.58100241833342,4.3264196554919705,3.997406553655768,0.439964306119928,0.9280424572705452,0.0,27.935467176624687,0.3470605092504361,0.0083537364268975,0.9232140155181024,54.888303873797334,3.4343572518483607,0.0573940718800557,14.57156591184242,4.7258219222701525,3.8592104819003823,0.4043218895351156,0.9669281921966352,0.0,27.44500281101537,0.327171017434063,0.0086860081720472,0.9108084263498546,54.58582140539955,3.3163845976266577,2.0,405.0,156.1,111.0,11.0,30.0,0.0,803.0,9.21,0.28,27.05,1630.0,95.79745352801864,0.1104294478527607,22.36196319018405,8.619018404907974,6.128834355828221,0.6073619631901841,1.6564417177914113,0.0,44.33742331288344,0.5085276073619632,0.0154601226993865,1.493558282208589,5.289429949399802,1.1943539630836046,Manchester Utd,Brighton,2026-05-24T15:00:00Z,38,3.1919904
53,Benjamin White,2.0,0,1.0829318651843192,1.067014294422874,1.145889565874812,1.235301562856742,1.967837344196661,1.6830638340953552,1.4810949370442836,1.36834061592233,,256.0,,347.0,338.0,699.0,51.0,,3.8,0.6,339.0,1.8293144022395371,1.8700641230758073,1.8574303079968928,1.8279216309934576,0.7277655525419175,0.8042712697858958,0.8141099328913433,0.8267693110316081,0.023059471280183,13.430640604792924,9.124684570764916,3.2300114148424983,0.0002804979165322,0.3848238740209591,0.0,3.226260868254868,0.0162881517062505,0.0562370623055506,0.5613842013025485,56.651724614985554,3.6505647067132663,0.0485915262439961,14.14662070020382,10.836925588521163,3.4421789362041433,0.0078658989542153,0.53537680823698,0.0,4.675608447164466,0.0271390175110155,0.0696595107060452,0.7217399697424548,61.16193718103513,3.749893184833085,0.065131086657997,15.33948850635602,11.995038348800938,3.786963432007873,0.0282082112993263,0.6037678902553487,0.0,5.465672807610096,0.0313273042852758,0.0768567902218376,0.7808393592573086,66.35722988937037,3.858875767761328,0.0740767862044482,16.441159381470285,12.701740640912968,4.051296507811687,0.0448029917048454,0.6388266409127383,0.0,5.746711506078714,0.032405438948338,0.0810705144330139,0.7828514218064556,70.09714234706159,3.979107212952992,1.0,1168.0,885.4,283.0,4.0,45.0,0.0,388.0,2.1799999999999993,5.649999999999999,50.51,4881.0,272.83637354608226,0.018438844499078,21.536570374923173,16.325752919483712,5.21819299323909,0.0737553779963122,0.8297480024585127,0.0,7.154271665642287,0.0401966810079901,0.104179471419791,0.9313460356484328,5.030787465508585,1.8348623853211017,Arsenal,Crystal Palace,2026-05-24T15:00:00Z,38,3.366883
54,Benoît Badiashile Mukinayi,2.0,0,1.2993027530090575,1.1556816927460971,1.0987727083015113,1.0838528074355682,1.4810645035741192,1.4785520139318924,1.401222411431172,1.340576268058851,,421.0,,395.0,322.0,470.0,44.0,,0.9,0.0,430.0,1.7799295004460216,1.6634672211066488,1.670527421215555,1.7133790911333495,1.1171803426913298,1.115272950138399,1.134014169895238,1.204160846662789,0.0,7.421223111209545,0.9733248433505904,1.2122711011446097,0.0,1.3704493231084411,0.0,0.3845100880066689,0.0,0.0080465657096979,0.9560560646469122,64.96303781426009,2.035985298569571,0.0,6.760930446164478,0.9883054266287284,1.0538715602309745,0.0,1.3057709635998305,0.0,0.3160485281277659,0.0,0.0077622958284807,0.9411824358699346,62.25552525254954,1.816066725226956,0.0,6.388517872286333,0.9897937755805032,0.9654670394020348,0.0,1.2765090176295455,0.0,0.2822512381361694,0.0,0.0076281127237108,0.933392444374524,60.57086996543997,1.6961445517725804,0.0,6.195735651881064,0.989097919825394,0.920323490678428,0.0,1.26288435109399,0.0,0.2658875351585115,0.0,0.0075632804996798,0.9297084072122174,59.67362367816849,1.6355357805479087,0.0,48.0,7.9,7.0,0.0,10.0,0.0,2.0,0.0,0.06,7.41,470.0,12.600756325853435,0.0,9.191489361702128,1.5127659574468084,1.3404255319148937,0.0,1.9148936170212765,0.0,0.3829787234042553,0.0,0.0114893617021276,1.418936170212766,2.412910785801722,,Chelsea,Sunderland,2026-05-24T15:00:00Z,38,1.9739734
55,Bernardo Mota Veiga de Carvalho e Silva,3.0,1,1.939727876476741,1.639347092096446,1.5294458207117694,1.492088522256452,1.7928720239433336,1.6074334490457554,1.4533604505952842,1.39252795828722,1.0,14.0,,42.0,122.0,2811.0,62.0,,2.7,0.7,97.0,2.359633227901898,2.14589609158091,2.0509452912077135,2.0153983924474415,0.7200751135338337,0.8134062180797018,0.897141860619187,0.9629522605076414,0.0205277665826951,15.302607624668342,27.03530770305871,3.724392034553319,0.0557013962564399,0.7755401271833607,0.0,11.962218616550864,0.1102172106722698,0.1108311415237232,0.9343919879001068,78.67093966261109,3.5341399335492985,0.0590439981690762,15.938882175569526,26.84987811457062,3.5407515181218376,0.0776469796102048,0.8150667259743348,0.0,12.43646694039596,0.106293130049511,0.1177941164209141,0.985656298179912,80.54153301599203,3.490612756155679,0.0851985919462411,15.374753109069571,24.775244542125723,3.2615951543572397,0.0728551454477453,0.818949562846125,0.0,11.051850522271373,0.0916304406963774,0.1145290379476031,0.9871137243684088,79.48017991428593,3.288281395717552,0.0975376218033937,14.812170584489124,23.30110138753601,3.0803255040557547,0.0647746858535895,0.8074153139756237,0.0,9.902900727855368,0.080642680899853,0.1119335034958753,0.9736905654782084,78.02323117861522,3.142953792350799,4.0,523.0,805.8,107.0,2.0,29.0,0.0,318.0,2.53,4.07,35.14,2811.0,110.52328430747684,0.128068303094984,16.74493062966916,25.799359658484523,3.425827107790822,0.064034151547492,0.928495197438634,0.0,10.181430096051228,0.0810032017075773,0.1303094983991462,1.1250800426894343,3.5386323684357572,0.790513833992095,Manchester City,Aston Villa,2026-05-24T15:00:00Z,38,3.458392
56,Bernd Leno,1.0,1,1.6620557277442751,1.5440588498851775,1.534118610447418,1.5880412252299128,1.3077202764151454,1.442787751239562,1.4348180560487755,1.3914490500458117,,801.0,,198.0,29.0,3330.0,50.0,,3.1,2.3,797.0,0.5973474573554457,0.9155760777681654,1.1129563610472974,1.2066197953055773,1.2169076202577118,1.27491446415943,1.336375701205069,1.378016534811399,0.0,17.75897206900731,2.3478743393597885e-05,3.736988232369288,0.0,1.173544948742257,2.902528138583648,6.012269011903331e-13,0.0,0.0016002671311495,1.482963746246433,89.99999999999923,4.46548506128387,0.0,16.306688842049823,0.005498199899364,3.5158696214312486,0.0,1.250603154511268,2.732211698194966,5.231381051912873e-07,0.0,0.000916500046743,1.4645040727023926,89.9999980745936,4.262690706920938,0.0,14.975096832804429,0.0526994674464092,3.2759377574502935,0.0,1.3421161786492648,2.685631487400584,0.0001916701453725,0.0,0.0005717169227211,1.4355736527193654,89.99885254629567,4.053243231179286,0.0,14.72917735365724,0.1177655782760665,3.1881420468088137,0.0,1.3980707104790888,2.764560317720858,0.0023371636452836,0.0,0.0004365359114204,1.41415397823413,89.9823532405876,3.9243904263859792,0.0,2342.0,20.1,486.0,0.0,207.0,428.0,2.0,0.0,0.0399999999999999,209.01,13301.0,555.3626174660614,0.0,15.846928802345689,0.1360048116682956,3.288474550785655,0.0,1.4006465679272235,2.896022855424404,0.0135328170814224,0.0,0.0002706563416284,1.414247049094053,3.7578103580140985,,Fulham,Newcastle Utd,2026-05-24T15:00:00Z,38,3.3402898
57,Bertrand Traoré,3.0,1,1.0573950106173575,1.221091675632897,1.4163659335031855,1.5678551940989556,1.7569017770351965,1.6540987203742674,1.4778527368431342,1.381497105747743,,253.0,,305.0,345.0,634.0,55.0,,2.5,0.0,206.0,0.9051889420593724,0.9425043109644322,0.9813640217747904,1.006965441593019,1.6320635763905231,1.469882085349043,1.3472239702738185,1.2806105991019685,0.0360304238752859,7.721937214569912,6.943346041797975,2.277498814772497,0.08568862560901,0.5643356911348719,0.0,6.868463506795052,0.0187058955213473,0.015365601397618,0.6338489980479307,42.48169854168117,1.94994997530552,0.0599895385728348,8.620601500983394,7.626388481935804,2.368128947663138,0.0850716692011085,0.6363534591496247,0.0,8.662234733535449,0.0271733718152365,0.0174463129771053,0.7090301551118742,45.99520602113304,2.0453264780367144,0.0721674090393318,8.825862519311777,7.7564435248602335,2.3470919684204175,0.0794911644754192,0.6478393330297124,0.0,9.273127047582284,0.0310583758053502,0.0178759150786944,0.7345426818846151,46.450731517420806,2.0504081471111752,0.0779242984399192,8.862357579074978,7.766777883056256,2.320922805817408,0.0757008874554327,0.6472873208334717,0.0,9.48859241429243,0.0327697496889088,0.0179210166630941,0.7437889039044322,46.333458554482334,2.0420001849991256,1.0,124.0,108.4,32.0,1.0,9.0,0.0,135.0,0.48,0.25,10.51,644.0,28.37653089070611,0.139751552795031,17.32919254658385,15.149068322981366,4.472049689440993,0.139751552795031,1.2577639751552796,0.0,18.866459627329192,0.0670807453416149,0.0349378881987577,1.4687888198757766,3.965664254912345,2.0833333333333335,Sunderland,Chelsea,2026-05-24T15:00:00Z,38,2.1362758
58,Borna Sosa,2.0,1,1.5307612174333038,1.704751939684622,1.7738301193564938,1.7869121026055728,0.4657699536268272,0.6514597285203065,0.7347335178883116,0.7858168606284246,4.0,396.0,,460.0,466.0,99.0,48.0,,0.9,0.1,427.0,1.0528926549814426,1.0828367871149776,1.18239482181189,1.2657823836726017,0.8510661138814086,1.076282128521164,1.159966455711115,1.2028945818624286,0.0,0.8721595050290731,4.124844106833385,0.7469266775724398,0.0,0.3360003887206232,0.0,1.3440015548824928,0.0101229328971024,0.0075063572018593,0.0947336453896114,18.01268201033349,0.6716089720199877,0.0,1.1218148789991855,3.718761494804229,0.8083200962386461,0.0,0.3048649701333957,0.0,1.219459880533583,0.0076671961504541,0.008707903019936,0.112154096841671,15.876614687549296,0.740293705717741,0.0,1.213085211082232,3.5664900166424243,0.8342519663433804,0.0,0.2940007025282203,0.0,1.1760028101128812,0.0066299213462647,0.0093526404688622,0.1205851565472437,14.96107994281206,0.769772220942596,0.0,1.2515465790551918,3.501355802982277,0.8460670815093403,0.0,0.2895625500390195,0.0,1.1582502001560782,0.0061573167396263,0.0096771070778081,0.1246435582733032,14.540139106114063,0.7833150776153321,0.0,9.0,24.1,6.0,0.0,2.0,0.0,8.0,0.04,0.07,0.9,99.0,5.572573160248067,0.0,8.181818181818182,21.90909090909091,5.454545454545455,0.0,1.8181818181818183,0.0,7.272727272727273,0.0363636363636363,0.0636363636363636,0.8181818181818181,5.065975600225515,0.0,Crystal Palace,Arsenal,2026-05-24T15:00:00Z,38,1.5047351
59,Boubacar Kamara,3.0,0,2.0877065823215184,2.0313064824181177,1.9983975655290631,1.9899321472113032,0.7760600908270671,0.8320655962724971,0.902284812718804,0.9638814197680602,,81.0,,115.0,104.0,1410.0,49.0,,3.4,0.4,239.0,2.139000861817157,1.9154797536153183,1.7027935637893006,1.586024342413061,1.6072193451946548,1.405368318864674,1.3348538461873956,1.346998822524329,0.0851010346472308,14.688466365195351,16.619664898021433,3.354048850981077,0.0448253496623425,0.8483361617317206,0.0,5.361435008721417,0.0491548377045864,0.0551313109578298,1.340759503809155,84.02064540307343,3.4257222026729157,0.1236099639510652,14.984580531900209,13.820813498756817,3.372325796856821,0.0613728165890636,0.8460440712751497,0.0,4.689680620446615,0.0410040997773752,0.0491771629327168,1.2200389156605782,80.74212264319544,3.1727066174739265,0.1451937483370638,14.233483334461896,12.031314095529002,3.0692309549336847,0.0552318687631498,0.8371306929237136,0.0,4.104366446508109,0.0341662493835621,0.0473152758812009,1.124638715834798,77.10168763631641,2.8454671603044788,0.1560524927769699,13.436022838658996,11.21657601265335,2.76548169678731,0.0436214871722983,0.8650865885531018,0.0,3.5945212256215795,0.028181249647571,0.0479398806491114,1.0964032131562662,75.32041316950513,2.5978329221576413,3.0,889.0,761.5,174.0,2.0,66.0,0.0,210.0,1.4799999999999998,3.6499999999999986,80.28,5363.0,165.82956944493893,0.0503449561812418,14.918888681708,12.779228044005222,2.9200074585120266,0.0335633041208278,1.1075890359873206,0.0,3.524146932686929,0.0248368450494126,0.0612530300205108,1.3472310274100316,2.7828941357532173,1.3513513513513515,Aston Villa,Manchester City,2026-05-24T15:00:00Z,38,2.204391
60,Bradley Burrowes,3.0,0,2.0877065823215184,2.0313064824181177,1.9983975655290631,1.9899321472113032,0.7760600908270671,0.8320655962724971,0.902284812718804,0.9638814197680602,,334.0,,618.0,617.0,16.0,45.0,,1.0,0.1,582.0,0.8406902673366997,1.1550063161090462,1.3224368492579424,1.4057585464315985,1.0863566872525492,1.2114060355478922,1.310274871534863,1.367433674013056,0.0,3.0,0.3,1.0,0.0,1.0,0.0,0.0,0.0,0.0,0.9,16.0,1.0001266121134065,0.0,3.0,0.3,1.0,0.0,1.0,0.0,0.0,0.0,0.0,0.9,16.0,1.0001266121134065,0.0,3.0,0.3,1.0,0.0,1.0,0.0,0.0,0.0,0.0,0.9,16.0,1.0001266121134065,0.0,3.0,0.3,1.0,0.0,1.0,0.0,0.0,0.0,0.0,0.9,16.0,1.0001266121134065,0.0,3.0,0.3,1.0,0.0,1.0,0.0,0.0,0.0,0.0,0.9,16.0,1.0001266121134065,0.0,16.875,1.6875,5.625,0.0,5.625,0.0,0.0,0.0,0.0,5.0625,5.62571219313791,,Aston Villa,Manchester City,2026-05-24T15:00:00Z,38,1.380649
61,Brajan Gruda,3.0,1,1.840832047565444,1.809043192946828,1.7503560523911208,1.6644300751948404,1.22773277493323,1.230558127920629,1.293397159421104,1.3794963287296922,2.0,100.0,6.0,189.0,276.0,708.0,54.0,,1.9,0.1,132.0,1.3501209228338915,1.442277930273112,1.5007451166162926,1.5248990966393223,1.167384924234447,1.276256886057548,1.342179056908115,1.3740521623899424,0.0139960253249525,7.350055628647416,16.142064089264192,1.7459920746108284,0.0093442700101423,0.5761946385280977,0.0,7.804723355154108,0.0365528865967084,0.0495604982725063,0.9719537286419458,48.80732147927238,2.061316357807545,0.033230704053703,7.239912234691778,15.218045392607465,1.9212691631513723,0.0332935656649626,0.6307177569314205,0.0,8.262077418664639,0.0647818135240171,0.0619428171877235,0.8766129408190516,43.993867493224414,2.1181417809149563,0.0448219080354169,7.484030210770548,14.541848995062985,2.039197282074698,0.0475167284080297,0.6504484219010491,0.0,8.661304349122855,0.0777283219765114,0.0697926102552867,0.7862424006231191,39.966694069669465,2.132227639202171,0.0504084814718381,7.528094508552352,14.094689414061602,2.065363589207095,0.051267047259278,0.6587829519133019,0.0,8.748647615831429,0.0796000578183932,0.0720039469253634,0.7328591862460982,37.71463110676396,2.106650733028947,1.0,290.0,528.7,80.0,2.0,26.0,0.0,339.0,3.01,2.8099999999999996,26.48,1384.0,79.9935510126171,0.065028901734104,18.858381502890172,34.38078034682081,5.202312138728324,0.130057803468208,1.6907514450867054,0.0,22.044797687861273,0.1957369942196531,0.1827312138728323,1.7219653179190753,5.201892768161517,0.6644518272425249,Brighton,Manchester Utd,2026-05-24T15:00:00Z,38,2.1831508
62,Brenden Aaronson,3.0,0,0.9286294544735864,1.0856375066906117,1.1528129081947445,1.198210556571093,1.6522039078284754,1.568477982680725,1.610655951538412,1.6495020971055678,,62.0,2.0,62.0,139.0,2359.0,54.0,,3.5,0.9,57.0,1.609218520546492,1.4557591011541449,1.3728565942724111,1.3255979439912915,0.9893991231128136,1.1564008437632494,1.3919395085176185,1.558113373678318,0.1554829950682431,9.311790513570571,12.733317503528465,2.817739384372907,0.0162470535973791,0.4977971623288499,0.0,6.795794427190267,0.0417248138500519,0.0526353493411828,1.0545353344490804,62.304395757648344,2.2471695948117745,0.1803644381864727,10.459479561692678,12.988730891738117,3.2178032503375045,0.0601357397836425,0.6797575550216677,0.0,9.942299975037372,0.0770920750488446,0.0620701080651748,1.0274107085526578,65.43892932038558,2.6956519213734413,0.1998065230976592,11.200253727456207,13.802973225106888,3.3503665932331583,0.0864890377329778,0.8758265432250255,0.0,12.218085443011836,0.0975199229304622,0.0736271193120494,1.016477740183848,65.02014001697114,2.933715679239334,0.2114073938452302,11.455439274682837,14.6331772740207,3.320427545906635,0.0926270573732332,1.0169776635501289,0.0,13.432527276572324,0.1050367985948285,0.0796344789844753,1.00664263231252,63.60266586647703,3.0090351267909896,8.0,507.0,694.5,144.0,4.0,52.0,0.0,641.0,4.9,3.79,44.75000000000001,2764.0,133.58332927804827,0.260492040520984,16.508683068017366,22.613965267727927,4.688856729377713,0.130246020260492,1.693198263386397,0.0,20.87192474674385,0.1595513748191027,0.1234081041968162,1.457127351664255,4.349674252903164,0.8163265306122448,Leeds United,West Ham,2026-05-24T15:00:00Z,38,3.213775
63,Brennan Johnson,3.0,1,1.5307612174333038,1.704751939684622,1.7738301193564938,1.7869121026055728,0.4657699536268272,0.6514597285203065,0.7347335178883116,0.7858168606284246,1.0,130.0,3.0,211.0,287.0,1710.0,65.0,,1.9,2.4,149.0,0.8536648314803988,0.9633492160206902,1.1009359698913324,1.2156295095884035,1.959796680245826,1.6478487045487895,1.45378389198278,1.3520910246488829,0.0268571637999245,5.57826938029404,11.92332800266109,1.9899186611911304,0.0003814133376684,1.3905648141053764,0.0,4.683323263097214,0.0547583516453244,0.0549811251551152,1.1192818207924464,63.41537293456496,2.0828841395968856,0.0398504017044749,5.7809106237011365,11.33099873890156,1.9372179060122616,0.0139050130877631,1.12463777180504,0.0,5.916245581057312,0.067624200549884,0.0520589810022609,0.9990559347694324,58.87960225623583,2.1125176705664503,0.0381888154306525,7.021133287616463,10.237314772225387,2.222219578367783,0.0674802715493762,0.9868006986943556,0.0,8.40593889607293,0.1007515735013867,0.0504480527062688,0.9627910649617974,56.18151844748752,2.304343141687325,0.0344882621032439,8.635243596381402,10.17524072778927,2.681060995442527,0.1263297599207111,0.9720180048896436,0.0,11.9996983100807,0.1512460120113568,0.0562894760055504,1.00055475243886,56.92476110178457,2.647848522739197,1.0,1036.0,1112.2,323.0,18.0,101.0,0.0,1705.0,21.72,6.989999999999998,107.29,5928.0,309.9603692876641,0.0151821862348178,15.728744939271255,16.885627530364374,4.903846153846154,0.2732793522267207,1.5334008097165992,0.0,25.88562753036437,0.3297570850202429,0.1061234817813764,1.6288967611336032,4.705876051938221,0.8287292817679558,Crystal Palace,Arsenal,2026-05-24T15:00:00Z,38,2.0846689
64,Brian Brobbey,4.0,1,1.0573950106173575,1.221091675632897,1.4163659335031855,1.5678551940989556,1.7569017770351965,1.6540987203742674,1.4778527368431342,1.381497105747743,,200.0,,133.0,219.0,1860.0,53.0,,2.9,0.9,50.0,0.8739904195180044,0.946034418834362,0.9799623012717682,1.0016999219902454,1.6013696707264908,1.5329499585552229,1.426295372575658,1.3551781333246342,0.0006052121261305,11.09734130511386,12.239503546685164,3.258520491681657,0.2869801630995787,1.413370053296929,0.0,25.499672449602897,0.23686818048405,0.0396405150161463,1.076138436874092,81.51955668412015,3.154112965123686,0.0067470992410527,10.30570097803548,10.278455477985723,3.111535533968948,0.2560744719406571,1.3397081902432042,0.0,23.13192880799227,0.2264310961524278,0.0332829270978972,1.1427752399841464,77.36230562813358,2.9978704704215224,0.0167769990653444,10.162114293492918,8.594303733283835,3.033452391985702,0.2462311407459361,1.1878341388884073,0.0,20.515377951077745,0.2046173351856304,0.0280427979727011,1.110433759137622,71.23939356932033,2.8289970117216594,0.0243250612517423,10.082387690984136,7.6293196192485855,2.974955843697791,0.2404649607922568,1.0830948042256716,0.0,18.858440856025364,0.1887027243152809,0.0250454368569077,1.0715114818035798,66.93054601717854,2.708728886024857,1.0,299.0,199.5,87.0,7.0,29.0,0.0,512.0,5.11,0.66,30.59,1860.0,77.0307595800252,0.0483870967741935,14.467741935483872,9.653225806451612,4.209677419354839,0.3387096774193548,1.4032258064516128,0.0,24.774193548387096,0.247258064516129,0.0319354838709677,1.4801612903225807,3.727294818388316,1.36986301369863,Sunderland,Chelsea,2026-05-24T15:00:00Z,38,3.1757374
65,Bruno Borges Fernandes,3.0,0,1.518380013408859,1.456497252041452,1.4401174887917136,1.467596997870272,0.9600736833072688,0.9970312171509038,1.1120476617581192,1.2267332376385045,1.0,1.0,1.0,1.0,1.0,2975.0,104.0,1.0,6.5,47.8,34.0,1.5510400594568043,1.6767146588237771,1.6845847107711722,1.6300722140718211,1.0346659686665372,1.1450645865745794,1.256207192705972,1.3635337208812568,1.031448623821798,29.58258398484989,72.51464139334553,6.545997532137155,0.1029370683661598,1.2298639058651506,0.0,19.238924862779225,0.1737498033139566,0.528247351142798,1.4521679158632568,89.61990998247066,6.061191773677596,0.921311402524858,29.48913146475301,65.95909414835857,6.762619139594833,0.1757066839882176,1.2385197338408398,0.0,17.89755258325902,0.2260761833695013,0.4604379484965399,1.3501994196536409,88.45071403979836,6.153477630115316,0.8186097741748248,28.232933117810106,58.59035329458175,6.471567430185016,0.2151166580142545,1.2898596406352136,0.0,17.424554862264483,0.2631290014653614,0.3883458632712453,1.304697539390378,87.27941691129097,6.01236770472746,0.7514734017865956,26.497918251129786,52.88202227110451,6.012840156360226,0.2350708365343839,1.3337885264060247,0.0,17.599800293949016,0.2806092264208809,0.3347290356655154,1.3400259508788177,86.69295709008699,5.726669028884966,23.0,2497.0,4960.7,561.0,26.0,145.0,0.0,1930.0,30.38,30.25,153.47,9110.0,554.2746700489132,0.2272228320526893,24.668496158068056,49.00801317233809,5.542261251372119,0.256860592755214,1.432491767288694,0.0,19.06695938529089,0.3001317233809001,0.298847420417124,1.5161690450054883,5.475820011460175,0.8558262014483213,Manchester Utd,Brighton,2026-05-24T15:00:00Z,38,4.3781643
66,Bruno Guimarães Rodriguez Moura,3.0,0,0.6778779658843567,0.924018470010329,1.1073081949231147,1.2014107865787766,1.1735260962061695,1.2474230176816807,1.319555879612648,1.3684865116798042,3.0,18.0,5.0,21.0,34.0,2391.0,69.0,2.0,5.5,6.2,56.0,1.3275696596803437,1.3822876109761566,1.4569662457029895,1.5517182423639602,1.3846503455189316,1.4919863902684225,1.457703428287506,1.4015191720577116,0.2277890827077737,22.098430158633622,28.839730314664234,4.935318283280819,0.1551017187050344,1.1383386614022115,0.0,22.86488761656092,0.2063204810764833,0.2828816903354607,1.067388086827857,82.94451501915267,5.451204810182909,0.246818603806842,23.693764375668625,29.416577183014315,5.210484358612681,0.2553213569654479,1.2362873263136087,0.0,20.938995326886875,0.2118902653387173,0.2365975643405716,1.093191917767961,83.55522175063717,5.179321909293027,0.2517892632008696,23.498263909994016,28.092691904952808,5.043386000575361,0.2784668732765614,1.3047251803807156,0.0,18.78392392804091,0.1884604647814681,0.1952639091344901,1.116695867996697,84.67844709394595,4.7420276408323945,0.2519579230330641,22.71465927874263,27.141237745261797,4.669248379087741,0.2630548010795274,1.372709462239558,0.0,17.2301776626072,0.1634280174327157,0.1723835028257482,1.167729224678009,85.09590881670913,4.354038434232703,7.0,2314.0,2832.1,421.0,25.0,158.0,0.0,1752.0,14.38,16.04,131.12,8803.0,405.2599452614975,0.0715665114165625,23.65784391684653,28.954788140406677,4.304214472338976,0.2555946836305804,1.6153584005452688,0.0,17.91207542883108,0.1470180620243099,0.1639895490173804,1.3405429967056686,4.143291499890353,1.7385257301808068,Newcastle Utd,Fulham,2026-05-24T15:00:00Z,38,4.389402
67,Bryan Mbeumo,3.0,0,1.518380013408859,1.456497252041452,1.4401174887917136,1.467596997870272,0.9600736833072688,0.9970312171509038,1.1120476617581192,1.2267332376385045,2.0,16.0,2.0,11.0,82.0,2538.0,83.0,,4.3,14.9,8.0,1.5510400594568043,1.6767146588237771,1.6845847107711722,1.6300722140718211,1.0346659686665372,1.1450645865745794,1.256207192705972,1.3635337208812568,0.0394415331032042,10.510385020977372,16.9026895078817,3.3443222107686568,0.239983576381158,0.9096220932808994,0.0,20.013297896793436,0.6309241424565065,0.1020483503361224,0.972604646019772,64.08321973164715,5.503468134629713,0.0760388160186944,12.58468971876362,20.235312504055123,3.722157186408432,0.2467079723722201,0.9463476654556814,0.0,21.452297882982293,0.4412905640290425,0.1213576026962741,0.9928708158175592,70.88181155231065,4.815041134850325,0.0896035709789484,15.696196258959208,23.33920182255977,4.3640729943042444,0.3097316239392749,1.0884146929314575,0.0,24.5457116195393,0.3732420000606188,0.1534113562536333,1.082625985685087,77.37949547505409,4.766929247491751,0.0929490047487431,17.834839293538177,25.23563201225565,4.80337605844198,0.3551691949325275,1.2238310225903406,0.0,26.582741868152905,0.3492197998503754,0.1785218355821664,1.1708268906663384,81.22515787567636,4.848587777056949,3.0,2409.0,3389.6,643.0,47.0,183.0,0.0,3795.0,44.559999999999995,24.479999999999997,161.70999999999998,10961.0,634.3482955748178,0.0246327889791077,19.78012955022352,27.831767174527872,5.2796277711887605,0.3859136940060214,1.5026001277255725,0.0,31.160478058571297,0.365879025636347,0.2010035580695191,1.3277894352705044,5.208589234717052,1.05475763016158,Manchester Utd,Brighton,2026-05-24T15:00:00Z,38,4.0140443
68,Bukayo Saka,3.0,0,1.0829318651843192,1.067014294422874,1.145889565874812,1.235301562856742,1.967837344196661,1.6830638340953552,1.4810949370442836,1.36834061592233,2.0,11.0,2.0,9.0,69.0,2218.0,100.0,1.0,5.1,13.0,9.0,1.6634515217916297,1.7830577107642605,1.8145583965856904,1.80715560782024,0.5822124420335341,0.7238441428036401,0.7734040602432958,0.806032190476869,0.4120951649673526,18.188333918596506,26.938823126537063,5.848584000302675,0.2324259079365233,0.2536841914539256,0.0,23.040921590292285,0.1746515399518173,0.2692971403896624,0.489768887060107,69.42317808934675,4.925705092164901,0.3724452950416801,17.996179710298634,26.707883663500738,5.338573954000118,0.2239322145133704,0.4448458494975576,0.0,25.59951627877607,0.207315229542077,0.2420292778879236,0.5150508542172589,69.14623948265655,4.752687820998425,0.3553030400777702,18.208996002486344,27.966531872339797,5.147251520968119,0.2299429327550741,0.5609790045980286,0.0,27.703572016458978,0.2439696862054302,0.2440144026687246,0.553658278871764,70.11642765897327,4.822845509001939,0.3415935691519918,18.58468808040552,29.46491039807987,5.1919827327031705,0.2597818129439367,0.6525096932089023,0.0,30.05864469606157,0.2767131649689736,0.2521108935541912,0.6368914591238372,72.49857680060067,4.963230571948215,10.0,2553.0,4178.4,735.0,41.0,115.0,0.0,4697.0,43.099999999999994,34.5,124.04,11254.0,706.311290510577,0.0799715656655411,20.41674071441265,33.41531899768971,5.877910076417273,0.3278834192287186,0.9196730051537232,0.0,37.56264439310468,0.3446774480184822,0.2759019015461169,0.9919673005153724,5.648481974937971,0.9512761020881672,Arsenal,Crystal Palace,2026-05-24T15:00:00Z,38,5.418384
69,Callum Hudson-Odoi,3.0,1,1.5322076893718972,1.5176230765891512,1.5246329989409293,1.5307653860088308,0.8043382958227075,1.0216501233696416,1.230935744218627,1.342933417719982,4.0,23.0,,53.0,166.0,1838.0,57.0,,2.9,0.7,80.0,1.2386759822344755,1.0933020845564438,1.0684274129612044,1.10178226315416,0.9176575927914672,1.132779720903621,1.2791317224535184,1.3496934200611543,0.4700187294221319,15.139017616500986,27.642952962184772,3.948995318367504,0.0145705035157965,0.6089314472560711,0.0,12.11456466080423,0.0775710662193968,0.1742266307459552,1.0056239231823272,65.81131390142787,3.136518845451086,0.2960385293632653,13.562021922517676,23.732113163386895,3.381922048782683,0.052733050511316,0.7184471417791725,0.0,11.667842954397992,0.0902388634895678,0.1315320250273605,1.038670492721723,64.42254964471324,3.004983731580016,0.2082268693690731,12.956821243503748,21.5360433020946,3.175925030444465,0.0972639789529464,0.8084300173882901,0.0,11.808247888004,0.0912202647803039,0.1067663467977775,1.0239467949468948,63.90684278559667,2.877864993895014,0.1684727611386279,13.07708730261546,20.9418583873266,3.2003938767097537,0.1343930957285793,0.8707304796126514,0.0,12.903162872998616,0.091380914106901,0.0971788462933457,1.0010029544905752,64.30709777021318,2.8539361698964956,4.0,1507.0,2374.6,368.0,19.0,100.0,0.0,1727.0,10.339999999999998,10.879999999999995,107.05,7071.0,321.489823442807,0.0509121764955451,19.181162494696647,30.224013576580397,4.683920237590157,0.2418328383538396,1.2728044123886295,0.0,21.98133220195163,0.1316079762409842,0.1384811200678828,1.3625371234620278,4.091936658160463,1.8375241779497105,Nottingham Forest,Bournemouth,2026-05-24T15:00:00Z,38,3.1086836
70,Callum Marshall,4.0,1,1.4873748164371934,1.4101831854236713,1.3542056928734252,1.3172760593840596,0.7915192984902504,1.0407607451397949,1.3223124000649034,1.5182899044580005,,401.0,,406.0,417.0,58.0,44.0,,1.0,0.7,310.0,0.838424120276369,0.9720171738274024,1.089630154749604,1.1912344350579596,1.887270162963812,1.7947747098457123,1.7332863765221784,1.7037482339137515,0.0,0.2222222222222221,0.0555555555555555,1.0,0.0,1.0,0.0,3.111111111111111,0.0577777777777777,0.0,0.7544444444444445,29.0,1.231170399527803,0.0,0.1052631578947368,0.0526315789473684,1.0,0.0,1.0,0.0,3.3157894736842106,0.061578947368421,0.0,0.7652631578947369,29.0,1.2463731173245265,0.0,0.0512820512820513,0.0512820512820512,1.0,0.0,1.0,0.0,3.41025641025641,0.0633333333333333,0.0,0.7702564102564102,29.0,1.2533897563076295,0.0,0.0253164556962025,0.050632911392405,1.0,0.0,1.0,0.0,3.4556962025316453,0.0641772151898734,0.0,0.7726582278481012,29.0,1.256764848476717,0.0,0.0,0.1,2.0,0.0,2.0,0.0,7.0,0.13,0.0,1.55,58.0,2.5201111266831555,0.0,0.0,0.1551724137931034,3.103448275862069,0.0,3.103448275862069,0.0,10.862068965517242,0.2017241379310344,0.0,2.4051724137931036,3.910517265542828,0.0,West Ham,Leeds United,2026-05-24T15:00:00Z,38,1.6672058
71,Callum Olusesi,3.0,1,1.6283071946132468,1.5057146814462412,1.3634947000475075,1.2786717611892149,2.0676488183511657,1.6928646449335476,1.4536958060334333,1.368632576429858,,459.0,,505.0,503.0,14.0,43.0,,1.0,0.2,614.0,1.0632371539751335,1.155835820080549,1.2832322596835266,1.4205216667532137,2.3735273412745115,2.035463212137941,1.8022402311889416,1.6732203546710127,0.0,3.0,1.8,1.0,0.0,0.0,0.0,0.0,0.0,0.01,0.75,14.0,1.0301266121134065,0.0,3.0,1.8,1.0,0.0,0.0,0.0,0.0,0.0,0.01,0.75,14.0,1.0301266121134065,0.0,3.0,1.8,1.0,0.0,0.0,0.0,0.0,0.0,0.01,0.75,14.0,1.0301266121134065,0.0,3.0,1.8,1.0,0.0,0.0,0.0,0.0,0.0,0.01,0.75,14.0,1.0301266121134065,0.0,3.0,1.8,1.0,0.0,0.0,0.0,0.0,0.0,0.01,0.75,14.0,1.0301266121134065,0.0,19.285714285714285,11.571428571428571,6.428571428571428,0.0,0.0,0.0,0.0,0.0,0.0642857142857142,4.821428571428571,6.6222425064433255,,Tottenham,Everton,2026-05-24T15:00:00Z,38,1.4988319
72,Callum Wilson,4.0,1,1.4873748164371934,1.4101831854236713,1.3542056928734252,1.3172760593840596,0.7915192984902504,1.0407607451397949,1.3223124000649034,1.5182899044580005,,298.0,,187.0,265.0,1189.0,58.0,,2.4,0.5,55.0,0.9107868180919828,1.0951527852122245,1.16085576712912,1.203309571343217,1.3152548847855938,1.4094199807491106,1.5375319051139422,1.6147602101157532,0.0099290113958895,5.742830986777537,1.603068759601184,1.6395183469507804,0.1179222147638474,0.9840830926795562,0.0,15.60023832184018,0.1770615597205418,0.0325450200380574,0.5593549066184899,34.66110510374267,2.0510360815728705,0.0354501250623496,6.250675631402331,2.450107739905896,1.8425191618010033,0.134605730177011,0.7986310389814111,0.0,14.673907419308708,0.2061568611863133,0.0242800594559397,0.5746722253959666,33.823759128697695,2.184598123836262,0.0527981434762701,7.149720547760672,3.1219877332304273,2.1135590996344567,0.1632919038867034,0.7487651610588364,0.0,14.702176126636187,0.2138323064000371,0.0200612549175458,0.6261029254476751,35.83325953982656,2.30225964708932,0.0598625976654627,8.239877809285943,3.833763709025309,2.431864947037075,0.2116648064945993,0.8137674177407705,0.0,16.358870489177143,0.2333253587462761,0.0219436737732279,0.7201568938719272,40.14327381134972,2.499901077708993,2.0,1045.0,524.2,308.0,31.0,105.0,0.0,2096.0,28.47,3.319999999999999,94.95,5063.0,295.82232949148965,0.0355520442425439,18.57594311672921,9.31819079597077,5.475014813351768,0.5510566857594312,1.8664823227335572,0.0,37.258542366186056,0.506083349792613,0.0590163934426229,1.6878333004147734,5.258544273006926,1.0888654724271165,West Ham,Leeds United,2026-05-24T15:00:00Z,38,2.495645
73,Calvin Bassey,2.0,1,1.6620557277442751,1.5440588498851775,1.534118610447418,1.5880412252299128,1.3077202764151454,1.442787751239562,1.4348180560487755,1.3914490500458117,,252.0,,191.0,96.0,2442.0,44.0,,3.3,0.8,265.0,0.5973474573554457,0.9155760777681654,1.1129563610472974,1.2066197953055773,1.2169076202577118,1.27491446415943,1.336375701205069,1.378016534811399,0.021508118681607,16.323328522937178,6.524296151888186,3.1219886504585106,0.0110217094755644,1.1804284836463428,0.0,3.4371222023600483,0.0385309334776092,0.0165034440442165,1.4548058748823058,88.66360417027416,4.036260251181734,0.0365913433750144,14.69784429249899,5.579423843291295,3.307506658397461,0.0269315411380826,1.2735248936923256,0.0,4.299024839282459,0.0567314597991316,0.0145300743364471,1.3762119272894344,86.53096795673075,4.057079743750985,0.0386748759919894,13.329177144481882,4.7479275395702984,3.124341880009669,0.0333896177543947,1.3471071567499495,0.0,4.304573152975278,0.0540395009645472,0.0132265325591031,1.3037661648876755,85.51319924771596,3.8078003858426888,0.0373150238578084,12.84481325527416,3.968425633555191,2.8775894408371747,0.033941788596984,1.3751054187924068,0.0,4.0421545017609555,0.0456133478131579,0.0119821952963885,1.2684062296761078,85.15481096623694,3.545573531732922,1.0,1197.0,272.8,238.0,3.0,129.0,0.0,322.0,3.0999999999999996,0.9299999999999988,117.75,7815.0,295.93196657126714,0.0115163147792706,13.785028790786948,3.1416506717850288,2.740882917466411,0.0345489443378119,1.4856046065259116,0.0,3.708253358925144,0.0357005758157389,0.0107101727447216,1.356046065259117,3.4080456802833066,0.9677419354838712,Fulham,Newcastle Utd,2026-05-24T15:00:00Z,38,2.9193647
74,Caoimhín Kelleher,1.0,0,1.8359064248683763,1.78747508218593,1.7882183641372678,1.8851857440962256,1.8952567438828445,1.5796778656740686,1.420205125806682,1.3092227962416565,,406.0,,171.0,17.0,3240.0,48.0,,3.8,12.2,773.0,1.1748714775842306,1.3043720462789254,1.4045468873177778,1.4575194754261969,1.4066036186219488,1.3314196026761185,1.3311119711831043,1.3665151862017706,0.0,16.538615611968286,0.1987382385019501,3.927835197713888,0.0,1.4811176637043435,3.52628217705916,0.0,0.0,0.0076580758960001,1.5695555028913362,90.0,4.647150398543306,0.0,16.599547278210235,0.4008007600297303,4.054878207261725,0.0,1.334635942993233,3.1713444785821356,0.0,0.0,0.0092782007773258,1.4757492169026043,90.0,4.806764609723156,0.0,16.089990715953142,0.5268399916701623,4.001944095742277,0.0,1.3045553745061806,2.993598519933529,0.0,0.0,0.0082547654985308,1.4366606348510609,90.0,4.791869309596823,0.0,15.651182762290832,0.5865603711743457,3.9213075292708552,0.0,1.3111899501037816,2.910679894604687,0.0,0.0,0.0072622425394336,1.418266244009026,90.0,4.73094155064556,0.0,544.0,23.0,137.0,0.0,48.0,102.0,0.0,0.0,0.22,50.44,3240.0,166.71492198220105,0.0,15.11111111111111,0.638888888888889,3.805555555555556,0.0,1.3333333333333337,2.833333333333333,0.0,0.0,0.0061111111111111,1.401111111111111,4.63097005506114,,Brentford,Liverpool,2026-05-24T15:00:00Z,38,3.131873
75,Carlos Alcaraz Durán,3.0,0,1.102564633914661,1.101499110685907,1.1983079937381895,1.3460357492674346,1.514817248864682,1.6447311599706276,1.6535870072693977,1.6169812358281417,,244.0,1.0,330.0,392.0,673.0,52.0,,1.5,0.1,222.0,1.7317299915831976,1.5132280017858633,1.3501325017076709,1.267467189946482,1.7932012786736955,1.4973637591673177,1.3392740187880132,1.3093420936724058,0.0340450732129135,5.4423939552092735,6.7124049342524685,1.4054929472063566,0.0030419940659387,0.5327518339982218,0.0,7.485030931807267,0.0592135859649592,0.0224257635929152,0.5254522156916441,25.791624298058256,1.679881775470092,0.0497698959421915,6.726158112390095,8.37976694131108,1.67721759477498,0.0173771788048895,0.5482032168972839,0.0,9.0266891833191,0.0676106460282981,0.0274305321985826,0.6489195190674379,34.20748021470869,1.8545637643278516,0.0532742527693402,7.626535331541527,9.085650479765109,1.856354584988411,0.0342399393433672,0.5491616615857592,0.0,9.896836264391943,0.0729448870302365,0.0295979873778774,0.6922168455313926,38.08688028314155,1.9265653208329727,0.053465562799485,8.156859433860834,9.522333082629672,1.9557914979523288,0.0452116223314796,0.5471977788854957,0.0,10.41966077602803,0.0768705929998189,0.0308695184508303,0.705190621309033,39.754370247460216,1.9654440847220376,1.0,305.0,351.79999999999995,72.0,2.0,19.0,0.0,385.0,2.86,1.1299999999999997,24.89,1439.0,70.27899229651258,0.0625434329395413,19.07574704656011,22.00277970813064,4.503127171646978,0.1250868658790827,1.1883252258512855,0.0,24.07922168172342,0.1788742182070882,0.0706740792216817,1.5567060458651842,4.395489441755478,0.6993006993006994,Everton,Tottenham,2026-05-24T15:00:00Z,38,2.0048404
76,Carlos Baleba,3.0,1,1.840832047565444,1.809043192946828,1.7503560523911208,1.6644300751948404,1.22773277493323,1.230558127920629,1.293397159421104,1.3794963287296922,,258.0,,355.0,341.0,1615.0,45.0,,1.8,1.5,353.0,1.8979750167610736,1.6183302800534345,1.5159138462337038,1.5053512875565596,0.950092104134086,0.996701352389878,1.117944961587651,1.2325660053177352,0.0,11.277173361766984,6.803746801924578,2.5488508515114066,0.0001032566737366,0.4080520672479877,0.0,2.5405654010450114,0.0446088368348697,0.0451687179696318,0.5778693915905528,61.447833492732855,2.8354039811646152,0.0,9.526880622872492,5.54008103706254,2.2097652119493123,0.0033569176392355,0.5392201714708554,0.0,2.039008293448883,0.0378369179847092,0.0354730491856925,0.6272358369171797,56.934077936094525,2.4861139360037554,0.0,9.427001165597902,5.68555431761941,2.0899177286289565,0.0146089505385047,0.7098039887376836,0.0,2.2791976234918,0.0406810579000378,0.0295385002616833,0.7447658076867947,58.993671646679786,2.322763211449643,0.0,9.763249227310355,6.264982810818224,2.048072633985017,0.0253103051279181,0.8399386197233893,0.0,2.803253233704147,0.0468379739840179,0.0269787024947011,0.8411734175875862,61.4120756501253,2.2458368057667646,0.0,886.0,613.2,176.0,3.0,87.0,0.0,307.0,4.699999999999998,2.1199999999999983,83.38,5589.0,190.7562691305762,0.0,14.26731078904992,9.874396135265702,2.834138486312399,0.0483091787439613,1.4009661835748792,0.0,4.943639291465379,0.0756843800322061,0.0341384863123993,1.3426731078904992,3.071759567320067,0.6382978723404258,Brighton,Manchester Utd,2026-05-24T15:00:00Z,38,2.2313366
77,Carlos Henrique Casimiro,3.0,0,1.518380013408859,1.456497252041452,1.4401174887917136,1.467596997870272,0.9600736833072688,0.9970312171509038,1.1120476617581192,1.2267332376385045,,47.0,,18.0,9.0,2575.0,59.0,,4.9,5.0,36.0,1.5510400594568043,1.6767146588237771,1.6845847107711722,1.6300722140718211,1.0346659686665372,1.1450645865745794,1.256207192705972,1.3635337208812568,0.0163994185637782,20.839847797223584,18.82652172764876,5.106607299994506,0.3225904327624163,1.3565468066707556,0.0,20.498144935979763,0.1463468108944216,0.0744308954600987,1.3373852531207426,85.28710183025224,4.583277369782422,0.0508761488287306,20.526289330487696,18.211048333971917,5.093934126139628,0.308298153161267,1.1486420080175133,0.0,20.10838794080868,0.1483342449741531,0.0939805702041853,1.1616309654853163,82.5843342487252,4.528888853369079,0.0817007304278087,18.749306866618973,16.691691287875276,4.581577740921594,0.2507005143820072,1.027409945403378,0.0,18.03445509181863,0.1449633029119675,0.0936784084187934,1.0531607426722918,77.94513301903649,4.1450087850620045,0.0996033032511682,17.061829557057884,15.308980339218996,3.999478206919504,0.1975695561568391,1.0013116388553984,0.0,16.215734690249107,0.1381559062054435,0.086533259643344,1.0532890767881262,74.6187807175329,3.730949728078389,4.0,1211.0,1104.2,263.0,11.0,83.0,0.0,1154.0,10.61,6.079999999999999,90.77,5775.0,260.5797472436873,0.0623376623376623,18.87272727272727,17.20831168831169,4.0987012987012985,0.1714285714285714,1.2935064935064935,0.0,17.984415584415583,0.1653506493506493,0.0947532467532467,1.4145974025974026,4.060983073927594,1.0367577756833175,Manchester Utd,Brighton,2026-05-24T15:00:00Z,38,3.6198747
78,Chadi Riad Dnanou,2.0,1,1.5307612174333038,1.704751939684622,1.7738301193564938,1.7869121026055728,0.4657699536268272,0.6514597285203065,0.7347335178883116,0.7858168606284246,,405.0,,414.0,394.0,460.0,40.0,,2.1,0.1,389.0,0.8536648314803988,0.9633492160206902,1.1009359698913324,1.2156295095884035,1.959796680245826,1.6478487045487895,1.45378389198278,1.3520910246488829,0.0503985062552101,7.716723606001487,1.9328548339691585,1.9026624190336852,0.0,1.00479958083503,0.0,2.817364594871261,0.0154926637259673,0.0149402743141407,0.9950073596332544,65.73831698877751,2.2685484695316696,0.083980572918374,7.95587695227371,2.3176938826803175,1.9581271646547125,0.0,0.935613306857728,0.0,2.5908106482523214,0.0156989777282968,0.0140949970819379,0.9415129886543004,63.209397073680435,2.262676458055769,0.1037402981363819,8.04453236137374,2.5163043561384444,1.9811393246022024,0.0,0.9089651145920709,0.0,2.5084102441775884,0.0161109251454746,0.0136927510701016,0.912169220367943,62.08930728066612,2.2565894034153247,0.1142077765462256,8.08058703307675,2.61452703026724,1.9911137223094575,0.0,0.8980780007357014,0.0,2.474269948733415,0.0163739276028113,0.0135067521155356,0.8975967836639406,61.58101144303581,2.2530008443235308,1.0,73.0,24.4,18.0,0.0,8.0,0.0,22.0,0.15,0.12,7.949999999999999,550.0,20.242389687356233,0.1636363636363636,11.945454545454544,3.992727272727273,2.9454545454545458,0.0,1.309090909090909,0.0,3.6,0.0245454545454545,0.0196363636363636,1.3009090909090908,3.312391039749202,0.0,Crystal Palace,Arsenal,2026-05-24T15:00:00Z,38,1.6550698
79,Charalampos Kostoulas,4.0,1,1.840832047565444,1.809043192946828,1.7503560523911208,1.6644300751948404,1.22773277493323,1.230558127920629,1.293397159421104,1.3794963287296922,,294.0,,305.0,351.0,320.0,48.0,,1.7,0.3,144.0,1.8979750167610736,1.6183302800534345,1.5159138462337038,1.5053512875565596,0.950092104134086,0.996701352389878,1.117944961587651,1.2325660053177352,0.0271566403464833,5.217013970385615,5.456988563259565,1.362969603339675,0.0375907030005223,0.5961366750655498,0.0,11.182990936851953,0.0754263680143594,0.0463709428945019,0.3223207602151417,14.617877662398818,1.5175004261268232,0.0441040747635667,5.871177622386403,5.2766462557884495,1.5608737122977536,0.0660913497268678,0.5294806446399033,0.0,11.231191676482965,0.0895271494956016,0.0330139325631235,0.3179030658083707,16.420664896374056,1.5573844896257307,0.0491220248892166,6.3152682367880555,5.266226439800153,1.6414905706219078,0.0826665218111344,0.4888744550627593,0.0,11.462570005631566,0.0941920231483258,0.0275271970543642,0.3074815216176704,16.514693978382038,1.571357274753339,0.0501013603737353,6.554891719618533,5.260533801557913,1.6735660176143283,0.0912784927969939,0.4688779743095438,0.0,11.621664601716478,0.0956446483214331,0.0251429706535427,0.3011396114830844,16.327374692275136,1.5763352538497912,1.0,136.0,104.9,34.0,2.0,9.0,0.0,236.0,1.93,0.46,5.89,320.0,31.602128537064132,0.28125,38.25,29.503125,9.5625,0.5625,2.53125,0.0,66.375,0.5428125,0.129375,1.6565625,8.888098651049287,1.0362694300518136,Brighton,Manchester Utd,2026-05-24T15:00:00Z,38,1.8313186
80,Chemsdine Talbi,3.0,1,1.0573950106173575,1.221091675632897,1.4163659335031855,1.5678551940989556,1.7569017770351965,1.6540987203742674,1.4778527368431342,1.381497105747743,,188.0,,233.0,278.0,1553.0,49.0,,3.0,0.2,135.0,0.8739904195180044,0.946034418834362,0.9799623012717682,1.0016999219902454,1.6013696707264908,1.5329499585552229,1.426295372575658,1.3551781333246342,0.0027948193038075,6.545805053846264,5.203518362579473,2.3322057484015635,0.0988804959591191,0.4638316783747169,0.0,8.915423791185997,0.0668276732319698,0.0540064891470763,0.8163067595929976,54.82286568007727,2.406169202889425,0.0189651772201731,7.883800526010486,6.216502375516836,2.6530500544342694,0.1374980832849908,0.5198775902883842,0.0,9.314148062860076,0.0714973330029336,0.051794738692198,0.8080824723853528,54.94332101375009,2.4783082081243095,0.0399404020145055,8.460153057784426,6.836679370138653,2.8192877769751647,0.1467872859264267,0.521801272495965,0.0,9.13835843741525,0.0730364323622024,0.0474113810589297,0.8007741012521066,54.93118543549915,2.495871960995935,0.0545226093337604,8.684245591954076,7.181780066021475,2.8954865140742054,0.1465657746424355,0.5136796376026667,0.0,8.964013509603257,0.074294089337627,0.0447747760621545,0.7975974922133048,55.097398471821634,2.507263447338633,2.0,248.0,211.5,83.0,4.0,14.0,0.0,245.0,2.13,1.18,22.26,1553.0,70.67556494873551,0.1159047005795235,14.372182871860913,12.25692208628461,4.810045074050225,0.231809401159047,0.8113329040566645,0.0,14.19832582099163,0.1234385061171925,0.0683837733419188,1.290019317450097,4.095815096835928,1.8779342723004695,Sunderland,Chelsea,2026-05-24T15:00:00Z,38,2.4341702
81,Chris Richards,2.0,1,1.5307612174333038,1.704751939684622,1.7738301193564938,1.7869121026055728,0.4657699536268272,0.6514597285203065,0.7347335178883116,0.7858168606284246,,237.0,,117.0,43.0,2825.0,44.0,,3.9,2.5,196.0,0.8536648314803988,0.9633492160206902,1.1009359698913324,1.2156295095884035,1.959796680245826,1.6478487045487895,1.45378389198278,1.3520910246488829,0.0,6.069219787297336,3.367885325858447,2.7176305425566687,0.0088774189769022,1.5780136181487,0.0,7.009313876011837,0.1535264459734523,0.0235878874630573,1.2049455269868494,70.00180696233947,3.1909658537740633,0.0,9.760803811358691,4.433694326551127,3.298927730086,0.0255310836850033,1.4823627453089343,0.0,6.800724958897876,0.1197186763522069,0.0296616545381821,1.22185156818714,78.13002618288107,3.831287677120879,0.0,12.139736987473803,4.472567564540913,3.562870842517898,0.0353506470044744,1.431680926947502,0.0,6.740989736985165,0.0859788838426551,0.0322127334254884,1.2308818677579982,82.31680295011759,4.053696832829937,0.0,13.189917724019336,4.200637256594236,3.5162311998368763,0.0380709262245156,1.4207276969731284,0.0,6.560736170650509,0.0648447518169302,0.0295980269032647,1.2397519229792242,83.29899672576994,3.977937052710631,0.0,1092.0,304.3,256.0,3.0,116.0,0.0,478.0,3.601799999999999,1.8387899999999997,101.7249,6597.0,294.6651815696013,0.0,14.89768076398363,4.151432469304229,3.4924965893587996,0.0409276944065484,1.582537517053206,0.0,6.521145975443384,0.049137789904502,0.0250858117326057,1.387788540245566,4.01998883451025,0.8329168748958855,Crystal Palace,Arsenal,2026-05-24T15:00:00Z,38,2.2719944
82,Chris Rigg,3.0,1,1.0573950106173575,1.221091675632897,1.4163659335031855,1.5678551940989556,1.7569017770351965,1.6540987203742674,1.4778527368431342,1.381497105747743,,250.0,,344.0,377.0,757.0,47.0,,2.1,0.1,276.0,0.8739904195180044,0.946034418834362,0.9799623012717682,1.0016999219902454,1.6013696707264908,1.5329499585552229,1.426295372575658,1.3551781333246342,0.2046073478783101,11.092487686222556,10.85608845986082,2.8384553432483526,0.1309487026421184,1.2688137308267702,0.0,9.995964923381743,0.0637368664949808,0.067655238383422,0.9579676812606678,48.25496951882022,2.1605568032366693,0.12001514355834,9.626174942359873,9.999585166850354,2.457143035944742,0.0972122662822554,0.9772001901869676,0.0,8.29412767891419,0.0590846503401314,0.0653129827834147,0.8804168541351668,48.06766953587265,2.165854792616089,0.0859284196137591,8.729968412296095,9.254265655028297,2.253146722915629,0.0775503987014176,0.8098215545020165,0.0,7.189473255036427,0.0551158958771124,0.0608026994127028,0.8128823232478243,46.65875229381344,2.123995904716287,0.0714790487511906,8.272997640557449,8.832456547072189,2.1539557824653057,0.0679497707191005,0.7269766421767999,0.0,6.620153070306437,0.0528917274386203,0.0579028191650392,0.7739763862423535,45.67014246129453,2.093357948307445,1.0,133.0,142.7,35.0,1.0,11.0,0.0,103.0,0.86,0.93,12.46,757.0,34.977920808801564,0.11889035667107,15.812417437252313,16.96565389696169,4.16116248348745,0.11889035667107,1.30779392338177,0.0,12.245706737120212,0.1022457067371202,0.1105680317040951,1.4813738441215325,4.1585374805708595,1.162790697674419,Sunderland,Chelsea,2026-05-24T15:00:00Z,38,2.1235187
83,Chris Wood,4.0,1,1.5322076893718972,1.5176230765891512,1.5246329989409293,1.5307653860088308,0.8043382958227075,1.0216501233696416,1.230935744218627,1.342933417719982,,332.0,,325.0,355.0,835.0,71.0,1.0,2.8,4.6,142.0,2.2174093458585955,1.7777940416108506,1.457231199250763,1.30762240589473,0.845018040005908,0.9974050788647442,1.1708124605074612,1.2828488912433935,0.0,7.990414124347606,4.745855671188737,2.284769430058271,0.1368722951032963,1.042581086600696,0.0,11.152004069479894,0.1663788635954297,0.0204870534595807,1.122735399784376,53.156367727934416,2.5668602870416803,0.0,10.228103521105846,6.257017131808131,2.9284151844934603,0.2161779131592559,1.0022417732030593,0.0,15.788922176340872,0.2468134083362491,0.0279924720382029,1.0803278617983036,62.04136232441166,3.1194140520913156,0.0,13.412841529416063,7.479851089315181,3.767964567192561,0.3273779946248153,1.0364909521446306,0.0,20.04572665095491,0.3062061139884646,0.0346636476902907,1.098762761321546,69.28775243614885,3.631412973018659,0.0,15.077385043153969,8.34562167434839,4.183285484329652,0.3958905919884258,1.0995796500383426,0.0,23.770603045379897,0.3351965714904549,0.035981341600921,1.1014588974810458,71.76573581096122,3.8622314212953626,0.0,1898.0,1229.8,522.0,53.0,160.0,0.0,3769.0,43.98,4.619999999999998,146.20000000000002,9246.0,487.76013289364175,0.0,18.47501622323167,11.970798182998053,5.081116158338741,0.5158987670343933,1.5574302401038287,0.0,36.68721609344581,0.4280986372485399,0.044970798182998,1.4231018818948735,4.747827380535124,1.205093224192815,Nottingham Forest,Bournemouth,2026-05-24T15:00:00Z,38,3.0540044
84,Christantus Uche,4.0,1,1.5307612174333038,1.704751939684622,1.7738301193564938,1.7869121026055728,0.4657699536268272,0.6514597285203065,0.7347335178883116,0.7858168606284246,,435.0,,425.0,453.0,159.0,55.0,,1.2,0.1,292.0,1.0392887084507871,1.0427324906450102,1.1771407674614722,1.2698328880521816,1.4371731295932826,1.392138589457565,1.3131875210869162,1.2787855573226674,0.0438725763118131,2.28959411645746,0.5841551388289072,1.1316177289354392,0.0,0.1790354287761286,0.0,3.8661335213267742,0.0377188478590721,0.0008568862560901,0.3107234610986884,12.34778861681823,1.1538363610225306,0.0620172468476081,2.6041934163956246,0.5461600146345662,1.1860517405428244,0.0,0.2395250023026082,0.0,4.468501798592779,0.0357955324248034,0.000850716692011,0.3302299414845793,12.096874863806107,1.1462501658382416,0.0681537371421125,2.8002986924397275,0.5259601025578644,1.2044612114263376,0.0,0.265127014522491,0.0,4.832810343244459,0.035354786775788,0.0007949116447541,0.3328234734083934,11.781566085681312,1.1443662192221218,0.0701640772338877,2.9006824971039973,0.5162906643413794,1.210492231701663,0.0,0.2760962062716739,0.0,5.02257705381518,0.0351788432513904,0.0007570088745543,0.3323117736485536,11.581330404461308,1.1435656199305373,1.0,42.0,7.1,17.0,0.0,4.0,0.0,73.0,0.49,0.01,4.63,159.0,15.998281398567055,0.5660377358490566,23.77358490566038,4.018867924528301,9.622641509433963,0.0,2.2641509433962264,0.0,41.320754716981135,0.2773584905660377,0.0056603773584905,2.620754716981132,9.055630980320975,0.0,Crystal Palace,Arsenal,2026-05-24T15:00:00Z,38,1.5165032
85,Christian Nørgaard,3.0,0,1.0829318651843192,1.067014294422874,1.145889565874812,1.235301562856742,1.967837344196661,1.6830638340953552,1.4810949370442836,1.36834061592233,,478.0,,466.0,451.0,56.0,51.0,,1.0,0.1,425.0,2.3252044763165927,2.137387072298423,1.97498849828762,1.8794439604088704,1.0183927632977194,0.9341982831442744,0.8680859710899355,0.853231276326312,0.0,7.553151150200746,2.5769594522711894,1.9088776507924168,0.0302863350265594,0.4571217809887707,0.0,5.342514509344224,0.0425345190546295,0.0199086604836314,0.5292594886964622,30.457713876244643,1.683910182045684,0.0,11.379229094800124,5.313951607989873,2.532078944854689,0.0821625884192416,0.7572988194236232,0.0,8.745781141028637,0.0760233478053751,0.0330074054074791,0.799579301511304,50.09487144928009,2.2248163157812564,0.0,13.845945807116456,7.959840058133469,2.757783598495307,0.1078794528240565,1.0711672509972,0.0,10.300641742531113,0.096623569475393,0.0428848187000187,1.022946696021769,64.00206370554736,2.554941822748487,0.0,15.17522131181341,10.073094181301204,2.7895378242814615,0.1105060401470553,1.3277440353984975,0.0,11.154312706724184,0.1067636196492386,0.0544221624794481,1.154413142943066,71.97582049956709,2.7359803733820245,0.0,1548.0,1167.8,267.0,10.0,151.0,0.0,1187.0,10.98,6.819999999999998,119.83,7612.0,276.0024493789235,0.0,18.302679978980557,13.807409353652128,3.156857593273778,0.11823436678928,1.785338938518129,0.0,14.034419337887549,0.1298213347346295,0.0806358381502889,1.416802417235943,3.263297483460735,0.9107468123861568,Arsenal,Crystal Palace,2026-05-24T15:00:00Z,38,2.1334121
86,Cody Gakpo,3.0,1,1.3398971820673846,1.3739348418074238,1.4343213778237405,1.471195734191458,1.5252828948975592,1.3982776425588164,1.364558433783409,1.3824857175755458,3.0,26.0,,19.0,111.0,2646.0,73.0,3.0,3.7,5.6,10.0,1.7948830310854702,1.7638612024277347,1.777071859288577,1.882232119440549,1.369070929853555,1.3107531840700402,1.284425194007207,1.240001898284402,0.1492458109393244,8.83680955301713,12.645003454210505,3.3032819220214336,0.161919924726812,1.554878281492725,0.0,20.496566055057,0.2686686598171336,0.0526253068632292,1.3756510105068775,80.99145349667663,3.696051631043518,0.1442993777153144,10.686367785402448,15.60277360752852,3.4408546114410195,0.1690897802420842,1.2395941207299797,0.0,22.31740931380873,0.2403441130662843,0.0852624953812979,1.1833713704141142,78.89670989849783,3.731856708491331,0.1366966738141467,12.759384535555457,17.32056865655158,3.5940690351865014,0.2046259890848824,1.095440708735821,0.0,23.219139706470283,0.2336866152577729,0.1108313604198748,1.0158664816580607,74.44760632732216,3.786065500612998,0.1371775443143647,14.191782141405678,17.443503579706736,3.642834621876843,0.2393471559797306,1.0030083290847989,0.0,23.57788372535529,0.2364447271136067,0.1188345705937772,0.902701920813446,69.07697434083137,3.7361175027658806,5.0,1477.0,1594.8,354.0,27.0,89.0,0.0,2356.0,24.93,11.049999999999995,80.77,6183.0,356.6627454595348,0.0727802037845706,21.499272197962153,23.21397379912663,5.152838427947598,0.3930131004366812,1.2954876273653566,0.0,34.29403202328967,0.362882096069869,0.1608442503639009,1.1756914119359534,5.191597459381875,1.083032490974729,Liverpool,Brentford,2026-05-24T15:00:00Z,38,4.474945
87,Cole Palmer,3.0,0,1.2993027530090575,1.1556816927460971,1.0987727083015113,1.0838528074355682,1.4810645035741192,1.4785520139318924,1.401222411431172,1.340576268058851,5.0,93.0,3.0,63.0,121.0,1864.0,103.0,1.0,4.2,12.5,47.0,0.8217437632716966,1.134546306254829,1.3856480673125384,1.5567381638705695,1.9461272212939953,1.726776355974721,1.5030031132035966,1.391311211572286,0.025172816393429,13.082539593932054,17.9129973081482,2.844258967572488,0.1361065543483111,1.5837662447347616,0.0,17.881796348583162,0.349126251870917,0.1271760842247714,1.251138685980701,87.34746837657542,4.714151501892225,0.053734927146418,15.635881909332891,18.776511223939902,3.734159198996074,0.2577241272094241,1.4457597080272562,0.0,20.39015854022673,0.3996419826576666,0.1340410965891598,1.19364193351276,83.37613735416839,5.017235610401612,0.0689134297438333,17.877449396617703,20.96920174136975,4.370528980368417,0.3273848193692473,1.287037791330946,0.0,22.644514804888143,0.4201059699627308,0.1512918060795634,1.1712477768725724,80.89787263063245,5.1789739990576455,0.0751810953768176,20.08680800572065,23.76906128422257,4.998289288180451,0.3895323295248236,1.2174829177274475,0.0,24.70550654473308,0.437962188137899,0.173845270717592,1.1815259927665012,79.97322800079883,5.383807034897206,2.0,2148.0,2551.2,555.0,45.0,114.0,0.0,2569.0,43.76,19.03,116.09,7527.0,537.0205502413012,0.0239139099242726,25.683539258668795,30.50458349940215,6.636110003985651,0.5380629732961338,1.3630928656835393,0.0,30.717417297728176,0.5232363491430849,0.2275408529294539,1.388082901554404,6.421130532976898,1.0283363802559415,Chelsea,Sunderland,2026-05-24T15:00:00Z,38,4.7777796
88,Conor Bradley,2.0,1,1.3398971820673846,1.3739348418074238,1.4343213778237405,1.471195734191458,1.5252828948975592,1.3982776425588164,1.364558433783409,1.3824857175755458,,198.0,,268.0,244.0,928.0,50.0,,2.8,0.2,268.0,1.5384270872310974,1.6022919397947717,1.7713395391727076,1.93991425736626,1.2182294384951726,1.3152604778166364,1.2913100068799837,1.2278157458542491,0.2006128698589248,16.530033651716128,7.200621854599733,4.339010529881866,6.491719350528153e-05,0.6977233699068586,0.0,4.552942925893482,0.0185852520274717,0.0581243038317821,0.6373601273415538,70.65511648576414,3.4278647933006416,0.1675421675505803,13.470534044585085,7.75831902405826,3.4552611418251957,0.0022947139021126,0.785034088824844,0.0,5.383520684165102,0.0189774215404096,0.0701601054092679,0.7159553239899639,63.670579272305,2.8000390783220306,0.1503068816789879,12.740042025970022,8.838102021700948,3.099134620800664,0.0091988357797994,0.7983286839953795,0.0,7.006361002783028,0.02405192076445,0.0752929426623735,0.7259161528864301,58.65074201202434,2.560526854174874,0.1417538840208415,13.030152425187827,9.88239799563907,3.016300924043144,0.0162624870504889,0.7951031859239219,0.0,8.37334965166908,0.0286272578491044,0.0771381664804583,0.7128550430770637,56.043891995740786,2.5046732840858024,2.0,528.0,431.5,115.0,1.0,30.0,0.0,384.0,1.3099999999999996,2.9899999999999993,26.119999999999997,2042.0,95.26995842882778,0.0881488736532811,23.271302644466207,19.0181194906954,5.068560235063663,0.0440744368266405,1.3222331047992164,0.0,16.92458374142997,0.0577375122428991,0.1317825661116552,1.151224289911851,4.198969764248041,0.7633587786259545,Liverpool,Brentford,2026-05-24T15:00:00Z,38,2.7772934
89,Conor Gallagher,3.0,1,1.6283071946132468,1.5057146814462412,1.3634947000475075,1.2786717611892149,2.0676488183511657,1.6928646449335476,1.4536958060334333,1.368632576429858,,209.0,,289.0,315.0,1102.0,50.0,,2.7,0.2,238.0,1.1282057923933262,1.1127767896515215,1.2087453529772576,1.3549376030724047,1.3935215610808525,1.605256844410009,1.6353545760796422,1.6071279849705744,0.0142451002550151,14.26835973403854,12.829456823019813,3.2177398332668026,0.1426007073405554,1.2956017034063445,0.0,9.525989721771356,0.1019843005044784,0.0335099019737495,0.916338291177463,79.50886046712925,3.051844515763414,0.0355655940760332,14.695533984553895,14.88533240426838,3.4205128249360848,0.1439015106396208,1.4246385573160747,0.0,9.630411514674538,0.0930684602692017,0.0457555640742037,1.1397817109992556,77.49511687816482,2.9918401434898954,0.0503401582038129,15.474007420248704,17.639326423237577,3.554425223762887,0.1545759614361157,1.522599674449984,0.0,10.91345925460724,0.0990998725415122,0.0625421583292523,1.27201906869728,78.39679148750452,3.043653033530737,0.0583897673130712,16.037827754069678,19.227037420307113,3.548212053165043,0.1657606104900112,1.5819352431229998,0.0,12.713639993618376,0.1064472639007651,0.0747446162654921,1.3079842201971446,79.47802886346672,3.1075697539654854,1.0,1644.0,1992.0,349.0,18.0,167.0,0.0,1533.0,11.63,8.459999999999999,133.85,8150.0,316.8412003773376,0.011042944785276,18.154601226993865,21.99754601226994,3.8539877300613496,0.1987730061349693,1.844171779141104,0.0,16.92883435582822,0.1284294478527607,0.0934233128834355,1.4780981595092022,3.498859881467532,1.5477214101461738,Tottenham,Everton,2026-05-24T15:00:00Z,38,2.745787
90,Cristhian Mosquera,2.0,0,1.0829318651843192,1.067014294422874,1.145889565874812,1.235301562856742,1.967837344196661,1.6830638340953552,1.4810949370442836,1.36834061592233,,308.0,,369.0,313.0,896.0,53.0,,1.9,0.3,398.0,1.6634515217916297,1.7830577107642605,1.8145583965856904,1.80715560782024,0.5822124420335341,0.7238441428036401,0.7734040602432958,0.806032190476869,0.0,9.983416111335575,8.183798699996986,2.102142642250078,0.0,0.2910675824150311,0.0,1.7501408512275975,0.0103897318154643,0.036043811208789,0.5027393788576195,51.606343758297136,2.5084784988491786,0.0,9.70415361610732,6.304046839406226,1.9326640377747637,0.0,0.3370406926753462,0.0,1.343239082492591,0.0084285755799745,0.0350460432513824,0.4811830998112647,48.930970693647545,2.3558828130413176,0.0,9.65968911386504,5.384728781559975,1.897952212445833,0.0,0.355182555502989,0.0,1.1761831655575004,0.0068849270106683,0.0341802978941774,0.4563383329119164,47.90463430569691,2.3257077777174704,0.0,9.662984224331684,4.947175708876048,1.8927473839238165,0.0,0.362470729627359,0.0,1.1085352468941905,0.006068076737004,0.0334995441892935,0.4409583004574662,47.4932310852158,2.3216656167162424,0.0,184.0,86.1,36.0,0.0,7.0,0.0,20.0,0.1,0.62,8.06,896.0,44.15986928360453,0.0,18.482142857142858,8.6484375,3.616071428571429,0.0,0.703125,0.0,2.0089285714285716,0.0100446428571428,0.0622767857142857,0.8095982142857143,4.4357011557192045,0.0,Arsenal,Crystal Palace,2026-05-24T15:00:00Z,38,2.7428412
91,Cristian Romero,2.0,1,1.6283071946132468,1.5057146814462412,1.3634947000475075,1.2786717611892149,2.0676488183511657,1.6928646449335476,1.4536958060334333,1.368632576429858,,239.0,,118.0,56.0,1869.0,50.0,,4.0,3.0,129.0,0.8404717785440855,1.0262270142552394,1.2056161878153049,1.374587740853789,2.2790574984156873,2.0387252018319835,1.8240220686707307,1.6900426031267797,0.0028994189098668,7.836198798526932,7.691113046185884,2.42338238616303,0.1749939699697841,1.8626153178211715,0.0,9.920891774966938,0.0520944077990617,0.0575717225303073,1.1677817125473466,72.53022913771883,2.278463118849411,0.0148221995508973,10.370089894726744,6.840813599185589,3.1690658563807026,0.1847582275109282,1.706348730816403,0.0,10.311459348574534,0.0629904134651614,0.0603394320532408,1.2006335234160748,76.78879526380503,2.9433168189910255,0.0272401172372773,12.608202420577411,6.178567154798541,3.3519223354579473,0.157146660928192,1.5648992830057653,0.0,10.050624555721289,0.0692982708182879,0.0543184730011474,1.2431384060544084,79.47536497262365,3.2854535879559763,0.0350107969323461,14.734419542385456,5.994360358196685,3.3094766153578483,0.1372766591983548,1.5276310545321967,0.0,9.429535594993547,0.0720795562230209,0.049856016993484,1.2985247011988188,81.15582612712271,3.3838763530726963,1.0,1650.0,564.0,291.0,11.0,145.0,0.0,768.0,6.519999999999999,4.129999999999998,127.2,7688.0,309.13507004535825,0.0117065556711758,19.31581685744017,6.602497398543184,3.406607700312175,0.1287721123829344,1.6974505723204996,0.0,8.99063475546306,0.0763267429760665,0.0483480749219562,1.489073881373569,3.618906907398835,1.6871165644171782,Tottenham,Everton,2026-05-24T15:00:00Z,38,2.6187396
92,Crysencio Summerville,3.0,1,1.4873748164371934,1.4101831854236713,1.3542056928734252,1.3172760593840596,0.7915192984902504,1.0407607451397949,1.3223124000649034,1.5182899044580005,2.0,73.0,,70.0,168.0,2380.0,54.0,,3.5,1.4,44.0,0.9107868180919828,1.0951527852122245,1.16085576712912,1.203309571343217,1.3152548847855938,1.4094199807491106,1.5375319051139422,1.6147602101157532,0.0024666980512961,13.236486928717277,17.290111504080073,2.8128523408436132,0.1158442184834716,1.6038665902779965,0.0,15.001877674280232,0.1574789451699133,0.176097063008377,1.359323419035113,87.97848554344809,3.668709528961235,0.021263542503397,13.494142005764818,16.545206291349498,3.3544348840270004,0.1748069022843688,1.4412226712735503,0.0,17.56097999234592,0.1853838542378048,0.147525668268714,1.2600872960424754,83.828902208236,3.853259109938242,0.0504502050707064,12.438827722137242,15.3698879669594,3.216786567267043,0.1623580909817623,1.390435151930137,0.0,17.118216901718906,0.1723733871853664,0.1178895685363859,1.2008537676769928,75.37700674687561,3.511269987219956,0.0726995626302269,11.313285260766952,14.540123837539118,2.932864370941678,0.1367125650719856,1.3638630332916435,0.0,15.980819078325762,0.1528783747580952,0.1000120235358553,1.1704568736330758,67.54953307776968,3.1408198612927634,3.0,576.0,791.9,150.0,6.0,77.0,0.0,836.0,7.51,4.85,67.81,3409.0,155.57521822218098,0.0792021120563215,15.206805514813729,20.906717512466997,3.9601056028160753,0.158404224112643,2.0328542094455853,0.0,22.070988559694925,0.1982692871809915,0.128043414491053,1.7902317395130538,4.10729528893995,0.7989347536617843,West Ham,Leeds United,2026-05-24T15:00:00Z,38,3.5747552
93,Curtis Jones,3.0,1,1.3398971820673846,1.3739348418074238,1.4343213778237405,1.471195734191458,1.5252828948975592,1.3982776425588164,1.364558433783409,1.3824857175755458,,88.0,,155.0,206.0,1833.0,54.0,,2.2,0.1,173.0,1.7948830310854702,1.7638612024277347,1.777071859288577,1.882232119440549,1.369070929853555,1.3107531840700402,1.284425194007207,1.240001898284402,0.1115143616538073,16.322524472244773,11.362561260441522,2.6216073024696813,3.768227453657876e-06,1.8105076809044032,0.0,7.265260189527818,0.0367825522410068,0.0534512788965744,1.309950220234197,76.23375463372331,2.7620358921816983,0.103205276887231,14.320629347914952,11.46345230887523,2.496602156499924,0.001021880881187,1.3904259964778651,0.0,7.399192373265396,0.0460665441013907,0.0636894990848012,1.1167134455236452,66.2554468890954,2.684032099262891,0.095572197856721,12.959399631118137,11.71041987378784,2.349306746719446,0.0106570507777765,1.16814784324149,0.0,7.6773987102598,0.0598162103896632,0.0691580470592539,0.9817031357996008,59.7369837880736,2.570371368890243,0.0925377981361785,12.128256439317912,11.446639381646884,2.307100286017232,0.0273302341657633,1.054028048074689,0.0,8.300789394098654,0.076079581630704,0.066413616039016,0.9101694277910902,56.208733925633894,2.5109277557064664,3.0,1067.0,1013.2,220.0,5.0,91.0,0.0,873.0,9.06,5.399999999999999,84.05,5064.0,233.68098285106296,0.0533175355450237,18.963270142180097,18.007109004739334,3.909952606635071,0.0888625592417061,1.617298578199052,0.0,15.515402843601894,0.1610189573459715,0.0959715639810426,1.4937796208530807,4.1530980364525405,0.5518763796909493,Liverpool,Brentford,2026-05-24T15:00:00Z,38,2.4764757
94,Daichi Kamada,3.0,1,1.5307612174333038,1.704751939684622,1.7738301193564938,1.7869121026055728,0.4657699536268272,0.6514597285203065,0.7347335178883116,0.7858168606284246,4.0,110.0,,220.0,283.0,1854.0,50.0,,2.4,0.1,231.0,0.8536648314803988,0.9633492160206902,1.1009359698913324,1.2156295095884035,1.959796680245826,1.6478487045487895,1.45378389198278,1.3520910246488829,0.0017893809882804,11.117100113369432,13.821911479472014,2.2716382500361862,0.0,1.45083556440999,0.0,3.9712596286973127,0.0518430538527069,0.160638169306902,1.050526757700291,59.09658284168555,2.805173055132073,0.0162701234059416,11.022122255303255,13.330773246118142,2.1435767043991665,0.0,1.2275966530602724,0.0,4.399628290111503,0.0505666259356759,0.1318430903051519,0.9212090515876898,59.87311928831344,2.6961487911578934,0.0380759328632946,11.0173302012475,12.542347714235207,2.097530502448785,0.0,1.0814064005099429,0.0,4.933156294043584,0.0502696358306739,0.1080168948586594,0.8561922840574003,59.71945261584039,2.631797708851868,0.0543401626615167,10.71403329561813,12.038242710934608,2.0220096639261533,0.0,1.0077202467300197,0.0,5.145479642359393,0.0485494291891705,0.092910853126756,0.8230189628713651,58.18151255693752,2.5272880072482913,2.0,574.0,662.9000000000001,108.0,0.0,54.0,0.0,300.0,2.609999999999999,4.42,45.36,3171.0,134.55551011673256,0.0567644276253547,16.291390728476824,18.814569536423843,3.0652790917691584,0.0,1.5326395458845792,0.0,8.514664143803216,0.0740775780510879,0.125449385052034,1.2874172185430464,3.818983257806979,0.0,Crystal Palace,Arsenal,2026-05-24T15:00:00Z,38,2.0600054
95,Dan Burn,2.0,0,0.6778779658843567,0.924018470010329,1.1073081949231147,1.2014107865787766,1.1735260962061695,1.2474230176816807,1.319555879612648,1.3684865116798042,,290.0,,196.0,118.0,2112.0,50.0,,3.3,3.5,194.0,1.3275696596803437,1.3822876109761566,1.4569662457029895,1.5517182423639602,1.3846503455189316,1.4919863902684225,1.457703428287506,1.4015191720577116,0.0145391712064982,8.783605300403746,3.657688971993169,2.45430357582264,0.128198076046834,0.9352865025887556,0.0,11.233875203727402,0.0817538421510212,0.007324435192337,1.009214140742671,62.540132616200886,2.824038334189885,0.0528258419456266,9.172208434029573,3.501199886154699,2.6205202317951035,0.0848566172506952,1.1407425112173646,0.0,9.68704514939632,0.0669382854375521,0.0091216217914825,1.0700223223744088,68.62463502330228,2.974127393285265,0.0816074131345065,10.889109909809887,3.898272635949397,2.8954277446409766,0.0573908106032484,1.255516142064471,0.0,8.639086349233443,0.0529672515627979,0.0142940933272363,1.090805376604682,75.24498695641792,3.2082036998108108,0.0954365806199153,12.928465224748106,4.3546315552332615,2.988846820622313,0.0466322215280014,1.331819720473366,0.0,8.591252225770031,0.0520444203737981,0.021130506668501,1.1376813121976277,79.50996889247159,3.3496117768060047,3.0,2134.0,725.6,389.0,6.0,191.0,0.0,1274.0,8.269999999999998,4.2299999999999995,163.32,11052.0,458.2440256799587,0.02442996742671,17.37785016286645,5.908794788273616,3.167752442996743,0.0488599348534201,1.5553745928338762,0.0,10.37459283387622,0.0673452768729641,0.0344462540716612,1.3299674267100976,3.731628873615299,0.7255139056831924,Newcastle Utd,Fulham,2026-05-24T15:00:00Z,38,2.9725678
96,Dan Ndoye,3.0,1,1.5322076893718972,1.5176230765891512,1.5246329989409293,1.5307653860088308,0.8043382958227075,1.0216501233696416,1.230935744218627,1.342933417719982,4.0,166.0,,247.0,312.0,1167.0,55.0,,2.1,0.7,172.0,1.2386759822344755,1.0933020845564438,1.0684274129612044,1.10178226315416,0.9176575927914672,1.132779720903621,1.2791317224535184,1.3496934200611543,0.0103205700622508,4.256280440386874,5.405548910946812,1.1257485899924349,0.0011861932600106,0.1942222411000048,0.0,3.831566550639878,0.0255702216655914,0.022801523269968,0.2772949412815406,21.390943165980264,1.2902586919618433,0.0355610825432339,5.211790857818486,7.119250073784926,1.4302928619997175,0.0096311833588055,0.3967284908240757,0.0,5.504438473316381,0.0371624058722314,0.0398319099501554,0.4285707508139957,32.238623082982315,1.5867465758565025,0.0572878494808384,6.151468812531286,8.082808868157928,1.7139103315870308,0.0217056569947927,0.5470174683225051,0.0,6.487518521884796,0.0415590781958778,0.0511005674267712,0.5410213490916601,40.15203004327809,1.7911434247148093,0.0699717814141946,6.749240518079121,8.579063459733703,1.889607321316048,0.0306685171300374,0.6280637912191952,0.0,6.995149463248969,0.0429573012004549,0.0570400650927541,0.6027099821786961,44.407109866986424,1.8992621757423849,2.0,178.0,217.7,50.0,1.0,17.0,0.0,180.0,1.05,1.51,15.96,1167.0,48.15087420228385,0.1542416452442159,13.727506426735218,16.789203084832906,3.8560411311053984,0.0771208226221079,1.311053984575835,0.0,13.881748071979434,0.0809768637532133,0.116452442159383,1.2308483290488432,3.7134350284537674,0.9523809523809524,Nottingham Forest,Bournemouth,2026-05-24T15:00:00Z,38,2.0206325
97,Dan Neil,3.0,1,1.0573950106173575,1.221091675632897,1.4163659335031855,1.5678551940989556,1.7569017770351965,1.6540987203742674,1.4778527368431342,1.381497105747743,,436.0,,469.0,456.0,13.0,48.0,,1.0,0.0,718.0,0.7675233970187854,0.9018304933015092,0.9776818836063088,1.0146485260198097,0.8372079250749113,0.9242158068735172,0.946946479493888,0.9508819153147268,0.0,3.262295081967213,0.5737704918032785,1.0,0.0,0.0,0.0,0.0,0.0,0.0,0.2393442622950819,5.098360655737704,1.0001406541140485,0.0,3.298892988929889,0.5166051660516605,1.0,0.0,0.0,0.0,0.0,0.0,0.0,0.2254612546125461,4.690036900369004,1.000142613387662,0.0,3.3163891323400523,0.4907975460122699,1.0,0.0,0.0,0.0,0.0,0.0,0.0,0.2191936897458369,4.505696757230499,1.0001435500459297,0.0,3.324930570390942,0.4785302285836359,1.0,0.0,0.0,0.0,0.0,0.0,0.0,0.2162144840845973,4.418073061311685,1.0001440073129042,0.0,10.0,1.4,3.0,0.0,0.0,0.0,0.0,0.0,0.0,0.64,13.0,3.0004333714676674,0.0,69.23076923076924,9.692307692307692,20.76923076923077,0.0,0.0,0.0,0.0,0.0,0.0,4.430769230769231,20.772231033237695,,Sunderland,Chelsea,2026-05-24T15:00:00Z,38,1.6793339
98,Dane Scarlett,4.0,1,1.6283071946132468,1.5057146814462412,1.3634947000475075,1.2786717611892149,2.0676488183511657,1.6928646449335476,1.4536958060334333,1.368632576429858,,429.0,,466.0,477.0,7.0,43.0,,1.0,0.6,425.0,1.12966324794356,1.228420297282852,1.355866560356186,1.4773590333027262,1.6067397178388163,1.5263678524561246,1.515973789142368,1.5225599737271578,0.0,4.10190476410254,2.1243207029037463,1.3360680233941882,0.0,0.1400283430809116,0.0,3.074686346033426,0.0056011337232364,0.0021879428606392,0.1507731446518997,5.980224301208719,1.0296166595247165,0.0,4.005964920132368,1.7842540150337016,1.318716667371746,0.0,0.1180432101376836,0.0,2.733741718119035,0.0047217284055073,0.0014573235819467,0.1930044672773327,5.901198530079761,1.023879971033254,0.0,3.918970124915735,1.5971266806981446,1.2982520350687428,0.0,0.1046498368662256,0.0,2.510790349894122,0.004185993474649,0.0011595549791271,0.217556408718345,5.7528713470851205,1.0208119640130109,0.0,3.869704519598343,1.5027299922984576,1.285975184575301,0.0,0.0977692938718976,0.0,2.392747955190149,0.0039107717548759,0.0010284738342868,0.2304520544637769,5.65560972808884,1.0192988271803205,0.0,42.0,15.5,14.0,0.0,1.0,0.0,25.0,0.04,0.01,2.6800000000000006,61.0,11.19604822206071,0.0,61.967213114754095,22.868852459016395,20.65573770491803,0.0,1.475409836065574,0.0,36.885245901639344,0.0590163934426229,0.0147540983606557,3.9540983606557383,16.51875967189285,0.0,Tottenham,Everton,2026-05-24T15:00:00Z,38,1.5900673
99,Dango Ouattara,3.0,0,1.8359064248683763,1.78747508218593,1.7882183641372678,1.8851857440962256,1.8952567438828445,1.5796778656740686,1.420205125806682,1.3092227962416565,3.0,76.0,,46.0,119.0,2181.0,56.0,,4.3,1.6,26.0,1.1748714775842306,1.3043720462789254,1.4045468873177778,1.4575194754261969,1.4066036186219488,1.3314196026761185,1.3311119711831043,1.3665151862017706,0.2189607419616239,18.3032408822167,18.377580003352424,5.475846611515197,0.4291199478169389,1.3510737700595614,0.0,32.16162206348323,0.3237939841057011,0.1560263821963186,1.2226552563529665,72.60097330189498,4.732003593630497,0.250856396088536,15.927434110829514,17.818427525671854,4.652279570677482,0.286276493957472,1.2346372375669177,0.0,26.227114588566156,0.2621160886846741,0.1668142813986989,1.144876441119181,72.49072376176598,4.290692457605319,0.2609747795118729,14.405792733142388,16.04464562138211,4.212951101754814,0.233463525008082,1.1126702177689185,0.0,23.55761248468888,0.2416970032925098,0.1437852671574307,1.084578166751748,70.26538915771374,3.983797489865289,0.2615562955395784,13.220162932483763,14.676451296342078,3.851888086816298,0.2016543229022905,1.0226639199306031,0.0,21.910058702010375,0.2278382995249242,0.1198023479356487,1.0384598221922705,66.41325908062798,3.7010471248524888,8.0,1229.0,1424.7,350.0,16.0,104.0,0.0,2060.0,21.42,9.87,106.65,6425.0,348.40020438619155,0.1120622568093385,17.21556420233463,19.956887159533075,4.902723735408561,0.224124513618677,1.4568093385214007,0.0,28.856031128404673,0.3000466926070039,0.1382568093385213,1.493929961089494,4.880314147043928,0.7469654528478058,Brentford,Liverpool,2026-05-24T15:00:00Z,38,3.4438543
100,Daniel Ballard,2.0,1,1.0573950106173575,1.221091675632897,1.4163659335031855,1.5678551940989556,1.7569017770351965,1.6540987203742674,1.4778527368431342,1.381497105747743,,204.0,,84.0,49.0,2144.0,47.0,,4.0,2.9,75.0,1.1157326083491907,1.060002388633738,1.0444781914255992,1.0474167586772445,2.2524702577301112,1.7885280543356783,1.5492458805302454,1.4327039898069371,0.054819472033417,3.47933125813864,6.3185875076427225,2.030450618525872,0.0026968724795194,1.7614071704997296,0.0,6.977386299700105,0.0431244591747923,0.0147143996040498,1.0368229908487288,64.68779503717995,2.4738987848587866,0.0685295977067499,7.747413556080137,6.763066323402247,3.025747448055358,0.0182507768680635,1.5609485432099586,0.0,9.21183800063896,0.0648580596107448,0.0163654573108446,1.1675157294367184,71.8057324908435,3.3433008351784363,0.0706386787500754,9.833489808369274,6.582758862167678,3.5272234918981473,0.0385182913854818,1.4028864657689788,0.0,10.880398341041683,0.0761000108774523,0.0184003716292592,1.183127979134467,73.8994161670462,3.698094592821033,0.0702606957779846,10.80976863800102,6.423121377813335,3.768875159592914,0.0526261470587535,1.3083093082745385,0.0,11.807957543151876,0.0808872788506849,0.0199019230159237,1.1708566792366215,74.1963828617827,3.843100792209088,2.0,340.0,181.2,116.0,2.0,35.0,0.0,370.0,2.46,0.63,33.2,2144.0,115.02356499493848,0.083955223880597,14.272388059701491,7.606343283582088,4.869402985074626,0.083955223880597,1.4692164179104477,0.0,15.531716417910449,0.1032649253731343,0.026445895522388,1.3936567164179106,4.828414575347231,0.8130081300813008,Sunderland,Chelsea,2026-05-24T15:00:00Z,38,2.8834093
101,Daniel Bentley,1.0,0,0.7880939941043962,0.88089881267518,0.9708858168980458,1.0216470235091468,1.9916444456516489,2.0329944594527656,2.001641049126402,1.9158268090481736,,528.0,,452.0,415.0,270.0,39.0,,2.0,0.5,496.0,0.7365284336333714,0.7862458624358661,0.8281449837763929,0.906534612479342,1.6806901616117569,1.6541475602278146,1.666190147921868,1.6772520141737992,0.0,10.814222639492533,0.0,2.662722223697833,0.0,2.1307226397190413,2.5767415679450862,0.0,0.0,0.0,1.6282715466322022,86.80365102196369,2.8224776315151012,0.0,12.366394878082987,0.0,2.9503763695548804,0.0,1.945467663735627,2.652857392243536,0.0,0.0,0.0,1.6645298664878698,85.42546440860704,2.8779062871959087,0.0,13.285599209834109,0.0,3.102108030672154,0.0,1.846530649272525,2.729507609346802,0.0,0.0,0.0,1.687092857485636,84.82476714654054,2.9161209655332367,0.0,13.764797787580283,0.0,3.17695887980983,0.0,1.797661841350854,2.7781397849935026,0.0,0.0,0.0,1.699748298040617,84.56382342097974,2.9376058144608614,0.0,171.0,0.0,39.0,0.0,21.0,34.0,0.0,0.0,0.0,20.56,1012.0,35.524860768934715,0.0,15.207509881422924,0.0,3.4683794466403164,0.0,1.867588932806324,3.0237154150197627,0.0,0.0,0.0,1.8284584980237153,3.159325562454669,,Wolves,Burnley,2026-05-24T15:00:00Z,38,2.8407972
102,Daniel James,3.0,0,0.9286294544735864,1.0856375066906117,1.1528129081947445,1.198210556571093,1.6522039078284754,1.568477982680725,1.610655951538412,1.6495020971055678,2.0,266.0,,356.0,416.0,527.0,52.0,,1.2,0.1,246.0,1.609218520546492,1.4557591011541449,1.3728565942724111,1.3255979439912915,0.9893991231128136,1.1564008437632494,1.3919395085176185,1.558113373678318,0.0,5.132482308884547,5.33331996607528,1.1803185093620725,0.0,0.4102015192003104,0.0,7.791310295108849,0.0469164678717618,0.0265639731645445,0.8575769940041098,30.859404485766337,1.55655678389447,0.0,4.93027855206491,6.123674963882981,1.1786086738671817,0.0,0.5880940517116034,0.0,8.244605893794937,0.0477897024456679,0.029351421102327,0.8011349975978419,28.979604838417387,1.553162471039732,0.0,4.849151518971479,6.7099531773937215,1.2044835607815876,0.0,0.6960518693728374,0.0,8.913857621244913,0.0527776488828342,0.0319417125258191,0.7931925288335937,29.979993791369637,1.6089832244074318,0.0,4.820341972904231,7.027068243320487,1.2250374141389773,0.0,0.7493892147483656,0.0,9.37039431455113,0.0563535711216114,0.0332736401410518,0.7937856783899384,30.993532705413433,1.6516918385196042,0.0,96.0,146.9,25.0,0.0,16.0,0.0,198.0,1.21,0.69,15.94,646.0,34.049757877122644,0.0,13.374613003095975,20.46594427244582,3.4829721362229105,0.0,2.2291021671826625,0.0,27.58513931888545,0.1685758513931888,0.0961300309597523,2.2207430340557277,4.743774317246189,0.0,Leeds United,West Ham,2026-05-24T15:00:00Z,38,1.9077971
103,Daniel Muñoz Mejía,2.0,1,1.5307612174333038,1.704751939684622,1.7738301193564938,1.7869121026055728,0.4657699536268272,0.6514597285203065,0.7347335178883116,0.7858168606284246,,90.0,,69.0,81.0,2355.0,59.0,,4.8,9.4,79.0,0.8536648314803988,0.9633492160206902,1.1009359698913324,1.2156295095884035,1.959796680245826,1.6478487045487895,1.45378389198278,1.3520910246488829,0.2056138639826976,12.624118865412184,17.22976804332277,3.889947806874353,0.0983805626475245,1.6913466823951615,0.0,11.272168921552602,0.0454077740831025,0.1052550829347084,1.2643763226917852,80.13034659658553,3.040794322966651,0.1379985333883442,14.271184944565103,15.88067821813293,4.215247328224562,0.1244731669885166,1.4469089043896728,0.0,12.109170611601092,0.0631068958136452,0.1192852347502266,1.2014494890333494,80.695918032017,3.841616483443788,0.1299240225723721,15.538809926958388,15.062369735456423,4.537408040754412,0.1366401860522976,1.2960786641535624,0.0,12.907742112446758,0.0749628356362991,0.1291236507581936,1.1852946405505305,82.12908605847802,4.348157313634306,0.1340611493854554,16.210055946668756,14.591919200251386,4.71726571716669,0.1407891530316965,1.218596226251761,0.0,13.365337849230738,0.0806870511180126,0.1346268629447419,1.1824069689298156,83.0820286587529,4.597020659590639,4.0,472.0,394.8,137.0,4.0,32.0,0.0,387.0,2.4,3.93,33.11,2355.0,135.14783192418398,0.1528662420382165,18.038216560509554,15.087898089171974,5.235668789808917,0.1528662420382165,1.2229299363057324,0.0,14.789808917197451,0.0917197452229299,0.1501910828025477,1.2653503184713375,5.16488529646563,1.6666666666666667,Crystal Palace,Arsenal,2026-05-24T15:00:00Z,38,2.581194
104,Danny Welbeck,4.0,1,1.840832047565444,1.809043192946828,1.7503560523911208,1.6644300751948404,1.22773277493323,1.230558127920629,1.293397159421104,1.3794963287296922,,133.0,4.0,37.0,85.0,2191.0,64.0,2.0,3.5,8.9,16.0,1.8979750167610736,1.6183302800534345,1.5159138462337038,1.5053512875565596,0.950092104134086,0.996701352389878,1.117944961587651,1.2325660053177352,0.1280415518592175,16.042379212455234,7.537940998006739,3.809840757864338,0.2625847153750543,0.4485131992531024,0.0,32.59228667568698,0.3073780294926138,0.0332347150306058,0.7255133813258452,64.64718127814304,3.5037177470479293,0.082866857678822,15.78833709273365,8.433865722348964,3.798128970574904,0.3137058558425576,0.507228748395548,0.0,29.13772784086432,0.326951106600849,0.0388010497662047,0.7894426620669518,63.48539667859133,3.580086906385217,0.0535785874586953,15.012958146959663,9.016063307580186,3.67560815910904,0.3291875095832741,0.6709753262290945,0.0,25.312094937819587,0.3257553280640208,0.0404712814039254,0.865157232756102,62.90878475103168,3.5429174303227837,0.0397381643507212,14.598045400096677,9.805590763395465,3.621485943117901,0.328484458189131,0.8368203925910908,0.0,23.7359631446808,0.3095711829655794,0.0440161548940744,0.9354999613008108,62.96525261411704,3.4645692515831676,1.0,1750.0,1380.9,441.0,39.0,121.0,0.0,3015.0,33.91,6.619999999999998,122.35,7711.0,408.06999348000943,0.0116716379198547,20.42536635974582,16.11736480352743,5.147192322655946,0.4551938788743353,1.412268188302425,0.0,35.18998832836208,0.3957852418622746,0.0772662430294384,1.428024899494229,4.76284520985616,1.1501032143910352,Brighton,Manchester Utd,2026-05-24T15:00:00Z,38,3.9946086
105,David Brooks,3.0,0,2.1739274766868766,1.800014640187395,1.4843813892721411,1.3253187290721609,1.2760144320047273,1.197664595650709,1.2623114361549288,1.3267371701590465,5.0,94.0,4.0,131.0,280.0,1188.0,50.0,,1.9,0.2,64.0,1.665259611714872,1.5751367596388566,1.5522578466798904,1.5446869163772212,0.7554228697783842,1.0240556929622369,1.2430957966446117,1.3519282732907731,0.1421322443119428,4.627556540189037,8.749926714216196,1.8093558703382968,0.0088026449501839,0.3960554492919256,0.0,7.659641027480309,0.1998137374540348,0.0539868255856789,0.5458381441606952,22.440935009964136,2.3029841820583705,0.1179833762546098,5.413807295397727,10.03585518075,1.8299404830877624,0.0239641662905147,0.4781408890717965,0.0,10.040996465187868,0.1844608252101796,0.0729168857375033,0.6022373812064208,28.07541419872463,2.3519616931966434,0.104102064005155,6.097848744337221,11.11110017100262,1.8338698939764,0.0339204210767101,0.5417767944195222,0.0,11.787228214811432,0.1727090819171569,0.0842686443316681,0.610764460328825,32.463667724704216,2.400380968509915,0.099138325160411,6.380749027706461,11.288548435220644,1.821268881479525,0.0414697943921617,0.555583634023572,0.0,12.01204758655681,0.1589504254602672,0.0847685616555538,0.5963647990105536,33.70826838617558,2.351097823661742,3.0,497.0,842.4,139.0,4.0,43.0,0.0,889.0,11.11,6.079999999999999,44.379999999999995,2570.0,172.95884985418277,0.1050583657587548,17.40466926070039,29.500389105058364,4.8677042801556425,0.1400778210116731,1.5058365758754864,0.0,31.13229571984436,0.3890661478599221,0.2129182879377431,1.5541634241245137,6.056924703064767,0.36003600360036,Bournemouth,Nottingham Forest,2026-05-24T15:00:00Z,38,2.2629776
106,David Møller Wolfe,2.0,0,0.7880939941043962,0.88089881267518,0.9708858168980458,1.0216470235091468,1.9916444456516489,2.0329944594527656,2.001641049126402,1.9158268090481736,,277.0,,361.0,344.0,969.0,42.0,,1.6,0.1,348.0,0.5892227469066972,0.7076212761886956,0.7867373521018872,0.8837968096905914,1.9445521292894057,1.788732804211168,1.7328812565570086,1.710429327457707,0.0175082602470732,3.5321819182821894,3.430306509142282,1.7683785876569624,0.0,0.6867659809475776,0.0,0.787110922703211,0.002089099178231,0.0175663717908887,0.9084215831313854,45.05042715014265,1.7556888133246908,0.0485665162966146,3.620629929599368,4.406116553079929,1.66409787425383,0.0,0.8184390720602299,0.0,1.475267424326769,0.0042880806290144,0.0313686697720458,0.908237410083168,44.20066946203748,1.6952317315913403,0.071088857086325,3.5472611838616492,5.1080216944913,1.612079955897928,0.0,0.9276659456276298,0.0,1.8620908277941768,0.0053881848160466,0.0409295683667729,0.922601937620912,44.99920156766411,1.6870242544621397,0.0831751633945278,3.4916024314358833,5.46320324399577,1.5899792928002057,0.0,0.9874867768264436,0.0,2.0376890547624265,0.0058385177484642,0.0458202157044819,0.9317709436589032,45.55897940387136,1.685138720476746,2.0,72.0,121.7,33.0,0.0,22.0,0.0,46.0,0.13,1.06,19.77,969.0,35.341057250542384,0.1857585139318885,6.687306501547988,11.303405572755418,3.065015479876161,0.0,2.043343653250774,0.0,4.272445820433437,0.0120743034055727,0.0984520123839009,1.8362229102167185,3.282451137821274,0.0,Wolves,Burnley,2026-05-24T15:00:00Z,38,1.907379
107,David Raya Martín,1.0,0,1.0829318651843192,1.067014294422874,1.145889565874812,1.235301562856742,1.967837344196661,1.6830638340953552,1.4810949370442836,1.36834061592233,,390.0,,272.0,105.0,3330.0,62.0,,4.4,36.5,832.0,1.6634515217916297,1.7830577107642605,1.8145583965856904,1.80715560782024,0.5822124420335341,0.7238441428036401,0.7734040602432958,0.806032190476869,0.0,20.580273708453063,0.2623207503622252,5.832189051070451,0.0,0.465604129263608,1.734895427060519,0.0,0.0,0.0024297295523516,0.7796952091499755,90.0,5.884817572662565,0.0,18.5186891127096,0.5865700603647481,5.074356575288213,0.0,0.6445399235065046,1.7450978451129318,0.0,0.0,0.0018243391910707,0.8043889412659851,90.0,5.336506294331338,0.0,17.495657715688893,0.7671533357550216,4.6750245378934645,0.0,0.7038410158273991,1.6759094103436083,0.0,0.0,0.0017046992837457,0.786294573199326,90.0,5.072204121906557,0.0,17.189127726425866,0.8430152535986035,4.524372673113981,0.0,0.7119578942895155,1.641059229931676,0.0,0.0,0.0017533282203211,0.767747413357192,90.0,4.986469166927819,0.0,633.0,33.5,164.0,0.0,26.0,60.0,0.0,0.0,0.07,27.56,3330.0,183.15346044802536,0.0,17.10810810810811,0.9054054054054054,4.4324324324324325,0.0,0.7027027027027026,1.6216216216216215,0.0,0.0,0.0018918918918918,0.7448648648648648,4.950093525622306,,Arsenal,Crystal Palace,2026-05-24T15:00:00Z,38,4.755229
108,Dean Henderson,1.0,1,1.5307612174333038,1.704751939684622,1.7738301193564938,1.7869121026055728,0.4657699536268272,0.6514597285203065,0.7347335178883116,0.7858168606284246,,443.0,,195.0,28.0,3240.0,51.0,,3.6,9.1,813.0,0.8536648314803988,0.9633492160206902,1.1009359698913324,1.2156295095884035,1.959796680245826,1.6478487045487895,1.45378389198278,1.3520910246488829,0.0,7.2029774473098955,0.0017444478662575,2.5033655786493343,0.0,2.0247252738754664,2.4693251588415657,5.021681403195014e-07,1.2554203507987534e-09,0.0014764103805073,1.508254785990223,90.0,2.926883260554143,0.0,10.922789351631891,0.0665216515567086,3.149166535015986,0.0,1.7610314089905843,2.810489668143617,0.0004716517401203,1.1791293503009076e-06,0.0019252738070339,1.4380963600961656,90.0,3.712074217943088,0.0,13.114490220375272,0.2637991492296594,3.4442100968132032,0.0,1.5852286758741647,2.9132054073011453,0.0075879664344766,1.8969916086191697e-05,0.0021513356402664,1.3775617349611438,90.0,4.08586954248302,0.0,14.046152582315395,0.4050121402816586,3.51338045540385,0.0,1.5045081808106695,2.9412217664407203,0.0221721346798686,5.543033669967158e-05,0.0020218862149414,1.3461903482438076,90.0,4.166810225279919,0.0,1282.0,40.0,301.0,0.0,130.0,263.0,4.0,0.01,0.14,118.53,7920.0,357.4741891440802,0.0,14.568181818181817,0.4545454545454546,3.4204545454545454,0.0,1.4772727272727275,2.9886363636363633,0.0454545454545454,0.0001136363636363,0.001590909090909,1.346931818181818,4.062206694819094,0.0,Crystal Palace,Arsenal,2026-05-24T15:00:00Z,38,2.6745284
109,Declan Rice,3.0,0,1.0829318651843192,1.067014294422874,1.145889565874812,1.235301562856742,1.967837344196661,1.6830638340953552,1.4810949370442836,1.36834061592233,1.0,4.0,1.0,13.0,20.0,3093.0,72.0,,5.1,24.0,110.0,1.6634515217916297,1.7830577107642605,1.8145583965856904,1.80715560782024,0.5822124420335341,0.7238441428036401,0.7734040602432958,0.806032190476869,0.0633931975308977,17.21568459182168,20.287347279844997,4.007512552538664,0.0100240913447113,0.4648948377382939,0.0,4.098817473371093,0.0191154746054172,0.1564884963316225,0.7488683450615689,86.0074968347267,4.223167407169711,0.1327380958085831,19.197541543795968,24.35870117776407,4.462543365893748,0.0496307587097548,0.6427319967043331,0.0,5.952486346387366,0.0473129266174406,0.1797678140608586,0.7563701722730187,86.56061662766356,4.431129531248039,0.1860916533583503,20.45333443063395,26.685517195370345,4.78818459754048,0.0932847570784046,0.7100668794097965,0.0,8.0611334839404,0.0750665974719077,0.1874340227753969,0.7331065560314387,85.93453303593614,4.5364861673856955,0.2172673952271684,20.46633796024119,26.387615744466252,4.67867124413563,0.1156245769094865,0.7709103156631321,0.0,9.458351243533867,0.0869400250822429,0.1772915112701441,0.7508462523506017,85.02230781935576,4.326099211948927,9.0,3254.0,3483.1,647.0,19.0,167.0,0.0,1705.0,13.749999999999998,21.26,152.57,14119.0,595.7051856334167,0.0573695020893831,20.742262199872513,22.202634747503364,4.12422976131454,0.1211133932998087,1.0645229832141088,0.0,10.868333451377575,0.0876478504143352,0.1355195127133649,0.9725405481974644,3.797256654650294,1.381818181818182,Arsenal,Crystal Palace,2026-05-24T15:00:00Z,38,4.836784
110,Dennis Cirkin,2.0,1,1.0573950106173575,1.221091675632897,1.4163659335031855,1.5678551940989556,1.7569017770351965,1.6540987203742674,1.4778527368431342,1.381497105747743,,441.0,,441.0,415.0,319.0,40.0,,1.8,0.0,419.0,1.1157326083491907,1.060002388633738,1.0444781914255992,1.0474167586772445,2.2524702577301112,1.7885280543356783,1.5492458805302454,1.4327039898069371,0.0,3.2179341657207727,0.8770422868814385,1.172318964960365,0.0,0.1291461722789759,0.0,1.7349648865387628,0.0153804035202667,0.0011339663907422,0.5119998831089333,28.310124304421254,1.179794009176082,0.0,4.300188493098,1.0334115407121685,1.4579005714490996,0.0,0.1876602925706876,0.0,1.467271761473119,0.0126419411251106,0.0017729232060545,0.6527106056527491,33.84351777182136,1.470725349840588,0.0,4.843814940397799,1.1212585387407343,1.604641512935138,0.0,0.218687996902456,0.0,1.3513408771403976,0.0112900495254467,0.0021294061196415,0.730750109887736,36.83003411039057,1.6245090743547523,0.0,5.111555776647927,1.1665971389151464,1.6776687890295814,0.0,0.2343474494416635,0.0,1.298783322833126,0.0106355014063404,0.0023134395761927,0.7708133466293118,38.349211621218025,1.7021400955653436,0.0,43.0,9.7,14.0,0.0,2.0,0.0,10.0,0.08,0.02,6.49,319.0,14.238130760812538,0.0,12.131661442006273,2.7366771159874608,3.949843260188088,0.0,0.5642633228840125,0.0,2.8213166144200623,0.0225705329153605,0.0056426332288401,1.831034482758621,4.017027487376579,0.0,Sunderland,Chelsea,2026-05-24T15:00:00Z,38,1.7389672
111,Destiny Udogie,2.0,1,1.6283071946132468,1.5057146814462412,1.3634947000475075,1.2786717611892149,2.0676488183511657,1.6928646449335476,1.4536958060334333,1.368632576429858,,214.0,,309.0,309.0,1246.0,43.0,,1.2,0.3,285.0,1.1282057923933262,1.1127767896515215,1.2087453529772576,1.3549376030724047,1.3935215610808525,1.605256844410009,1.6353545760796422,1.6071279849705744,0.0139448619880093,3.725686164972022,8.674739084557674,1.1029667299354935,1.940406698200176e-06,1.4126526313181318,0.0,3.20959925900667,0.0043241541419451,0.0274693053670964,0.8801102124357933,74.07784390733781,1.9993804979519347,0.0326540287276718,4.486003527312574,9.356045038366965,1.1373627211604664,0.0005978667706561,1.4436609331572972,0.0,4.0504108387073865,0.007231173280458,0.0338262362769558,1.0275993317723364,71.3390095907194,1.9247711129709892,0.0433922118447074,6.153660555026933,9.817734296288712,1.3491250013421971,0.0060002502567506,1.4450094044060935,0.0,4.902691907278728,0.0141340351510282,0.0408420917921789,1.1597552064357723,71.78485341833401,2.0841647775133874,0.048316181667345,7.87623308804232,10.35940322791306,1.6170986580975033,0.0146596380890506,1.43839749819493,0.0,5.792398009418896,0.0243674389183836,0.0486770526347021,1.2683077396869409,73.91707007797977,2.310929354192637,1.0,724.0,798.9,144.0,2.0,103.0,0.0,507.0,2.8899999999999997,4.2799999999999985,100.97,5560.0,188.2259808668081,0.0161870503597122,11.719424460431656,12.9318345323741,2.330935251798561,0.0323741007194244,1.6672661870503598,0.0,8.206834532374101,0.0467805755395683,0.0692805755395683,1.634406474820144,3.0468234312972537,0.6920415224913495,Tottenham,Everton,2026-05-24T15:00:00Z,38,1.8876729
112,Diego Coppola,2.0,1,1.840832047565444,1.809043192946828,1.7503560523911208,1.6644300751948404,1.22773277493323,1.230558127920629,1.293397159421104,1.3794963287296922,,406.0,,402.0,368.0,193.0,42.0,,2.0,0.1,402.0,1.1516624092624297,1.4134704012600738,1.5010644460776952,1.5275840551065134,1.2367796001817544,1.323665426105844,1.370391104302492,1.3890300412247008,0.0,7.124226558781532,0.9314612089481198,2.1304140885292715,0.0,0.7472632079961922,0.0,0.5949547834364587,0.0,0.0023798191337458,1.2332270347453589,49.5982865302237,2.0787296958236814,0.0,6.788185880686673,0.833410661522307,2.074454836267734,0.0,0.6664061927669653,0.0,0.4883885619398793,0.0,0.0021977485287294,1.056676515835999,43.808722619716235,1.9931053897833588,0.0,6.597812408050273,0.785905807562084,2.0388160812044744,0.0,0.6315504468152413,0.0,0.442049396257223,0.0,0.0020997346322218,0.9773903613891955,41.12775227551834,1.9471093287249193,0.0,6.499541426473708,0.7627322424208476,2.019727572748602,0.0,0.6153812796381937,0.0,0.4205062155664337,0.0,0.0020499678008863,0.9399683569072784,39.84447848646671,1.9237754595845833,0.0,32.0,3.7,10.0,0.0,3.0,0.0,2.0,0.0,0.01,4.52,193.0,9.501801460828212,0.0,14.922279792746114,1.7253886010362696,4.66321243523316,0.0,1.3989637305699485,0.0,0.932642487046632,0.0,0.0046632124352331,2.1077720207253883,4.4308918729250735,,Brighton,Manchester Utd,2026-05-24T15:00:00Z,38,1.8662583
113,Diego Gómez Amarilla,3.0,1,1.840832047565444,1.809043192946828,1.7503560523911208,1.6644300751948404,1.22773277493323,1.230558127920629,1.293397159421104,1.3794963287296922,,127.0,5.0,98.0,153.0,2059.0,49.0,,3.1,0.4,68.0,1.8979750167610736,1.6183302800534345,1.5159138462337038,1.5053512875565596,0.950092104134086,0.996701352389878,1.117944961587651,1.2325660053177352,0.1025015125812092,8.57776007668569,6.770076359410322,3.28579613150056,0.1044636492568118,0.5422855894253275,0.0,11.638185223589913,0.2244467195200565,0.0581482066018434,0.5954012272864871,59.697767194053874,3.828500315043105,0.0757916045125413,10.695374887843151,8.64226332855892,3.436282527233514,0.1468613829701411,0.6644536410312089,0.0,12.13064556675478,0.2003861534913736,0.0591223981331373,0.7745131432049143,65.90692902862902,3.73337922972401,0.0538489103868526,11.33150284258077,9.616405392858075,3.333398336209893,0.1597669462000459,0.7587194418487784,0.0,12.784960867381628,0.1968299250853609,0.0580360740705579,0.8576107383688606,67.29013622395678,3.6149635528121777,0.0426093022892198,11.483425506309652,10.003136716508887,3.2298050455603566,0.1621210677916215,0.8028055581609547,0.0,13.1138794144869,0.1951726000187218,0.0568492666989682,0.8847827396512894,67.16096800309026,3.5248974273078826,1.0,357.0,318.3,96.0,5.0,26.0,0.0,414.0,5.96,1.71,27.85,2059.0,105.75986525238908,0.0437105390966488,15.60466245750364,13.913064594463332,4.19621175327829,0.2185526954832443,1.1364740165128704,0.0,18.096163186012628,0.2605148130160272,0.0747450218552695,1.2173385138416708,4.622820724970868,0.8389261744966443,Brighton,Manchester Utd,2026-05-24T15:00:00Z,38,2.9499004
114,Dilane Bakwa,3.0,1,1.5322076893718972,1.5176230765891512,1.5246329989409293,1.5307653860088308,0.8043382958227075,1.0216501233696416,1.230935744218627,1.342933417719982,3.0,218.0,,347.0,400.0,549.0,59.0,,1.9,0.0,289.0,2.2174093458585955,1.7777940416108506,1.457231199250763,1.30762240589473,0.845018040005908,0.9974050788647442,1.1708124605074612,1.2828488912433935,0.1777610538258912,8.242665730031034,12.588551084412703,2.287639995062422,0.0,0.5740157070668004,0.0,4.91261318229885,0.0282641698182981,0.0696976692300866,0.9699563984122528,41.94845093309977,1.8704906920907984,0.1670439989477422,7.679771668286706,12.622129573964637,2.090294551245087,0.0,0.6360804123245337,0.0,5.703900147359925,0.0343982615557364,0.0722090682163715,0.8653250970443239,40.55836841341229,1.8146185192910744,0.1562325897464551,7.397247335666096,12.680185743491997,1.9738751352930648,0.0,0.6746196146637466,0.0,6.221002917599317,0.0368193727917964,0.0725140660057648,0.8207065748865364,39.83062062069029,1.7820801665826218,0.1497968319536065,7.265596335962927,12.722167992673844,1.9150444274238232,0.0,0.6944929327755982,0.0,6.499573830695337,0.037784596148231,0.0724111315351201,0.8004229120302536,39.50386021353435,1.7657808396919554,2.0,100.0,178.8,26.0,0.0,10.0,0.0,95.0,0.54,1.01,10.94,549.0,24.497077808226063,0.3278688524590163,16.39344262295082,29.31147540983607,4.262295081967213,0.0,1.639344262295082,0.0,15.573770491803277,0.0885245901639344,0.1655737704918032,1.7934426229508196,4.0159143947911575,0.0,Nottingham Forest,Bournemouth,2026-05-24T15:00:00Z,38,2.0036998
115,Diogo Dalot Teixeira,2.0,0,1.518380013408859,1.456497252041452,1.4401174887917136,1.467596997870272,0.9600736833072688,0.9970312171509038,1.1120476617581192,1.2267332376385045,,67.0,,97.0,109.0,2609.0,45.0,,3.3,3.9,177.0,1.5510400594568043,1.6767146588237771,1.6845847107711722,1.6300722140718211,1.0346659686665372,1.1450645865745794,1.256207192705972,1.3635337208812568,0.0254537282921671,10.41947604948369,12.34110490310916,2.4337590209885054,0.0014757397690309,1.2125186135237154,0.0,5.1925111457928885,0.0870100981377821,0.0641314567543583,1.235513216600169,81.2365351908073,3.651114555958781,0.0802473264183125,11.983897788096646,12.511307048165548,2.869345107288264,0.0098541411268009,1.116871134786379,0.0,5.922756511503261,0.0678951463953593,0.0660835301353862,1.1213407632594763,79.79077997704528,3.729532054731589,0.1269369132641108,12.236750219775985,13.16297766687864,3.0518671106104733,0.0167218921573456,1.1705881358495962,0.0,6.340110815793684,0.0609797528578299,0.0692981188805103,1.1369020514624046,79.48714507057844,3.645849970507154,0.1523483762777372,12.439878285223628,13.716333271179783,3.0450822110658344,0.018205118106868,1.2587636714504018,0.0,6.513425929968806,0.0566122141451481,0.0709703112254989,1.2402927042356058,80.61847995775332,3.488199294348562,6.0,1357.0,1454.6,299.0,2.0,137.0,0.0,641.0,4.989999999999999,7.1999999999999975,142.7,8325.0,325.6639221383886,0.0648648648648648,14.670270270270269,15.725405405405404,3.2324324324324327,0.0216216216216216,1.481081081081081,0.0,6.92972972972973,0.0539459459459459,0.0778378378378378,1.5427027027027025,3.520691050144742,0.4008016032064129,Manchester Utd,Brighton,2026-05-24T15:00:00Z,38,2.7905998
116,Divine Mukasa,3.0,1,1.939727876476741,1.639347092096446,1.5294458207117694,1.492088522256452,1.7928720239433336,1.6074334490457554,1.4533604505952842,1.39252795828722,,353.0,,435.0,454.0,25.0,44.0,,1.0,0.0,408.0,1.732773672642246,1.979715753251465,2.0027106401953554,2.001342929618479,0.8167501735845647,0.8918797788908246,0.9749762822142451,1.0161597145765922,0.0,2.5555555555555554,13.744444444444444,1.0,0.0,0.0,0.0,2.2222222222222223,0.0,0.0944444444444444,0.1688888888888889,12.22222222222222,1.283443268515272,0.0,2.526315789473684,13.957894736842103,1.0,0.0,0.0,0.0,2.1052631578947367,0.0,0.1,0.1694736842105263,12.36842105263158,1.3001088380153945,0.0,2.512820512820513,14.056410256410256,1.0,0.0,0.0,0.0,2.0512820512820515,0.0,0.1025641025641025,0.1697435897435897,12.435897435897436,1.3078006393231434,0.0,2.5063291139240507,14.10379746835443,1.0,0.0,0.0,0.0,2.0253164556962022,0.0,0.1037974683544303,0.1698734177215189,12.468354430379746,1.3115004931167442,0.0,5.0,28.3,2.0,0.0,0.0,0.0,4.0,0.0,0.21,0.34,25.0,2.63021570113101,0.0,18.0,101.88,7.2,0.0,0.0,0.0,14.4,0.0,0.756,1.2240000000000002,9.468776524071636,,Manchester City,Aston Villa,2026-05-24T15:00:00Z,38,1.7351016
117,Djed Spence,2.0,1,1.6283071946132468,1.5057146814462412,1.3634947000475075,1.2786717611892149,2.0676488183511657,1.6928646449335476,1.4536958060334333,1.368632576429858,,193.0,,240.0,252.0,1959.0,41.0,,2.5,0.9,197.0,1.1282057923933262,1.1127767896515215,1.2087453529772576,1.3549376030724047,1.3935215610808525,1.605256844410009,1.6353545760796422,1.6071279849705744,0.0,5.1751021035172196,3.99887392482699,1.9398538358120152,2.1267747397671172e-05,0.745236002591991,0.0,4.603570121592284,0.0115525342931936,0.0405458102598383,0.6164563398197661,42.04999467841757,2.096200976141665,0.0,6.438545053919597,6.101283017501866,2.0821137304683823,0.0013343401991725,1.0416357945608046,0.0,6.015551002189286,0.0209725401559701,0.0594930979439785,0.8897018961627486,55.73374715266217,2.5564002956435523,0.0,7.462064234614133,7.078322986936407,2.1864190969295545,0.0064907790425447,1.1879035682187593,0.0,6.062002871838017,0.0256322850853462,0.0615906519603658,1.060656731591417,63.79994968670174,2.8183654802614218,0.0,8.066440678397008,7.525562767872777,2.2324985733662297,0.011780840781676,1.2448625869587948,0.0,5.8339126222960305,0.0267724201891262,0.0600273290885435,1.1403959815143714,66.91961474798315,2.885673182903534,0.0,477.0,435.4,124.0,1.0,70.0,0.0,304.0,1.4599999999999995,3.1699999999999995,65.8,3754.0,157.50991844437863,0.0,11.435801811401172,10.438465636654236,2.9728289824187533,0.0239744272775705,1.6782099094299414,0.0,7.28822589238146,0.035002663825253,0.0759989344698987,1.577517314864145,3.7762100852408302,0.6849315068493151,Tottenham,Everton,2026-05-24T15:00:00Z,38,2.2184787
118,Djiamgone Jocelin Ta Bi,3.0,1,1.0573950106173575,1.221091675632897,1.4163659335031855,1.5678551940989556,1.7569017770351965,1.6540987203742674,1.4778527368431342,1.381497105747743,1.0,443.0,,477.0,476.0,38.0,50.0,,1.0,0.0,451.0,0.8516960496206821,0.9280860951249706,0.9786303353405856,1.0077156366341773,1.4871613981487055,1.350142655070904,1.2552303849430926,1.20449392876976,0.0,4.0,4.3,1.0,0.0,0.0,0.0,2.0,0.0,0.04,0.24,38.0,1.1201801472408548,0.0,4.0,4.3,1.0,0.0,0.0,0.0,2.0,0.0,0.04,0.24,38.0,1.1201801472408548,0.0,4.0,4.3,1.0,0.0,0.0,0.0,2.0,0.0,0.04,0.24,38.0,1.1201801472408548,0.0,4.0,4.3,1.0,0.0,0.0,0.0,2.0,0.0,0.04,0.24,38.0,1.1201801472408548,0.0,4.0,4.3,1.0,0.0,0.0,0.0,2.0,0.0,0.04,0.24,38.0,1.1201801472408548,0.0,9.473684210526317,10.18421052631579,2.3684210526315788,0.0,0.0,0.0,4.7368421052631575,0.0,0.0947368421052631,0.5684210526315789,2.6530582434651824,,Sunderland,Chelsea,2026-05-24T15:00:00Z,38,1.7690988
119,Dominic Calvert-Lewin,4.0,0,0.9286294544735864,1.0856375066906117,1.1528129081947445,1.198210556571093,1.6522039078284754,1.568477982680725,1.610655951538412,1.6495020971055678,,150.0,,28.0,73.0,2653.0,58.0,1.0,4.1,13.5,5.0,1.609218520546492,1.4557591011541449,1.3728565942724111,1.3255979439912915,0.9893991231128136,1.1564008437632494,1.3919395085176185,1.558113373678318,0.0072386152380325,17.731471330503737,6.172392414855758,5.3865893321462845,0.610544263751817,0.7483552668567963,0.0,29.138299588695205,0.4895144548996154,0.0129788868545741,1.3957399982869925,89.2963083644924,4.21141635454411,0.0251024889361174,14.87479100275994,6.706558176466287,4.638012375020906,0.4789216399285445,0.8421715434678135,0.0,29.87027101513072,0.4897887441570199,0.0179984043197116,1.1897830690406594,85.16416405307002,4.2297771863331945,0.0404276513702731,12.979350968289264,7.093713987385011,4.128768762560638,0.3938844901825685,0.8723959301402731,0.0,28.85866001656378,0.4449172500970409,0.0247619989300189,1.0638104993774973,78.32126354704397,4.023181925972374,0.0493871319097309,11.523465217611928,7.40316315396138,3.774818127935984,0.3314617519061909,0.9016830372035116,0.0,28.583168486705503,0.4091964407386531,0.0315218060754334,1.0297302752187472,73.99748526199215,3.829703610856081,2.0,1319.0,1019.0,447.0,36.0,128.0,0.0,3846.0,49.55,5.149999999999999,136.05,9058.0,462.65541844670696,0.0198719364098034,13.105542062265402,10.12475160079488,4.44137778759108,0.3576948553764628,1.271803930227423,0.0,38.213733716052104,0.4923272245528813,0.0511702362552439,1.3517884742768824,4.596929527511993,0.7265388496468215,Leeds United,West Ham,2026-05-24T15:00:00Z,38,4.6425357
120,Dominic Solanke-Mitchell,4.0,1,1.6283071946132468,1.5057146814462412,1.3634947000475075,1.2786717611892149,2.0676488183511657,1.6928646449335476,1.4536958060334333,1.368632576429858,,305.0,,237.0,287.0,997.0,72.0,2.0,2.7,1.7,83.0,0.9379019382682148,1.0312438815470577,1.1880684204493226,1.3566541283746851,2.0185967989860396,1.941367413477819,1.7936795900752491,1.6809395971431424,0.0,11.565139194585518,5.499412503860409,2.321320834085172,0.121704116524538,1.4228877848683998,0.0,24.605506022889216,0.198443816256449,0.0312100547891435,1.0789940551108397,72.43655347941419,2.8019031394190477,0.0,12.37129854565298,5.475770060417795,2.735688951135321,0.1940555767819681,1.5023863608227883,0.0,23.4851760174927,0.2278314222106539,0.0256820383676123,1.2058499231823472,71.27778766909225,3.006020692715437,0.0,12.957626705016036,5.823768172769558,3.069893164874134,0.2381084764460092,1.5244510005955625,0.0,23.547493639318027,0.2636958461517373,0.027183859538638,1.2867398425444676,72.18242719373325,3.232016786808566,0.0,13.4430596098463,6.219922495964096,3.287789753065117,0.2619284913441679,1.528730798232249,0.0,24.226225459639235,0.2932020866504692,0.0302764529441237,1.3345015084348053,73.77971023580152,3.4158071171949915,0.0,591.0,283.9,148.0,12.0,64.0,0.0,1068.0,13.86,1.4699999999999995,57.940000000000005,3196.0,152.98102106972456,0.0,16.64267834793492,7.994680851063829,4.1677096370463085,0.3379224030037547,1.802252816020025,0.0,30.075093867334164,0.3903003754693366,0.0413954943679599,1.631602002503129,4.307976187820779,0.8658008658008658,Tottenham,Everton,2026-05-24T15:00:00Z,38,3.0283425
121,Dominik Szoboszlai,3.0,1,1.3398971820673846,1.3739348418074238,1.4343213778237405,1.471195734191458,1.5252828948975592,1.3982776425588164,1.364558433783409,1.3824857175755458,1.0,2.0,2.0,5.0,19.0,3142.0,71.0,2.0,4.5,13.8,78.0,1.7948830310854702,1.7638612024277347,1.777071859288577,1.882232119440549,1.369070929853555,1.3107531840700402,1.284425194007207,1.240001898284402,0.6486262388486873,26.027312172427234,48.53901463976143,6.035410820692004,0.200682756357965,1.9211700751419616,0.0,13.367600088019898,0.0926693639133332,0.2531639422200276,1.483178556571906,89.96501616733723,4.731317192899694,0.4279438901162437,24.063506937767,42.10336591636326,5.3904270310229805,0.2072919841867655,1.6255505656066922,0.0,12.253309844433254,0.1078730279846637,0.2272767888037777,1.3787309976434,89.15388986496582,4.644594874023079,0.3072320265047765,22.356467977426153,37.358005372673595,4.751103877066341,0.1957937546896777,1.445254902764393,0.0,12.745388621447368,0.1254394339581931,0.2019481506593599,1.2297642775942312,85.14135839102993,4.443479972732052,0.2504404544754708,20.7134451496522,33.599418627966365,4.264907759606721,0.1800186486025096,1.283330913599037,0.0,13.575149676695172,0.1368859444214362,0.1829017256304665,1.08314275130625,79.72508605565432,4.203541828682055,7.0,1802.0,2893.7,368.0,15.0,103.0,0.0,1372.0,13.8,16.31,90.26,7189.0,380.3490831042194,0.0876338851022395,22.559465850605093,36.22659618862151,4.607038531089164,0.1877868966476561,1.289470023647239,0.0,17.17624148003895,0.1727639449158436,0.2041869522882181,1.129976352761163,4.761638263928188,1.0869565217391306,Liverpool,Brentford,2026-05-24T15:00:00Z,38,4.5245357
122,Donyell Malen,3.0,0,2.0877065823215184,2.0313064824181177,1.9983975655290631,1.9899321472113032,0.7760600908270671,0.8320655962724971,0.902284812718804,0.9638814197680602,,208.0,,146.0,218.0,640.0,51.0,1.0,2.6,0.6,50.0,2.139000861817157,1.9154797536153183,1.7027935637893006,1.586024342413061,1.6072193451946548,1.405368318864674,1.3348538461873956,1.346998822524329,0.1562850204877459,5.527261229537623,3.1041847408075935,1.9976273815903776,0.0825267980823954,0.4405517840563944,0.0,12.875296720698628,0.190964995789951,0.0073378170402114,0.5420890218582228,25.46711081980578,2.144509749886423,0.1344538536513691,6.962281284368252,4.049837749654044,2.384430011057192,0.1501363695044457,0.4419482902590511,0.0,14.118552103899995,0.2019832161871154,0.0128506189395063,0.5152185506722122,27.568452653788228,2.36049352819348,0.1162162736372908,7.601487006379571,4.267864869286508,2.5516762385801175,0.1832407580852939,0.451906229657351,0.0,14.413193937474023,0.1951313259201248,0.0146749927150357,0.484699923611329,27.799789688768985,2.395346407427454,0.1059012668332819,7.846270523849507,4.263615569528186,2.6099355939205755,0.1962902976102132,0.4603168984408496,0.0,14.522635249796986,0.1888676259200559,0.0149327129190317,0.4678644715471506,27.69207134569806,2.385256482398161,2.0,273.0,142.4,90.0,7.0,16.0,0.0,498.0,6.18,0.4999999999999999,15.36,936.0,80.24184326664695,0.1923076923076923,26.25,13.692307692307692,8.653846153846155,0.6730769230769231,1.5384615384615383,0.0,47.88461538461539,0.5942307692307692,0.048076923076923,1.476923076923077,7.715561852562207,1.132686084142395,Aston Villa,Manchester City,2026-05-24T15:00:00Z,38,2.1092038
123,Douglas Luiz Soares de Paulo,3.0,0,2.0877065823215184,2.0313064824181177,1.9983975655290631,1.9899321472113032,0.7760600908270671,0.8320655962724971,0.902284812718804,0.9638814197680602,1.0,143.0,,275.0,314.0,841.0,49.0,,1.6,0.1,292.0,1.424659845595926,1.3770523245396504,1.3994154522796445,1.4275718895734348,1.7410900299291667,1.5638149433821844,1.4245896822370918,1.376900592278413,0.0029159220539345,7.360443308519211,8.789197935863795,1.3303117308547248,0.0531723433969553,0.4976355850080162,0.0,3.638712206303282,0.0211895156415499,0.029860103919726,0.4285605457521149,24.515872616869594,1.3595658370775672,0.0153781399906142,9.664734462417538,13.556788222458046,1.7141193956331982,0.0714315087544115,0.7449439358433532,0.0,4.769305797754925,0.0359091018484711,0.0602787782613448,0.6701506972732741,39.91020666997456,1.779710515685723,0.029411170831361,12.529258612606466,17.447052481106734,2.3297670413341423,0.1091928845353099,1.0227989929083372,0.0,6.332352061702743,0.0656193912133184,0.0863090070440291,0.9253205156828456,54.8906779862196,2.2954755413884085,0.0388951701033337,14.991929304762476,19.475376929293976,2.8030783600906743,0.1392717808040101,1.1857401959723133,0.0,7.599327092689372,0.0860961771212944,0.0969685475200848,1.096312645474367,65.86721126893711,2.678122542215778,1.0,1859.0,2174.0,337.0,15.0,146.0,0.0,920.0,9.65,10.379999999999995,139.87,8597.0,320.4583111854375,0.0104687681749447,19.46144003722229,22.759102012329883,3.5279748749563797,0.1570315226241712,1.5284401535419332,0.0,9.631266720949167,0.1010236128882168,0.1086658136559264,1.464266604629522,3.354803769534649,1.5544041450777204,Aston Villa,Manchester City,2026-05-24T15:00:00Z,38,1.6873349
124,Dwight McNeil,3.0,0,1.102564633914661,1.101499110685907,1.1983079937381895,1.3460357492674346,1.514817248864682,1.6447311599706276,1.6535870072693977,1.6169812358281417,2.0,167.0,,287.0,350.0,1161.0,55.0,,2.4,0.1,240.0,1.7853839932665585,1.561905201609496,1.3826261767690258,1.2858406600181125,1.8345610229389568,1.547627383252877,1.3723106230104325,1.326665252713866,0.0831439751999134,9.002625390236986,13.168110570538444,2.376537751745013,0.0008972696028724,0.7165748020108375,0.0,7.384641584652669,0.0742245742483113,0.1884872742775125,0.8352652397087346,58.146538579087306,3.058596139758346,0.1273563780824047,10.085385260281688,13.695023981627331,2.7095504958266536,0.0137757297806412,0.5989367015897411,0.0,7.564060507737167,0.0704277907932701,0.1390614535243957,0.8660972582379567,59.44296100516766,2.939789966004722,0.138140389637529,11.798769204882731,17.2626626340426,3.0688916675423736,0.047147511632506,0.6758527974401509,0.0,7.894196496468596,0.0658506270914527,0.1372204873485219,0.92812093629184,60.57411906027913,2.923504689194009,0.1388428896114183,13.86722311226776,22.206583147623103,3.354596497238826,0.0806679730687006,0.9148224371662732,0.0,9.202453352669488,0.0689906348941099,0.1575833320085858,1.0558555856859413,65.98841093847462,3.069958887540932,3.0,2119.0,3556.0,434.0,14.0,176.0,0.0,1449.0,9.06,22.729999999999997,161.12,9585.0,408.41837769083713,0.028169014084507,19.896713615023476,33.38967136150235,4.075117370892019,0.1314553990610328,1.652582159624413,0.0,13.605633802816902,0.0850704225352112,0.2134272300469483,1.5128638497652582,3.8349143445149023,1.545253863134658,Everton,Tottenham,2026-05-24T15:00:00Z,38,2.726433
125,Dário Luís Essugo,3.0,0,1.2993027530090575,1.1556816927460971,1.0987727083015113,1.0838528074355682,1.4810645035741192,1.4785520139318924,1.401222411431172,1.340576268058851,,472.0,,487.0,471.0,26.0,43.0,,0.3,0.1,453.0,0.8217437632716966,1.134546306254829,1.3856480673125384,1.5567381638705695,1.9461272212939953,1.726776355974721,1.5030031132035966,1.391311211572286,0.0,2.295081967213114,0.6688524590163933,0.3278688524590164,0.0,0.3278688524590164,0.0,0.6557377049180328,0.0,0.0032786885245901,0.1673770491803279,8.081967213114753,0.3379062345038315,0.0,2.324723247232473,0.6874538745387454,0.3321033210332103,0.0,0.3321033210332103,0.0,0.6642066420664207,0.0,0.0033210332103321,0.1758671586715867,8.405904059040589,0.3422697658171935,0.0,2.331288343558282,0.6943908851884312,0.3330411919368974,0.0,0.3330411919368974,0.0,0.6660823838737949,0.0,0.0033304119193689,0.1797195442594215,8.543382997370728,0.3432362221704348,0.0,2.3328348643452252,0.6973509933774836,0.3332621234778893,0.0,0.3332621234778893,0.0,0.6665242469557786,0.0,0.0033326212347788,0.1815552232428968,8.606707968382823,0.3434638875032472,0.0,7.0,2.1,1.0,0.0,1.0,0.0,2.0,0.0,0.01,0.55,26.0,1.0306118033103675,0.0,24.23076923076923,7.26923076923077,3.4615384615384617,0.0,3.4615384615384617,0.0,6.923076923076923,0.0,0.0346153846153846,1.903846153846154,3.5675023960743495,,Chelsea,Sunderland,2026-05-24T15:00:00Z,38,1.5469526
126,Eberechi Eze,3.0,0,1.0829318651843192,1.067014294422874,1.145889565874812,1.235301562856742,1.967837344196661,1.6830638340953552,1.4810949370442836,1.36834061592233,1.0,137.0,1.0,109.0,186.0,1870.0,73.0,1.0,3.5,8.9,60.0,1.6634515217916297,1.7830577107642605,1.8145583965856904,1.80715560782024,0.5822124420335341,0.7238441428036401,0.7734040602432958,0.806032190476869,0.001301835602332,13.639786859531766,11.002221823706291,3.2168970396323915,0.163145289316359,0.3312040289850815,0.0,13.463620244376942,0.1864982345492148,0.0657266078281953,0.4856494526871374,65.56019579507928,3.616210788497767,0.0169880011641096,13.368504504843171,10.615312260045483,3.3178419466185485,0.2091072821252638,0.4339630913025084,0.0,12.453147198150427,0.1669761072103678,0.075916072568435,0.4886441061835301,61.32358209280141,3.3538154917496317,0.0451006374700252,14.796098329009135,13.127392962817842,3.691981993209296,0.2489787685406685,0.5620535978628515,0.0,14.54442030995066,0.182910115143224,0.0924677745313527,0.5377312102301263,62.09552286592217,3.491895006759859,0.0670825948306111,16.199185874269244,17.262956224081833,4.062467252679548,0.2725617623016151,0.7209040459822351,0.0,17.255754103291352,0.208622153027933,0.1106902910741733,0.6740672599672844,66.06742749019419,3.761021262425178,3.0,2186.0,2909.8,563.0,35.0,128.0,0.0,2448.0,27.99,16.189999999999998,121.43,9378.0,502.60198707296394,0.0287907869481765,20.978886756238005,27.925143953934743,5.403071017274472,0.3358925143953934,1.2284069097888677,0.0,23.49328214971209,0.2686180422264875,0.1553742802303262,1.1653550863723607,4.823435576515969,1.250446588067167,Arsenal,Crystal Palace,2026-05-24T15:00:00Z,38,4.6905036
127,Eddie Nketiah,4.0,1,1.5307612174333038,1.704751939684622,1.7738301193564938,1.7869121026055728,0.4657699536268272,0.6514597285203065,0.7347335178883116,0.7858168606284246,,211.0,,210.0,250.0,414.0,54.0,,1.9,0.6,87.0,1.0961708944615318,1.2787565071732483,1.4044367584569248,1.4060894719179884,1.7969902082495626,1.4033626016326446,1.2653282967619874,1.249265593157973,0.0,8.549428133131697,5.404523341979689,2.1175515906168214,0.147342429383347,1.130768010574518,0.0,15.624948850553803,0.138441722858767,0.0201893891608262,0.8983325037056415,41.55400625040769,2.0446419684537833,0.0,8.25439784926217,5.666005223775466,2.1049440436243105,0.1694060226677874,0.9475028565645324,0.0,15.928082918667942,0.1754412314567644,0.0268508386179226,0.7496120346775422,37.00539774014418,2.098209584987291,0.0,7.51604347014109,5.574960886221557,2.029478381397245,0.1554376902705281,0.7723958596421459,0.0,15.626360376927597,0.1856042029263225,0.0279765808942816,0.6192318201911331,34.418313570247406,2.0748472449324407,0.0,7.114510770879029,5.533018252469701,2.0206651793478887,0.1433037596944823,0.6687361816229593,0.0,15.359811824250931,0.1832984842480833,0.027245345341361,0.5476236721437331,34.18986669752278,2.059951660169442,0.0,495.0,396.1,151.0,10.0,41.0,0.0,1082.0,12.95,1.8399999999999996,35.14,2550.0,147.9066247295569,0.0,17.47058823529412,13.980000000000002,5.329411764705883,0.3529411764705882,1.4470588235294115,0.0,38.188235294117646,0.4570588235294117,0.0649411764705882,1.240235294117647,5.220233813984362,0.7722007722007722,Crystal Palace,Arsenal,2026-05-24T15:00:00Z,38,1.9850398
128,El Hadji Malick Diouf,2.0,1,1.4873748164371934,1.4101831854236713,1.3542056928734252,1.3172760593840596,0.7915192984902504,1.0407607451397949,1.3223124000649034,1.5182899044580005,,66.0,,100.0,95.0,2616.0,41.0,,3.2,2.4,251.0,0.9107868180919828,1.0951527852122245,1.16085576712912,1.203309571343217,1.3152548847855938,1.4094199807491106,1.5375319051139422,1.6147602101157532,0.0426860980302625,12.317550972454338,27.59010337469675,2.3981441143818847,0.0,1.4796413383728058,0.0,7.44864226166168,0.0176139170511579,0.1121687492691013,1.4048482760010992,86.61605956338583,3.3055139847039454,0.0941611079283702,13.058873326401512,21.428600344826616,2.95499940142574,0.0,1.364694756417533,0.0,5.520065453893346,0.0165734704212116,0.1001077096152376,1.3376750945675373,85.31892229099626,3.4958703410828615,0.1366222988446391,12.491041646618124,17.83026278064565,3.1133682537773897,0.0,1.3968810049511118,0.0,4.675114719129052,0.0169568972303407,0.0901661950911532,1.3331269834660435,84.6402873429744,3.4291839724701827,0.1634329179104123,11.968714239093812,16.235140783214735,3.1490823553811356,0.0,1.446105803856802,0.0,4.3659475527215115,0.0175237956808518,0.0850987725123685,1.341898112862507,84.44127192559606,3.35860382470316,6.0,352.0,463.2,98.0,0.0,47.0,0.0,129.0,0.57,2.5,42.06,2616.0,101.56427296517973,0.2064220183486238,12.110091743119265,15.93577981651376,3.371559633027523,0.0,1.61697247706422,0.0,4.438073394495413,0.0196100917431192,0.0860091743119266,1.4470183486238537,3.494183702930495,0.0,West Ham,Leeds United,2026-05-24T15:00:00Z,38,3.0758576
129,Eli Junior Kroupi,4.0,0,2.1739274766868766,1.800014640187395,1.4843813892721411,1.3253187290721609,1.2760144320047273,1.197664595650709,1.2623114361549288,1.3267371701590465,,296.0,,124.0,104.0,163.0,46.0,,4.5,3.4,59.0,1.906286599818038,1.6649675992594044,1.6153582238851178,1.575630101620996,1.4509786976770431,1.3308323403856055,1.3202461618033616,1.364010971562225,0.0,26.70986208691126,4.435553820799722,5.607945181715674,0.8782201405152225,0.5225084569346864,0.0,23.131667967733534,0.336434209385029,0.0184317807268626,0.6161800676554774,37.59944487813341,3.9115775333363305,0.0,23.71446925573941,3.569667853994908,5.044314590051625,0.7704472649122095,0.5101790809695256,0.0,20.84949814217633,0.2984255984838622,0.0147260003542776,0.5534094745805758,32.0885288725646,3.5110354459693833,0.0,22.249829554694056,3.191955889893189,4.767815950802281,0.7177016983306536,0.5046619644465159,0.0,19.671729330199938,0.2790731856960542,0.013117756221954,0.5214407242275462,29.546409282605605,3.3186728898216495,0.0,21.53460400797851,3.0165986651207075,4.632632890434641,0.6919353538593802,0.5022105945571252,0.0,19.083912023339774,0.2694822671288616,0.0123730148198536,0.5056200497644165,28.335681754320543,3.225539954501748,0.0,125.0,17.1,27.0,4.0,3.0,0.0,111.0,1.56,0.07,2.94,163.0,18.80839118178743,0.0,69.01840490797547,9.441717791411044,14.907975460122698,2.208588957055215,1.6564417177914113,0.0,61.28834355828221,0.8613496932515338,0.0386503067484662,1.6233128834355828,10.3850012660176,2.564102564102564,Bournemouth,Nottingham Forest,2026-05-24T15:00:00Z,38,2.6176403
130,Eliezer Mayenda Dossou,4.0,1,1.0573950106173575,1.221091675632897,1.4163659335031855,1.5678551940989556,1.7569017770351965,1.6540987203742674,1.4778527368431342,1.381497105747743,,356.0,,341.0,371.0,751.0,51.0,3.0,2.0,0.5,186.0,1.092576693524368,1.0538480983134175,1.041811366555369,1.0453998796274415,2.001874552489317,1.707650764571079,1.516314177888522,1.4142988597188983,0.0,4.719923732209183,1.46177730318213,1.7935386656636934,0.0857914113925677,0.4069899641198257,0.0,6.920540312988153,0.1054098268192104,0.0083555393849003,0.4964841499643332,27.600338920593018,1.8091824680755364,0.0,5.296492694583876,2.079833609143728,1.8855414219597135,0.090068777873672,0.4826104140391493,0.0,8.548215333709765,0.1133969779199515,0.0105027080553713,0.6062758907133734,33.422819583470826,1.9349870554153732,0.0,5.683839167437128,2.391016586324479,1.9303722652376825,0.0928942866702243,0.4791685533400847,0.0,9.06224640246543,0.1111978371106773,0.0109950666092658,0.6377692903213614,35.68017308950598,1.9773765499575269,0.0,5.923761097662728,2.542430446623779,1.960979714055024,0.0957577342394863,0.4672343530751499,0.0,9.248280048918026,0.1090346466565276,0.0110568439690768,0.6451507740672723,36.65379466282462,1.997963768518073,0.0,124.0,53.8,40.0,2.0,9.0,0.0,188.0,2.13,0.22,12.94,751.0,40.40677442687883,0.0,14.860186418109189,6.447403462050599,4.793608521970706,0.2396804260985353,1.078561917443409,0.0,22.52996005326232,0.2552596537949401,0.0263648468708388,1.5507323568575233,4.842356455950859,0.9389671361502347,Sunderland,Chelsea,2026-05-24T15:00:00Z,38,2.0143456
131,Elliot Anderson,3.0,1,1.5322076893718972,1.5176230765891512,1.5246329989409293,1.5307653860088308,0.8043382958227075,1.0216501233696416,1.230935744218627,1.342933417719982,1.0,6.0,3.0,14.0,10.0,3268.0,57.0,4.0,4.8,8.3,104.0,2.2174093458585955,1.7777940416108506,1.457231199250763,1.30762240589473,0.845018040005908,0.9974050788647442,1.1708124605074612,1.2828488912433935,0.4065555297321963,26.25573473349847,22.39619070534768,7.104182127604935,0.2965773706772855,1.2544349568782551,0.0,10.74855233235576,0.0647851365344224,0.1923837345394015,1.7978594387913338,83.81216129737038,5.228334628514503,0.2326797335224542,23.133116526595504,22.920376074790905,5.919593299394071,0.2139894277180195,1.1554295994479284,0.0,9.701422154361362,0.0675781336407196,0.1503559083896034,1.532703775780236,85.55489528247475,4.970339417118433,0.1691131921646582,20.695862011507597,22.58633235071564,4.999214404441793,0.1468810797839368,1.177170438071507,0.0,8.866807370166487,0.0700290848496822,0.1251954900923685,1.4153510149094817,85.28082673083937,4.581041339514342,0.1479964771869024,18.350374097811343,21.07673887042482,4.255168078320478,0.1053423364880055,1.148511816487226,0.0,8.518615790246947,0.0707852013682683,0.1090899922106523,1.2972996738387823,81.30375141034361,4.068112546283385,5.0,1424.0,1728.9,322.0,6.0,97.0,0.0,800.0,6.85,8.629999999999999,103.76,6871.0,316.505490048422,0.0654926502692475,18.652306796681707,22.646048610100426,4.217726677339543,0.078591180323097,1.2705574152234027,0.0,10.47882404307961,0.0897249308688691,0.1130403143647212,1.3591034783874254,4.1457566736076235,0.8759124087591241,Nottingham Forest,Bournemouth,2026-05-24T15:00:00Z,38,3.8292112
132,Emil Krafth,2.0,0,0.6778779658843567,0.924018470010329,1.1073081949231147,1.2014107865787766,1.1735260962061695,1.2474230176816807,1.319555879612648,1.3684865116798042,,385.0,,427.0,426.0,45.0,44.0,,0.0,0.0,528.0,1.281707165404837,1.3286237973202004,1.488827979971582,1.6205366738324571,0.9825930473133988,0.9900047543409236,1.086446934782454,1.1989156005650905,0.0,1.557930409593021,1.931671524186767,0.7959198856582536,3.323144098052086e-05,0.5011745889239801,0.0,0.4429212029797682,0.0017154611929656,0.0039102274613409,0.3171827251732561,29.314229732500824,0.8082939204694597,0.0,5.057517509881432,3.136264661405449,1.3583609112167112,0.0016528368075178,0.5062107293428241,0.0,1.0415578505715002,0.0048844326233577,0.0131211730218504,0.5172997042101469,36.75715894358855,1.32342430177642,0.0,7.750567957255359,4.503820598733586,1.7363367043812836,0.0073942102634388,0.6811220530553144,0.0,1.817496845381548,0.0081699993184444,0.0242154081278237,0.6970642805950252,44.558349894011485,1.730356080035022,0.0,9.380302626585008,5.299255825906933,1.9362614984299027,0.0132415527071037,0.8610850424237827,0.0,2.4590887341240735,0.0102403933678507,0.0307432500135324,0.8186902981772987,49.7640510268425,1.9581165628621269,0.0,533.0,290.3,102.0,1.0,53.0,0.0,156.0,0.59,1.7499999999999998,45.81,2663.0,104.49328518900188,0.0,18.01351858805858,9.811115283514834,3.44723995493804,0.0337964701464513,1.7912129177619227,0.0,5.272249342846414,0.0199399173864063,0.0591438227562898,1.5482162974089375,3.5315041933947304,1.6949152542372885,Newcastle Utd,Fulham,2026-05-24T15:00:00Z,38,1.8151236
133,Emile Smith Rowe,3.0,1,1.6620557277442751,1.5440588498851775,1.534118610447418,1.5880412252299128,1.3077202764151454,1.442787751239562,1.4348180560487755,1.3914490500458117,,123.0,,138.0,251.0,1838.0,56.0,,2.1,0.5,76.0,0.5973474573554457,0.9155760777681654,1.1129563610472974,1.2066197953055773,1.2169076202577118,1.27491446415943,1.336375701205069,1.378016534811399,0.0070391587553846,9.863874543293491,7.579839480643976,1.8911151878118837,0.0039185443625061,0.8384940034348903,0.0,13.397384058497597,0.0881418987698307,0.0230000723751215,1.0170669960740697,62.59131276801886,2.4834083679992154,0.02106364338348,9.69538347343302,9.050969264765538,2.037100395872511,0.0278947270739083,0.8588045238221468,0.0,12.40846790241778,0.1110506656097911,0.0300174913294653,1.0088883731580365,60.76801828101625,2.605558992672502,0.0275041437052197,9.992542847528872,9.669906595333783,2.238105813937412,0.0658171627820633,0.8247814159935121,0.0,11.694037054468222,0.1209657353196844,0.0352334993586984,0.9317985222133988,56.90961704358156,2.624252706796942,0.0285935320680943,10.433857740158055,10.210100218691164,2.488618263058317,0.0979679268907255,0.7685117432202407,0.0,11.36261887657033,0.1234920853119306,0.0434494691857174,0.8418033300157987,53.82790625161059,2.633546788897928,1.0,1391.0,1442.5,361.0,16.0,83.0,0.0,1387.0,14.78,8.209999999999997,96.14,6442.0,329.4165621512967,0.0139708165166097,19.43340577460416,20.15290282520956,5.04346476249612,0.2235330642657559,1.159577770878609,0.0,19.377522508537723,0.206488668115492,0.1147004036013659,1.3431542999068613,4.602218347348138,1.0825439783491204,Fulham,Newcastle Utd,2026-05-24T15:00:00Z,38,2.4886
134,Emiliano Buendía Stati,3.0,0,2.0877065823215184,2.0313064824181177,1.9983975655290631,1.9899321472113032,0.7760600908270671,0.8320655962724971,0.902284812718804,0.9638814197680602,,100.0,6.0,107.0,179.0,1663.0,53.0,2.0,2.7,0.4,80.0,1.424659845595926,1.3770523245396504,1.3994154522796445,1.4275718895734348,1.7410900299291667,1.5638149433821844,1.4245896822370918,1.376900592278413,0.0007314550491211,10.13267128509305,9.738948965256473,2.199492893055716,0.139513652225862,0.7888305768686261,0.0,10.689169966209365,0.0648044854774182,0.0708205025821885,0.7267927920550107,44.94189631700281,2.166923877244482,0.0103122204414939,9.521980708811268,9.651841526538169,2.2684009413952135,0.1305265990265808,0.8116896901904923,0.0,10.288881424918614,0.0778939986246181,0.0643251989633775,0.7650938960919471,46.530327916516654,2.3028118414464864,0.0278794572956729,9.441170214280678,10.37926796912866,2.374725637799451,0.1320785757326955,0.7249207661827449,0.0,10.451861067027073,0.0866437062581295,0.0636726418498473,0.7533932870377681,45.42104530654483,2.3608552669562144,0.0413735356540108,9.614613435736368,11.681027980469189,2.4291536473252098,0.1276686862249419,0.6789646228456239,0.0,11.120202757401566,0.091155218100574,0.0710910725845192,0.7652440383449185,44.80113948857,2.3969940533869583,2.0,794.0,1104.6,202.0,9.0,55.0,0.0,996.0,7.749999999999998,7.3,68.41000000000001,3746.0,196.40280956626853,0.0480512546716497,19.076348104644953,26.53870795515216,4.853176721836626,0.2162306460224239,1.3214095034703683,0.0,23.92952482648158,0.1861986118526427,0.1753870795515216,1.64359316604378,4.718700710348149,1.1612903225806457,Aston Villa,Manchester City,2026-05-24T15:00:00Z,38,2.118885
135,Emiliano Martínez Romero,1.0,0,2.0877065823215184,2.0313064824181177,1.9983975655290631,1.9899321472113032,0.7760600908270671,0.8320655962724971,0.902284812718804,0.9638814197680602,,404.0,,200.0,35.0,2835.0,50.0,,3.8,4.5,798.0,1.424659845595926,1.3770523245396504,1.3994154522796445,1.4275718895734348,1.7410900299291667,1.5638149433821844,1.4245896822370918,1.376900592278413,0.1601268655732853,15.420977380948331,2.02617239736746,3.2741380006324605,0.0,1.8214946391217923,3.2886323483305886,0.0,0.0,0.0035740848827389,1.4238614952887214,89.67612429141406,3.6300319345656216,0.0932002001945608,15.901017086402838,1.438253596576365,3.4592790515945055,0.0,1.5897855112181491,3.170072349034496,0.0,0.0,0.0029130774772054,1.3879694344036106,88.8958585145934,3.959332225187306,0.0589119143884857,16.141724070169374,1.030283796490994,3.570855032966178,0.0,1.406383696179596,3.0990811614468745,0.0,0.0,0.002302376258361,1.3345131240523682,88.2785718722589,4.143768925942011,0.0439017150669654,16.18752811563551,0.8151798026137665,3.544180922653242,0.0,1.3482200658957142,3.0303177180489147,0.0,0.0,0.0017782788758639,1.308684407021459,88.05862030968197,4.113933142118846,1.0,1627.0,63.2,340.0,0.0,134.0,290.0,0.0,0.0,0.11,130.48,8730.0,387.7559036143595,0.0103092783505154,16.77319587628866,0.6515463917525773,3.5051546391752577,0.0,1.381443298969072,2.989690721649485,0.0,0.0,0.0011340206185567,1.3451546391752576,3.9974835424160777,,Aston Villa,Manchester City,2026-05-24T15:00:00Z,38,2.6975484
136,Emmanuel Agbadou,2.0,0,0.7880939941043962,0.88089881267518,0.9708858168980458,1.0216470235091468,1.9916444456516489,2.0329944594527656,2.001641049126402,1.9158268090481736,,267.0,5.0,224.0,140.0,1100.0,42.0,,1.6,0.1,257.0,0.7010404537631426,0.7424095193306793,0.8319049328317972,0.9338678977859884,1.3078971795585832,1.5507931019957086,1.6539913287336838,1.6786541040006226,0.0,7.700431745710138,5.885937674956551,1.71345285183845,0.0070455964437047,2.059366051131299,0.0,5.94870649221099,0.0385836317471094,0.0260608046747197,1.444849582605738,83.05862379334827,2.4321270711318137,0.0,8.153849836613443,5.313301224034612,1.8956575418304464,0.0215005462693735,1.9289116582885075,0.0,5.624661200360477,0.0458414400322232,0.0263192063772898,1.3599170821123374,81.70310632575487,2.5990966114230716,0.0,9.085491844945071,4.93117238843362,2.0840471066864237,0.0294954225450268,1.8194553364981512,0.0,5.275927173087817,0.0492355753731731,0.0258158915292325,1.3522566732222432,82.32799552492126,2.734543032170052,0.0,9.685894391290512,4.70007805992711,2.1817381075913698,0.0321368399462777,1.7585325982493571,0.0,5.02725127867786,0.0497003855708687,0.0250886765424888,1.36161390811978,82.94399937692128,2.798956404653562,0.0,309.0,133.3,68.0,1.0,51.0,0.0,142.0,1.4699999999999998,0.7199999999999996,41.38,2510.0,85.52161969337818,0.0,11.079681274900398,4.7796812749003985,2.4382470119521913,0.0358565737051792,1.8286852589641431,0.0,5.091633466135458,0.0527091633466135,0.025816733067729,1.4837450199203188,3.0665122599219266,0.6802721088435375,Wolves,Burnley,2026-05-24T15:00:00Z,38,2.696866
137,Endo Wataru,3.0,1,1.3398971820673846,1.3739348418074238,1.4343213778237405,1.471195734191458,1.5252828948975592,1.3982776425588164,1.364558433783409,1.3824857175755458,,392.0,,419.0,396.0,170.0,49.0,,1.5,0.1,419.0,1.7025117879438865,1.641037367535043,1.7437470711614285,1.9022901052220127,1.4455894224060986,1.3825481595557196,1.3249353637888317,1.2507657856395995,0.0503985062552101,6.639428496968018,2.016820260831292,1.4827016372358792,0.0,0.4835608403651522,0.0,1.2520122447131068,0.0080155042400528,0.0084117930802478,0.5096601795472361,27.072900566540596,1.4263824260260036,0.083980572918374,5.751884848460944,2.148145547037313,1.3369416769183489,0.0,0.4911002004956984,0.0,0.7505972323823962,0.0042208997915134,0.0068674359027055,0.4452307780689273,21.44022448713199,1.2328270215008317,0.1037402981363819,5.22478676365311,2.1070643390466706,1.257157318605553,0.0,0.440614651097794,0.0,0.559299721812974,0.0026240757661335,0.0059213671772485,0.3791341921439713,18.388538027521214,1.156147943335331,0.1142077765462256,4.949043886273804,2.061946080039492,1.2170090103808868,0.0,0.4017902940543864,0.0,0.4860913544424206,0.0019692248791362,0.0054477310233498,0.3396328906068578,16.839891657633064,1.124752721163827,1.0,131.0,56.3,33.0,0.0,10.0,0.0,12.0,0.04,0.1399999999999998,8.36,429.0,30.75505713847133,0.2097902097902098,27.48251748251748,11.811188811188812,6.923076923076923,0.0,2.097902097902098,0.0,2.5174825174825175,0.0083916083916083,0.0293706293706293,1.7538461538461536,6.452109889189789,0.0,Liverpool,Brentford,2026-05-24T15:00:00Z,38,1.8000913
138,Enes Ünal,4.0,0,2.1739274766868766,1.800014640187395,1.4843813892721411,1.3253187290721609,1.2760144320047273,1.197664595650709,1.2623114361549288,1.3267371701590465,,402.0,1.0,399.0,419.0,197.0,54.0,,1.2,0.0,293.0,1.665259611714872,1.5751367596388566,1.5522578466798904,1.5446869163772212,0.7554228697783842,1.0240556929622369,1.2430957966446117,1.3519282732907731,0.0,3.987349687171538,2.558278353214167,1.0154528907161169,0.0034137608260928,0.2175922418359412,0.0,2.748886784673038,0.0654905541754422,0.0024136329607716,0.3716507116567444,6.445255097367376,1.2702554882110606,0.0,3.6761749961663472,1.8913974316869215,1.160500419177638,0.0262261629293025,0.166468809114732,0.0,4.304062627593077,0.0878107387033726,0.0036894096815452,0.324325758751564,8.944141259745384,1.382739265175107,0.0,4.129061684267349,1.9684198824430603,1.4325405824812467,0.0566358838513041,0.1889443695861629,0.0,6.503299007860164,0.1095429037587922,0.0058644087145528,0.3088988700367802,11.83699058477125,1.515673138364216,0.0,4.539589900406355,2.2079627101489434,1.6491734748241191,0.0749303147040769,0.2248549714085164,0.0,8.122843395644715,0.1234825361199806,0.0072208550585195,0.304876431940849,13.671989955241768,1.60507498350234,0.0,273.0,138.9,104.0,5.0,15.0,0.0,542.0,7.499999999999999,0.4599999999999996,16.52,844.0,92.92590573735151,0.0,29.111374407582936,14.811611374407583,11.090047393364928,0.533175355450237,1.599526066350711,0.0,57.79620853080569,0.7997630331753555,0.0490521327014217,1.7616113744075828,9.909160564409522,0.6666666666666667,Bournemouth,Nottingham Forest,2026-05-24T15:00:00Z,38,1.6263031
139,Enzo Fernández,3.0,0,1.2993027530090575,1.1556816927460971,1.0987727083015113,1.0838528074355682,1.4810645035741192,1.4785520139318924,1.401222411431172,1.340576268058851,3.0,3.0,2.0,3.0,22.0,3024.0,64.0,2.0,4.5,11.3,21.0,0.8217437632716966,1.134546306254829,1.3856480673125384,1.5567381638705695,1.9461272212939953,1.726776355974721,1.5030031132035966,1.391311211572286,0.2511262233057253,23.549818722304195,36.517035959924584,5.686643913108376,0.3964733109755193,1.6547301999898745,0.0,16.889270979045722,0.1813242828184427,0.2535345544341006,1.3095229835270228,88.68432634777824,4.3864184503799795,0.181780736219205,21.15171047194697,34.55901928688479,4.737438477726634,0.3023685825205123,1.516827575277263,0.0,18.198532288667813,0.2262606006985243,0.2338843573096771,1.2543705770628002,87.46938975658357,4.463146852591094,0.1537173873667759,20.126965366071232,32.147160697375504,4.405038392774751,0.2655838054810363,1.351953368375963,0.0,18.868322907925,0.2557185994633459,0.2134281200993516,1.222503179422137,86.45696088112507,4.572643308955521,0.1453679972727245,19.398344914099056,30.336205072836023,4.147511816863461,0.2331609965174814,1.298850181118538,0.0,18.088989874370828,0.2519894050359111,0.1952196459983141,1.2123699659285272,85.15197706306151,4.463751719606878,5.0,1975.0,2997.2,397.0,19.0,147.0,0.0,1695.0,23.79,18.699999999999996,131.92,8978.0,443.38703812867425,0.0501225217197594,19.79839607930497,30.04544441969258,3.9797282245488974,0.1904655825350857,1.4736021385609268,0.0,16.99153486299844,0.2384829583426152,0.1874582312319001,1.3224326130541322,4.444735289772854,0.7986548970155528,Chelsea,Sunderland,2026-05-24T15:00:00Z,38,4.8120995
140,Enzo Le Fée,3.0,1,1.0573950106173575,1.221091675632897,1.4163659335031855,1.5678551940989556,1.7569017770351965,1.6540987203742674,1.4778527368431342,1.381497105747743,3.0,17.0,2.0,33.0,48.0,2840.0,48.0,2.0,4.1,1.5,119.0,0.8739904195180044,0.946034418834362,0.9799623012717682,1.0016999219902454,1.6013696707264908,1.5329499585552229,1.426295372575658,1.3551781333246342,0.2909283081328515,24.63262456426509,26.58363659797576,5.6712723173968795,0.2370748555544955,1.4392733492549346,0.0,12.038457073923064,0.1189056830642596,0.2646195945241446,1.255070888718557,85.46886000999908,5.195029151848263,0.2146858516328223,21.16360161941267,24.42561425380996,4.800644075796297,0.1783806072860265,1.4240526282984094,0.0,10.275445616280058,0.1323451221083684,0.2237159504231101,1.3314423688017554,84.38260587543003,4.819771548594045,0.1888104497110442,19.105285908407392,23.192040181737713,4.389647594309146,0.1570296532492131,1.3379502250588642,0.0,9.21574155266266,0.1418032361168004,0.1900575199326449,1.3427268487603623,83.42146046687402,4.533611102199102,0.1794938611493924,18.024712243599875,22.50234753628184,4.210437139762315,0.1489234125383368,1.2734172564975603,0.0,8.661257668281618,0.1451477857330697,0.1707680920348665,1.3301955330340902,82.48920625242866,4.3680841226051985,6.0,594.0,760.7,142.0,5.0,42.0,0.0,284.0,5.14,5.29,45.61,2840.0,146.95508141828725,0.1901408450704225,18.823943661971832,24.10669014084507,4.5,0.1584507042253521,1.3309859154929575,0.0,9.0,0.1628873239436619,0.1676408450704225,1.445387323943662,4.657027228044314,0.972762645914397,Sunderland,Chelsea,2026-05-24T15:00:00Z,38,3.8058727
141,Erling Haaland,4.0,1,1.939727876476741,1.639347092096446,1.5294458207117694,1.492088522256452,1.7928720239433336,1.6074334490457554,1.4533604505952842,1.39252795828722,,125.0,5.0,2.0,2.0,2953.0,147.0,1.0,6.8,64.3,1.0,2.359633227901898,2.14589609158091,2.0509452912077135,2.0153983924474415,0.7200751135338337,0.8134062180797018,0.897141860619187,0.9629522605076414,0.2399081695056831,26.88430552242652,11.270964302241406,7.548812052533702,0.7498994490229757,0.949157154516332,0.0,46.9480139884552,0.6259832688604289,0.1512746769103364,1.2907516394477667,87.6024779310136,6.152512230141858,0.247083909145989,24.180470404691334,10.763733728877863,6.693084261300757,0.6582924163303331,0.9460771758316544,0.0,42.08097647649157,0.6165589009922128,0.1079193079961107,1.1866429617640684,85.3706840329434,5.691652251710177,0.2449423897059156,24.801886870542145,10.551092283123166,6.524200044680421,0.683183505630536,0.9630172192480588,0.0,42.42690305861943,0.6566067762475288,0.0873117744917706,1.1495047397761438,84.78512350469241,5.787731208175228,0.2387930294919837,26.20958930167937,10.900824601873689,6.6235978640580715,0.7433306809775689,1.000356634141584,0.0,45.49106146163302,0.7094213532699835,0.0786125748288417,1.1314522104754663,84.69107053495732,6.022917845152753,8.0,2585.0,1084.9,641.0,77.0,95.0,0.0,4641.0,72.89999999999999,6.689999999999999,99.26,7750.0,582.2196080607517,0.0929032258064516,30.01935483870968,12.59883870967742,7.443870967741935,0.8941935483870969,1.103225806451613,0.0,53.895483870967745,0.8465806451612902,0.0776903225806451,1.1526967741935483,6.761259964576471,1.0562414266117972,Manchester City,Aston Villa,2026-05-24T15:00:00Z,38,7.316622
142,Estêvão Almeida de Oliveira Gonçalves,3.0,0,1.2993027530090575,1.1556816927460971,1.0987727083015113,1.0838528074355682,1.4810645035741192,1.4785520139318924,1.401222411431172,1.340576268058851,4.0,165.0,,191.0,298.0,839.0,64.0,3.0,2.6,1.8,89.0,1.1273041095500402,1.439637717221058,1.5815101191750915,1.6684175897927125,1.903630911362292,1.5864599237438273,1.3901161844464516,1.326237554919896,0.158605716397787,6.012370378398607,8.04721469033272,2.5040406608023944,0.0882003029001421,0.7196986879944691,0.0,13.87454807293385,0.0927588899536042,0.0321618997190234,0.6616277723041553,41.26815438619671,2.007276229611078,0.1993779973491281,6.9947248293341815,9.40883851018437,2.6244814206701097,0.0933311854591674,0.6421767318971898,0.0,13.744242350224772,0.1061766772945114,0.0561681998757899,0.5994310078481914,40.02423787465597,2.1416035996828593,0.2152165387670825,7.42787010394084,10.022139677282402,2.636691280214762,0.0927343040685591,0.575670584769934,0.0,13.895304949412948,0.1171970513896567,0.0747000690913949,0.5385003587910878,38.950476641044155,2.243284467956851,0.2217120548440505,7.62925944116599,10.280076925043415,2.63721989481768,0.0919408979100044,0.5382229477502302,0.0,14.05650047415289,0.1242445679464521,0.085566707536418,0.5035641814722087,38.484346394563595,2.3098715081514,5.0,172.0,230.9,58.0,2.0,11.0,0.0,314.0,2.91,2.14,10.29,839.0,52.52164242288827,0.5363528009535161,18.450536352800952,24.768772348033373,6.221692491060787,0.2145411203814064,1.1799761620977354,0.0,33.68295589988081,0.3121573301549464,0.2295589988081049,1.103814064362336,5.634026004839027,0.6872852233676976,Chelsea,Sunderland,2026-05-24T15:00:00Z,38,2.5626764
143,Ethan Ampadu,3.0,0,0.9286294544735864,1.0856375066906117,1.1528129081947445,1.198210556571093,1.6522039078284754,1.568477982680725,1.610655951538412,1.6495020971055678,,101.0,,113.0,90.0,3029.0,49.0,,3.9,0.6,220.0,1.609218520546492,1.4557591011541449,1.3728565942724111,1.3255979439912915,0.9893991231128136,1.1564008437632494,1.3919395085176185,1.558113373678318,0.2910592954940203,18.813596869668967,9.36069329887472,5.098724849227354,0.0028823841106591,0.7907765367828474,0.0,6.77497854953134,0.0693992173920925,0.0526011045016276,1.4812520127866338,89.97443704139197,4.23291069563956,0.2246038272942899,18.107617322416147,10.852566292202347,4.624950967265375,0.0136046976340266,1.050138902498288,0.0,6.346601811691556,0.074214260077548,0.0653147439438265,1.392013811474205,89.76005185310963,4.208877198009807,0.1738662604700507,18.00337565607511,11.23710682483507,4.117933007735746,0.0207279022285452,1.3280418763540451,0.0,5.536330302539917,0.0698937982811811,0.0652014123603151,1.3694127802625762,89.36128149078544,4.0506070724417995,0.145631245392509,18.038496201068856,11.308982684430042,3.771727643652309,0.0222110210323777,1.4985064825828494,0.0,5.013116319783283,0.0640061787804672,0.0621236604246413,1.3563412886704775,89.04583525336982,3.9193838021779057,4.0,850.0,534.0,163.0,1.0,78.0,0.0,211.0,2.67,2.77,64.35,4257.0,177.1572058135153,0.0845665961945031,17.970401691331922,11.289640591966172,3.446088794926004,0.0211416490486257,1.649048625792812,0.0,4.460887949260043,0.0564482029598308,0.0585623678646934,1.3604651162790695,3.7453954717445095,0.3745318352059925,Leeds United,West Ham,2026-05-24T15:00:00Z,38,3.5264204
144,Ethan Nwaneri,3.0,0,1.0829318651843192,1.067014294422874,1.145889565874812,1.235301562856742,1.967837344196661,1.6830638340953552,1.4810949370442836,1.36834061592233,4.0,304.0,3.0,366.0,405.0,165.0,51.0,,1.3,0.1,282.0,1.7211391991864966,1.707849264675593,1.7007556923128797,1.733096933957276,0.6463810014989192,0.6646030667305155,0.726189370254162,0.7955301870367542,0.0,4.968447125804221,6.464760698688081,1.753880415321038,0.0333736536737619,0.0687339192013647,0.0,5.436630243147741,0.034048717248273,0.0274080439731413,0.1618647513567401,25.68983977133191,1.6109414162913172,0.0,6.9177121597643305,9.01762213350368,2.251223730633571,0.0744406660332787,0.1085109920008438,0.0,7.672899841898599,0.0415243242518908,0.0452250120624095,0.1835465989575153,32.14896037179695,1.8409877253334723,0.0,7.822675077892385,9.656721646110803,2.415423797414487,0.0999466158642748,0.1213957178333557,0.0,8.399565359894545,0.0435455411605894,0.0534268921269604,0.1904122909733681,33.32875454209305,1.9011654595789371,0.0,8.079391110261891,9.622981427294931,2.4273407353155743,0.1104798386065942,0.1219366289361996,0.0,8.474186809065705,0.0432128421006657,0.0556609014875915,0.1890750843117386,32.708858158670296,1.8927280973833345,0.0,277.0,317.6,81.0,4.0,4.0,0.0,283.0,1.4199999999999997,1.9099999999999997,6.239999999999999,1061.0,63.05943705404494,0.0,23.496701225259187,26.940622054665415,6.8708765315739875,0.3393025447690858,0.3393025447690858,0.0,24.00565504241282,0.1204524033930253,0.1620169651272384,0.5293119698397738,5.349056866035857,2.816901408450706,Arsenal,Crystal Palace,2026-05-24T15:00:00Z,38,2.2211356
145,Ethan Pinnock,2.0,0,1.8359064248683763,1.78747508218593,1.7882183641372678,1.8851857440962256,1.8952567438828445,1.5796778656740686,1.420205125806682,1.3092227962416565,,467.0,,413.0,377.0,318.0,42.0,,3.5,0.1,360.0,1.5374430755013666,1.5470241228754826,1.5446781102931673,1.5319881842018466,1.4753861184003771,1.3890527882118353,1.373180806404835,1.3957563934671355,0.0,13.911217402292378,1.0229957544528192,3.4379969008023066,0.0067431118585708,1.1740209157947117,0.0,6.778059515401557,0.0220275060992059,0.0117739390651939,1.0557561242955091,82.00118759911744,3.910596968751304,0.0,12.434331358514012,2.3168525823044273,2.776687375494747,0.0343418370060225,1.3417626792529742,0.0,6.4103138519030365,0.0301835166060005,0.0182764253890263,1.2344828446866705,83.30881698789331,3.315733861859943,0.0,13.327260212381306,3.0832657281692004,2.6126763741530405,0.0637902977376589,1.4968027125222343,0.0,7.58801834048866,0.0402504356090376,0.0239234871570363,1.3405351206253038,84.68005643524249,3.1746719887819954,0.0,15.41521002886854,3.60335213796333,2.6796296618070663,0.080873078244571,1.6028221463208272,0.0,9.005669254931917,0.0468050345006278,0.0282780215611033,1.3626713213843076,85.436195325758,3.2426695200510935,0.0,1604.0,381.3,252.0,8.0,146.0,0.0,944.0,4.559999999999999,3.029999999999999,116.46,7468.0,295.2895121226941,0.0,19.33047670058918,4.595206213176218,3.036957686127477,0.096411355115158,1.7595072308516335,0.0,11.376539903588643,0.05495447241564,0.036515800749866,1.4035083020889128,3.5586577518803515,1.7543859649122813,Brentford,Liverpool,2026-05-24T15:00:00Z,38,2.286403
146,Evann Guessand,3.0,1,1.5307612174333038,1.704751939684622,1.7738301193564938,1.7869121026055728,0.4657699536268272,0.6514597285203065,0.7347335178883116,0.7858168606284246,,330.0,,331.0,337.0,881.0,62.0,,2.1,0.0,199.0,0.8536648314803988,0.9633492160206902,1.1009359698913324,1.2156295095884035,1.959796680245826,1.6478487045487895,1.45378389198278,1.3520910246488829,0.1073535938696919,7.031573442818197,3.021137102974042,2.2888850822468467,0.0828754893386332,0.6214370600910166,0.0,7.880439836024729,0.0605768124148623,0.0549943127539603,0.6785065038753647,42.86929233346888,2.144927357940345,0.1487075662124104,7.44980128884886,3.649229027724037,2.3098177701931544,0.0746906378830578,0.7305805187774168,0.0,8.837158413526222,0.0747621718957601,0.0489600660969791,0.651398700371395,43.64788252746652,2.128855643107463,0.1555375618230074,7.336638315728355,3.8045615751107618,2.250734574448681,0.0634831158388632,0.753640993322939,0.0,9.088912463490315,0.0780166097934962,0.0456679910792252,0.6495566263577607,43.89383694928306,2.0986210342777403,0.1542576957794009,7.1932408541378665,3.8242176807275734,2.2046517290130856,0.0568625641361526,0.7550755081627448,0.0,9.142215134509009,0.0784007543060013,0.0440548267489652,0.6523880107005838,43.98483817872847,2.077936153228672,3.0,140.0,76.1,43.0,1.0,15.0,0.0,183.0,1.56,0.85,13.15,881.0,41.08203051843088,0.3064699205448354,14.301929625425652,7.774120317820658,4.392735527809307,0.1021566401816118,1.532349602724177,0.0,18.69466515323496,0.1593643586833144,0.08683314415437,1.3433598183881952,4.196802209601338,0.641025641025641,Crystal Palace,Arsenal,2026-05-24T15:00:00Z,38,1.8696716
147,Ezra Mayers,2.0,1,1.4873748164371934,1.4101831854236713,1.3542056928734252,1.3172760593840596,0.7915192984902504,1.0407607451397949,1.3223124000649034,1.5182899044580005,,365.0,,437.0,441.0,113.0,40.0,,1.0,0.0,410.0,1.2340107119976176,1.2483737100936056,1.2212491763530018,1.2336296156933308,1.1621559022783718,1.4762881468361335,1.618279746315843,1.6646077582828165,0.0,3.264376788966953,5.704874663891057,1.0,0.0,0.4166883511145806,0.0,1.1935120131841443,0.0166536559979182,0.0684578020643594,0.5251114580622778,18.412091248156823,1.161154670301215,0.0,3.152260441054381,5.79613880002305,1.0,0.0,0.4581258710215789,0.0,1.3691338764168437,0.0186700074056842,0.0754302019596251,0.5293368818014379,18.790596274962173,1.1911650246893892,0.0,3.080079831927569,5.81417565843439,1.0,0.0,0.479088238085388,0.0,1.4402423387496572,0.019418997825838,0.078664482654628,0.5320116993398477,18.847621218183026,1.2050258647058412,0.0,3.040895812647942,5.817232738475433,1.0,0.0,0.4895604757595353,0.0,1.4715268932762453,0.0197299695187876,0.0801967841529037,0.5334703569310405,18.848615394523264,1.211566693969745,0.0,18.0,34.9,6.0,0.0,3.0,0.0,9.0,0.12,0.49,3.21,113.0,7.306927335433116,0.0,14.336283185840708,27.79646017699115,4.778761061946903,0.0,2.3893805309734515,0.0,7.168141592920354,0.095575221238938,0.3902654867256637,2.556637168141593,5.8196766388405345,0.0,West Ham,Leeds United,2026-05-24T15:00:00Z,38,1.6036855
148,Ezri Konsa Ngoyo,2.0,0,2.0877065823215184,2.0313064824181177,1.9983975655290631,1.9899321472113032,0.7760600908270671,0.8320655962724971,0.902284812718804,0.9638814197680602,,289.0,,183.0,75.0,3035.0,44.0,,2.9,7.1,255.0,1.424659845595926,1.3770523245396504,1.3994154522796445,1.4275718895734348,1.7410900299291667,1.5638149433821844,1.4245896822370918,1.376900592278413,0.0335714547499057,11.207905586833208,2.396518162103952,2.0379631806342435,8.129519338908873e-05,1.7849188652504906,0.0,2.78380332210056,0.0369114917425374,0.0111305024979631,1.4905482076052894,89.99585425287114,2.974917647343631,0.0442782241160833,12.773009680373484,2.780817682251407,2.556423681152396,0.0026678328319652,1.58092250862998,0.0,3.476353838555243,0.045805201928752,0.0146085729440829,1.46925925160167,89.84875362427225,3.455402856575017,0.0401987530848973,13.916803207517694,3.092949997006517,2.881660741509102,0.0115030748651117,1.4162084848762138,0.0,3.966032797103745,0.0448348166214895,0.0168417107312696,1.4413848195001036,89.25650593923416,3.6778752095384,0.0353725765161476,14.708940623839736,3.3845145714429874,2.9542776740872996,0.0227396712232084,1.3787654317803577,0.0,4.564313387055356,0.0445297345119104,0.0182430239732793,1.4219791241771236,88.50870365109677,3.6479295114471526,1.0,2582.0,528.1,449.0,7.0,226.0,0.0,985.0,7.6099999999999985,2.7699999999999987,217.97,13495.0,519.3928216229431,0.0066691367173027,17.219711004075585,3.5219711004075585,2.994442386068914,0.0466839570211189,1.5072248981104113,0.0,6.569099666543164,0.0507521304186735,0.0184735087069284,1.4536717302704707,3.463901737389024,0.9198423127463864,Aston Villa,Manchester City,2026-05-24T15:00:00Z,38,2.3647907
149,Fabian Schär,2.0,0,0.6778779658843567,0.924018470010329,1.1073081949231147,1.2014107865787766,1.1735260962061695,1.2474230176816807,1.319555879612648,1.3684865116798042,,274.0,3.0,190.0,127.0,1089.0,53.0,4.0,3.2,1.7,178.0,1.7140268132492535,1.608144520795172,1.593431290343703,1.6471314488946496,1.049970318309761,1.1701272718659688,1.2016954226664238,1.249086193301706,0.0,12.094487969213096,5.43908135216715,3.3239101859843068,0.0058808550305033,1.061299751109368,0.0,10.70843628910766,0.1142118238958898,0.0454089781777234,1.0736074022957909,75.4073953794548,3.9371481832969177,0.0,12.677012907325029,4.584789598059042,3.1439308274690108,0.0318671508520916,1.0439209089933306,0.0,10.409562708658148,0.1029158956255951,0.0399711324351191,0.9890572199274916,73.84745787899145,3.8293539752159145,0.0,13.785650641974607,4.288742287398025,3.152452116951878,0.0631717071762616,1.155084612607684,0.0,10.221988567129454,0.0970220446071572,0.0354142051319825,1.026020572997563,76.66589726985963,3.779237769745332,0.0,14.7035898292371,4.286801438896509,3.1295919357385253,0.0797273293993041,1.2932142645371174,0.0,9.905705683434864,0.0917576694243453,0.0338266175664557,1.1345588095058603,79.37778549925675,3.6678848225776264,0.0,1803.0,490.5,342.0,9.0,169.0,0.0,1097.0,9.71,3.5599999999999983,149.97,9411.0,396.6626643231717,0.0,17.2425884603124,4.690787376474338,3.2706407395600894,0.0860694931463181,1.6161938157475295,0.0,10.490914886834556,0.092859419827861,0.0340452661778769,1.434204654128148,3.79339494092928,0.9268795056642636,Newcastle Utd,Fulham,2026-05-24T15:00:00Z,38,3.4856174
150,Facundo Buonanotte,3.0,0,0.9286294544735864,1.0856375066906117,1.1528129081947445,1.198210556571093,1.6522039078284754,1.568477982680725,1.610655951538412,1.6495020971055678,,369.0,,432.0,457.0,69.0,46.0,,0.7,0.1,366.0,1.4705746149864651,1.460416131754241,1.3701239759453834,1.3197446380295268,1.346652097345478,1.554306571607981,1.6901282648025582,1.736955843447752,0.0,4.487540347636882,6.731698962871818,1.356497611105616,0.0841985358545341,0.7936502882754025,0.0,7.803801335779407,0.0419747375324635,0.0298160721913594,0.5969778910957385,26.779540198287368,1.1418605663658767,0.0,5.519813466845047,8.213408662360786,1.5647077011392103,0.0920132603647062,0.84218288299003,0.0,7.861762315524426,0.0638157836814747,0.0420740067242486,0.6473914362881044,33.35960430287553,1.4643962439208051,0.0,6.731668124011632,10.14973337156352,1.8637067794431743,0.1095847016560349,0.8845631364001382,0.0,8.617676534385867,0.0874170253418955,0.0528513208941872,0.7433290487154565,40.14623523240788,1.8019194470436848,0.0,7.338281914924078,11.269999954112546,2.053172157206077,0.1215562782738772,0.8804215481824184,0.0,9.122662607385044,0.0987374218779373,0.0568753708377979,0.7874631613596915,43.74015421269201,1.964194459526084,0.0,471.0,745.4,136.0,8.0,52.0,0.0,580.0,6.409999999999998,3.5499999999999985,49.61,2844.0,126.28145438346654,0.0,14.90506329113924,23.588607594936708,4.30379746835443,0.2531645569620253,1.6455696202531644,0.0,18.35443037974683,0.2028481012658227,0.1123417721518986,1.5699367088607594,3.996248556438814,1.24804992199688,Leeds United,West Ham,2026-05-24T15:00:00Z,38,1.808077
151,Federico Chiesa,3.0,1,1.3398971820673846,1.3739348418074238,1.4343213778237405,1.471195734191458,1.5252828948975592,1.3982776425588164,1.364558433783409,1.3824857175755458,,368.0,,349.0,369.0,317.0,63.0,,1.4,0.3,203.0,1.7948830310854702,1.7638612024277347,1.777071859288577,1.882232119440549,1.369070929853555,1.3107531840700402,1.284425194007207,1.240001898284402,0.0023128331183969,3.011169159739977,1.3228830962232945,0.9227088630560304,0.0026023148108375,0.5051072812674374,0.0,9.649660396681831,0.0359145852602988,0.0128482594738109,0.2980056024847792,11.79315296627198,1.1261759219085388,0.0129974407493779,3.5181808344567256,1.6718902702646536,1.0605159772052055,0.0187652170103986,0.3941211673130034,0.0,7.658141256379522,0.0384160284415078,0.0189971686903838,0.264474584629692,11.531016741188912,1.1981964778813254,0.0243377938566082,4.098126373960475,1.9361075074089291,1.2062548899310317,0.0383207243746325,0.3723778542522395,0.0,7.05765469096796,0.0457001832915806,0.0220032778764171,0.2707114762500017,12.18127489115896,1.2781615356669738,0.0312435216235487,4.4220157515981615,2.081141213150972,1.291501278744225,0.0503697213237363,0.3712599055149317,0.0,6.893309792409022,0.0506779157089192,0.0230749486527045,0.2795171031023146,12.64610630472535,1.325971775927159,1.0,151.0,71.0,44.0,2.0,12.0,0.0,218.0,1.79,0.7599999999999999,9.3,420.0,43.98246123762804,0.2142857142857143,32.357142857142854,15.214285714285715,9.428571428571429,0.4285714285714286,2.571428571428571,0.0,46.714285714285715,0.3835714285714285,0.1628571428571428,1.992857142857143,9.424813122348866,1.11731843575419,Liverpool,Brentford,2026-05-24T15:00:00Z,38,1.8796692
152,Felipe Rodrigues da Silva,2.0,1,1.5322076893718972,1.5176230765891512,1.5246329989409293,1.5307653860088308,0.8043382958227075,1.0216501233696416,1.230935744218627,1.342933417719982,,385.0,,308.0,210.0,1250.0,43.0,,2.5,0.1,290.0,2.2174093458585955,1.7777940416108506,1.457231199250763,1.30762240589473,0.845018040005908,0.9974050788647442,1.1708124605074612,1.2828488912433935,0.0,9.876263048369903,3.461319271719822,3.3362397429488637,0.2000069692257166,1.1426661351163685,0.0,9.604953116079203,0.1356592033139109,0.0126615082705289,1.747191676861248,64.6530381188742,2.912705473387019,0.0,8.821935988888235,2.409199906615872,2.6539049495353386,0.1007917359393184,1.0161438461785195,0.0,6.559389149282263,0.0914469602879204,0.0088504074595105,1.308768056119947,58.60880731715585,2.5842310873894405,0.0,7.78716610442096,1.7221812893145354,2.2313219967704003,0.0552161751107107,0.947514562561314,0.0,4.533009970540816,0.0617575077798986,0.0064158982574982,1.0729570611511396,54.153429084883335,2.263417579755455,0.0,7.20058145160234,1.3677093861283491,2.0245972780371995,0.0363393999666308,0.8799984274873129,0.0,3.480206473353432,0.0463980565877526,0.0051246788075653,0.9457158209820864,50.75346423352839,2.062776352279338,0.0,307.0,48.099999999999994,85.0,1.0,36.0,0.0,116.0,1.5,0.1799999999999998,37.6,2141.0,85.52221401831632,0.0,12.905184493227464,2.0219523587108825,3.57309668379262,0.0420364315740308,1.5133115366651098,0.0,4.876226062587576,0.0630546473610462,0.0075665576833255,1.580569827183559,3.595048697640574,0.6666666666666666,Nottingham Forest,Bournemouth,2026-05-24T15:00:00Z,38,2.325991
153,Fer López González,3.0,0,0.7880939941043962,0.88089881267518,0.9708858168980458,1.0216470235091468,1.9916444456516489,2.0329944594527656,2.001641049126402,1.9158268090481736,,259.0,,355.0,399.0,228.0,52.0,,1.3,0.0,292.0,0.5612806816502148,0.6386213472066709,0.7979619678363931,0.9283560814418896,2.130057310664621,2.0392946571208856,1.8973656811155315,1.7964361500251138,0.0756957056288627,4.020184141631396,4.983016130873144,1.3361953800781912,0.0,0.9296591741716792,0.0,2.5516691198777512,0.0097579334126167,0.050679410354108,0.4851760546097207,25.5011842238322,1.3354476710802987,0.0963940173310824,4.136607672142661,5.971260415858081,1.3397077379559958,0.0,0.9837151099230936,0.0,3.284640186080268,0.0135573068162901,0.06072700384522,0.4709864255319502,25.59574869293988,1.3209702067745157,0.1046355243035159,4.18403254258843,6.403930153547714,1.3377360226984103,0.0,0.9961470904349972,0.0,3.689423074701387,0.0156330299296931,0.0646766329127753,0.4583784409157856,25.499386165525763,1.3140411536908758,0.1081022124094068,4.204333019134728,6.598768041028478,1.3358278186153625,0.0,0.9990664304716412,0.0,3.8985963442203935,0.0166991455873891,0.0663356944816219,0.4511003015115568,25.423851394155992,1.3108598794796325,1.0,38.0,61.0,12.0,0.0,9.0,0.0,37.0,0.16,0.61,3.99,228.0,11.771279332811462,0.3947368421052631,15.0,24.07894736842105,4.7368421052631575,0.0,3.552631578947368,0.0,14.605263157894738,0.0631578947368421,0.2407894736842105,1.5750000000000002,4.6465576313729455,0.0,Wolves,Burnley,2026-05-24T15:00:00Z,38,1.8496121
154,Ferdi Kadıoğlu,2.0,1,1.840832047565444,1.809043192946828,1.7503560523911208,1.6644300751948404,1.22773277493323,1.230558127920629,1.293397159421104,1.3794963287296922,2.0,71.0,,93.0,126.0,3040.0,45.0,,3.2,1.4,122.0,1.8979750167610736,1.6183302800534345,1.5159138462337038,1.5053512875565596,0.950092104134086,0.996701352389878,1.117944961587651,1.2325660053177352,0.0250858570079299,16.947491908899163,15.76562648973982,4.513011193201079,0.102433241487374,0.958415426581836,0.0,13.300273141548155,0.0548702867111852,0.170595792176773,1.0197717144297769,89.92937756611141,5.283733165719411,0.0510268610530266,16.552672856884065,13.61443885342557,4.166959705370443,0.0745801719109399,0.9696065810796068,0.0,10.895979451235752,0.0600349654937438,0.1197189704938006,1.1087269748900617,89.1953691162884,5.008701735126698,0.0591264948089692,15.718597520998518,12.986171944485738,3.775874723097683,0.0508996580857605,1.006453319619378,0.0,9.358154330880462,0.0596810653486657,0.1026432031289583,1.1641622559358733,87.64650138208204,4.733166316675184,0.0589544268529202,15.060321918068295,12.642781905457376,3.5338818258296247,0.0387447102419531,1.0311415148582443,0.0,8.556044577596273,0.0582097108238471,0.0964505774643548,1.184215648056997,86.2708729024719,4.547718536560213,2.0,513.0,439.5,118.0,1.0,38.0,0.0,280.0,2.01,3.29,42.95,3040.0,155.96735684775814,0.0592105263157894,15.187500000000002,13.011513157894738,3.493421052631579,0.0296052631578947,1.125,0.0,8.289473684210526,0.0595065789473684,0.0974013157894736,1.2715460526315792,4.617454643519156,0.4975124378109453,Brighton,Manchester Utd,2026-05-24T15:00:00Z,38,3.2707944
155,Filip Jörgensen,1.0,0,1.2993027530090575,1.1556816927460971,1.0987727083015113,1.0838528074355682,1.4810645035741192,1.4785520139318924,1.401222411431172,1.340576268058851,,653.0,,441.0,402.0,378.0,43.0,,1.8,0.2,630.0,0.7771797040896207,1.149495895839456,1.4059455313703966,1.571061594817884,2.182659026617494,1.8075292844204467,1.5294772186811345,1.4013786355097777,0.0,10.080437886720608,0.0,1.8305568776772967,0.0,0.8838648262732033,1.592574964302713,0.0,0.0,0.0,0.683979057591623,73.56211327939076,2.6788229484557204,0.0,10.060902053673905,0.0,1.817806646968328,0.0,0.9404410148714316,1.598031794095382,0.0,0.0,0.0,0.7540546018412249,74.53356450391931,2.6836986905869025,0.0,10.0353556632744,0.0,1.809475328808774,0.0,0.9700525348079364,1.599501865586593,0.0,0.0,0.0,0.7892167437260067,75.06159543915535,2.684988869841228,0.0,10.018856582823586,0.0,1.804871893027818,0.0,0.9850064073813296,1.5998751129391815,0.0,0.0,0.0,0.806673810618291,75.33019338933019,2.685278114813516,0.0,50.0,0.0,9.0,0.0,5.0,8.0,0.0,0.0,0.0,4.12,378.0,13.426584252838534,0.0,11.904761904761903,0.0,2.142857142857143,0.0,1.1904761904761905,1.9047619047619049,0.0,0.0,0.0,0.980952380952381,3.196805774485365,,Chelsea,Sunderland,2026-05-24T15:00:00Z,38,2.533716
156,Florentino Ibrain Morris Luís,3.0,1,0.6713781975253578,0.7368591485710255,0.7974005780690301,0.886711191832273,1.7556417034315248,1.7098595237868155,1.6962368721663368,1.692611722456014,,179.0,,242.0,183.0,2010.0,50.0,,2.7,0.0,345.0,0.9851174926304958,0.9787764719265952,1.022008359547608,1.0484439670146557,2.2395555570645613,2.1477716373262017,2.054383025950329,1.939848177190176,0.0145174457117739,9.558276116604324,6.418416397292405,2.7624531086718145,0.0,1.1467481451685564,0.0,0.9426284455323832,0.008792124444682,0.0147729872612524,1.100038711698596,58.03924853137839,2.6220876614762476,0.0369899816935888,9.58645332541049,6.455043427212319,2.6088986541505115,0.0,1.2543007981057233,0.0,1.098928360830097,0.0110092325018754,0.015806503301867,1.2163201666914862,59.41088526913873,2.474613101424909,0.0520620081078877,10.259567506783435,6.784109984103899,2.6476223029663704,0.0,1.3512889175745495,0.0,1.340115760291496,0.0149266415888303,0.0164096745478386,1.3353506302670972,62.6505782316949,2.553150259392703,0.0596216133636402,10.752795517900568,7.038933330585421,2.6995607656017664,0.0,1.4080817412443294,0.0,1.4874257010608978,0.0175454966248596,0.0166052802413221,1.4040383321626824,64.77153888781315,2.631362151321918,2.0,339.0,220.0,83.0,0.0,44.0,0.0,49.0,0.61,0.5,44.17,2010.0,81.77154714575681,0.0895522388059701,15.17910447761194,9.850746268656716,3.7164179104477615,0.0,1.9701492537313432,0.0,2.194029850746269,0.0273134328358208,0.0223880597014925,1.9777611940298507,3.6614125587652304,0.0,Burnley,Wolves,2026-05-24T15:00:00Z,38,2.7870584
157,Florian Wirtz,3.0,1,1.3398971820673846,1.3739348418074238,1.4343213778237405,1.471195734191458,1.5252828948975592,1.3982776425588164,1.364558433783409,1.3824857175755458,4.0,8.0,5.0,17.0,115.0,2357.0,83.0,,3.9,8.5,29.0,1.7948830310854702,1.7638612024277347,1.777071859288577,1.882232119440549,1.369070929853555,1.3107531840700402,1.284425194007207,1.240001898284402,0.1173683376730421,14.770406741459375,27.441973030317502,3.628173582180085,0.1902061022793523,1.4567507808396616,0.0,17.137037917035354,0.1201992329332198,0.1373273225848942,1.405605750528977,71.82171169657211,3.420443269269903,0.1412405208783449,16.833460452477613,29.46312823681802,4.1087036869570435,0.2041404164521501,1.2155018033430618,0.0,20.06178980244523,0.1691401123260288,0.1610398155948623,1.253380588596413,75.26492030543507,4.004058378048364,0.1402869994615003,17.030532148900647,29.31754404481376,4.133740051400862,0.1908859394687668,1.0959326525599848,0.0,20.620062485300455,0.1876436901577864,0.1646497986019809,1.1477331228442402,75.15825937345092,4.156477756377174,0.1344061038025109,16.7361136717798,28.8989025559151,4.0394937255690175,0.1759378549589946,1.0437852426033896,0.0,20.474553948221548,0.1917798579427195,0.1631140107043053,1.0949127274582189,74.53812928391555,4.153176218523053,4.0,518.0,906.2,124.0,5.0,32.0,0.0,642.0,6.14,5.11,33.5,2357.0,131.02657604521886,0.1527365294866355,19.779380568519304,34.602460755197285,4.7348324140857025,0.1909206618582944,1.2218922358930844,0.0,24.51421298260501,0.2344505727619855,0.1951209164191769,1.2791684344505727,5.0031361239158665,0.8143322475570033,Liverpool,Brentford,2026-05-24T15:00:00Z,38,4.0774846
158,Francisco Evanilson de Lima Barbosa,4.0,0,2.1739274766868766,1.800014640187395,1.4843813892721411,1.3253187290721609,1.2760144320047273,1.197664595650709,1.2623114361549288,1.3267371701590465,,89.0,,51.0,208.0,2669.0,66.0,2.0,3.2,2.4,12.0,1.665259611714872,1.5751367596388566,1.5522578466798904,1.5446869163772212,0.7554228697783842,1.0240556929622369,1.2430957966446117,1.3519282732907731,0.3299167524742945,11.083274793751915,11.273688895237536,3.4311658353887995,0.0478803080592853,0.5596267516975824,0.0,17.681658542705893,0.3568637272973088,0.0513135568134429,1.0043443257133895,77.05105577990751,3.3301553067959704,0.2849055575779185,11.552523685499628,11.291490694787742,3.53182913980066,0.1190253524103471,0.7804053759862932,0.0,20.732565488620818,0.3326383386687627,0.0473744886498761,1.0832751555020466,76.91544349053736,3.340483845691782,0.2397820372290056,12.094367199112554,11.197068322290802,3.551237777914169,0.1751719931785064,0.9422532168348616,0.0,23.254275846544925,0.3306232962392955,0.0455412806758172,1.0702826547797262,76.4685753029026,3.4401175353064457,0.2180492761376115,12.684560803673016,11.13406354217706,3.612020138336269,0.2092395578176393,1.009897826533502,0.0,25.02170947961127,0.3371348745301222,0.0461861630392221,1.0316668955798471,76.12222279302456,3.5571730931558556,7.0,890.0,727.2,246.0,16.0,69.0,0.0,1772.0,23.05,3.209999999999999,64.58,4986.0,245.7277815276098,0.1263537906137184,16.06498194945848,13.12635379061372,4.44043321299639,0.2888086642599278,1.2454873646209386,0.0,31.985559566787003,0.4160649819494585,0.057942238267148,1.1657039711191337,4.435519522159022,0.6941431670281996,Bournemouth,Nottingham Forest,2026-05-24T15:00:00Z,38,3.315599
159,Frank Onyeka,3.0,0,1.8359064248683763,1.78747508218593,1.7882183641372678,1.8851857440962256,1.8952567438828445,1.5796778656740686,1.420205125806682,1.3092227962416565,,314.0,,358.0,328.0,88.0,49.0,,2.0,0.1,352.0,1.4907471855484384,1.486105235363339,1.490681508860718,1.495280807710621,1.2040156660791907,1.31293630394766,1.3809161251531714,1.4202868427591693,0.2275999653048833,6.049054969817915,2.7594143528741326,1.6449513621384464,0.0268494624469561,0.4022755070514334,0.0,2.012616865743205,0.012011232058196,0.0414758405192095,0.3557272409775459,14.225793171498706,1.213586543162778,0.2816059450357372,6.67171952205853,4.224036822390652,1.670783865388502,0.039140415733597,0.6936130919145824,0.0,4.386429018147994,0.0304896631146863,0.0414907618279673,0.4703105093652259,22.3819130771948,1.3674835768964066,0.3078720280304744,6.693890155661968,5.225676636143484,1.6398877818034958,0.0348378449147189,0.8616158644315322,0.0,5.885407202709207,0.0428275040550424,0.0425103409596367,0.6040998108420083,30.452083771465603,1.4982544804806686,0.3207147649382096,6.591714851951252,5.658557128963795,1.6331305178376,0.0287673594191601,0.922717869396546,0.0,6.54758288593603,0.0478134368877799,0.0426263696126853,0.6945652515767033,35.28899038555933,1.573112591641636,2.0,303.0,279.6,79.0,1.0,45.0,0.0,332.0,2.4499999999999993,2.0,37.99,1923.0,77.45514438222116,0.093603744149766,14.180967238689547,13.085803432137286,3.697347893915756,0.046801872074883,2.1060842433697347,0.0,15.538221528861154,0.1146645865834633,0.093603744149766,1.778003120124805,3.6250457589183074,0.4081632653061225,Brentford,Liverpool,2026-05-24T15:00:00Z,38,1.6315153
160,Freddie Potts,3.0,1,1.4873748164371934,1.4101831854236713,1.3542056928734252,1.3172760593840596,0.7915192984902504,1.0407607451397949,1.3223124000649034,1.5182899044580005,1.0,236.0,,331.0,299.0,1162.0,43.0,,1.7,0.5,353.0,1.278880504085904,1.280044972867836,1.2487028179962392,1.247138277897243,0.990732196846862,1.3147050490326382,1.5161472023113465,1.61066091078553,0.0173075765581215,6.069276327938352,3.246064222576047,1.3927666840168391,0.0,0.7862898468415203,0.0,0.8820982565984771,0.004053434429912,0.0503268031828801,0.6198357703711902,36.681889424323806,1.4954806761913533,0.0348089430324082,8.049005912408692,4.569872415619775,1.555604571526818,0.0,0.986698941870434,0.0,1.4355108710118218,0.0076529395086918,0.0555020566191072,0.8260712282873118,45.56077013574184,1.7046381231462695,0.042042002825872,9.036879838744817,5.496012587619118,1.63157645378679,0.0,1.0774361763841365,0.0,1.6215226827846916,0.0090156309138844,0.053216968200964,0.9143432086832114,49.749627643458965,1.7951653080478838,0.0443089738106804,9.44691029879432,5.971500840285036,1.660826014714442,0.0,1.1116126416863026,0.0,1.6684064167169093,0.0093983096874908,0.050966747928207,0.9471018449100947,51.462002105878234,1.8285380992515308,1.0,215.0,141.3,37.0,0.0,25.0,0.0,37.0,0.21,1.06,21.35,1162.0,40.73312848516755,0.0774526678141136,16.652323580034423,10.944061962134253,2.865748709122203,0.0,1.93631669535284,0.0,2.865748709122203,0.0162650602409638,0.0820998278829604,1.6536144578313254,3.1548894695912906,0.0,West Ham,Leeds United,2026-05-24T15:00:00Z,38,1.8742287
161,Freddie Woodman,1.0,1,1.3398971820673846,1.3739348418074238,1.4343213778237405,1.471195734191458,1.5252828948975592,1.3982776425588164,1.364558433783409,1.3824857175755458,,533.0,,436.0,395.0,212.0,39.0,,2.0,0.4,501.0,1.9920047360710469,1.831927410408441,1.8083901923308423,1.9024835420639563,1.076673327896179,1.161423684028683,1.2098886487612543,1.20105129197208,0.0,12.56239775837774,0.0,1.9637841952673265,0.0,2.1185112000129576,2.8726292091154986,0.0,0.0,0.0,1.9710678479454495,80.60591827148897,2.9564249290420084,0.0,13.24982542752765,0.0,2.0320630642217767,0.0,2.191848965436471,2.782840278311553,0.0,0.0,0.0,1.9720161141461496,80.99487812129158,3.161355104345767,0.0,13.618911644491105,0.0,2.0827640637264833,0.0,2.2370087125013622,2.7457226809927806,0.0,0.0,0.0,1.975419655180329,81.32391917824425,3.2837680083860055,0.0,13.808212196439143,0.0,2.111729709130096,0.0,2.261009480449559,2.7292873716753863,0.0,0.0,0.0,1.9775950692832296,81.51271612286936,3.348975264064336,0.0,98.0,0.0,15.0,0.0,16.0,19.0,0.0,0.0,0.0,13.86,572.0,23.91504823063944,0.0,15.41958041958042,0.0,2.36013986013986,0.0,2.5174825174825175,2.9895104895104896,0.0,0.0,0.0,2.1807692307692306,3.7628572390866246,,Liverpool,Brentford,2026-05-24T15:00:00Z,38,2.6189008
162,Fábio Freitas Gouveia Carvalho,3.0,0,1.8359064248683763,1.78747508218593,1.7882183641372678,1.8851857440962256,1.8952567438828445,1.5796778656740686,1.420205125806682,1.3092227962416565,4.0,358.0,,329.0,309.0,100.0,49.0,,2.2,0.2,224.0,1.7925977484387507,1.637494718330394,1.566166993194607,1.5335482781369147,1.3632125328633526,1.381642676504382,1.411878341816163,1.4350298966220594,0.0,6.623396273133098,1.4768575202406549,1.9889316144961913,0.1590324874526434,0.4052101394803757,0.0,5.713099344036637,0.1040534881645917,0.0052537628203759,0.215598427449052,11.770872997311564,1.6635783008595582,0.0,6.802931108934217,2.2221978810308824,1.9969954380140709,0.1519629533726968,0.5675909789204409,0.0,6.827539457177243,0.1212808825145835,0.0114418173846075,0.3467994214296812,16.560032198622867,1.797168714958934,0.0,6.785636990393658,2.6781959435860596,1.962201797394399,0.137673159359122,0.6492593725783282,0.0,7.295363582690791,0.1266056378434968,0.0166841585375488,0.4391008479328622,19.243700615981034,1.8515373568696232,0.0,6.771670950060268,2.90601232070713,1.941218794569556,0.1290005512912091,0.6866307853294996,0.0,7.473495467202439,0.1277214570024575,0.0197026583042677,0.4899524012819279,20.53337507068167,1.871816234703772,0.0,169.0,78.0,48.0,3.0,18.0,0.0,190.0,3.19,0.5699999999999998,13.54,543.0,47.146663599880256,0.0,28.011049723756905,12.92817679558011,7.955801104972375,0.4972375690607734,2.983425414364641,0.0,31.49171270718232,0.5287292817679559,0.0944751381215469,2.2441988950276244,7.814364132576838,0.9404388714733544,Brentford,Liverpool,2026-05-24T15:00:00Z,38,1.6997439
163,Gabriel Fernando de Jesus,4.0,0,1.0829318651843192,1.067014294422874,1.145889565874812,1.235301562856742,1.967837344196661,1.6830638340953552,1.4810949370442836,1.36834061592233,,379.0,,336.0,374.0,344.0,64.0,,1.5,0.3,139.0,1.5366430027994211,1.7445156922993874,1.7972944455591804,1.7977644852597776,0.9097069406773968,0.8936347442115798,0.856958262648541,0.8480417815934933,0.0,4.996592503186927,4.118210742610112,1.4798261367163592,0.1288613687444399,0.3599465613384647,0.0,16.017452254575065,0.1330765887357594,0.0218090623955579,0.2139504521035082,29.81814102410136,1.5745242519866276,0.0,6.87952754338623,4.927744464338013,1.9480498293191857,0.1682580338292237,0.3986456856881539,0.0,17.953738562873934,0.1633452292356891,0.0295449192634991,0.2892621668235055,32.85791482118506,1.8841236516525,0.0,7.894125213014652,6.726916968992136,2.30032960915055,0.1707793288996407,0.3955466695458959,0.0,19.249613773091287,0.1771712735223373,0.0451712331051981,0.3366107760036896,36.60448577002083,2.121146959010815,0.0,8.435355521089049,8.466732062603016,2.5530865468687116,0.1689461409770485,0.4176771205174543,0.0,21.089367109617655,0.193049214915927,0.060463942517749,0.3834550013177743,40.92982222544128,2.329575632495676,0.0,575.0,677.8000000000001,186.0,11.0,31.0,0.0,1548.0,14.46,5.119999999999998,30.049999999999997,3082.0,167.8190103775025,0.0,16.791044776119403,19.792991563919536,5.4315379623621025,0.3212199870214147,0.9052563270603504,0.0,45.20441271901363,0.4222582738481505,0.1495133030499675,0.8775146009085009,4.900620030491637,0.760719225449516,Arsenal,Crystal Palace,2026-05-24T15:00:00Z,38,2.2644382
164,Gabriel Gudmundsson,2.0,0,0.9286294544735864,1.0856375066906117,1.1528129081947445,1.198210556571093,1.6522039078284754,1.568477982680725,1.610655951538412,1.6495020971055678,,83.0,,122.0,128.0,2637.0,38.0,,2.1,3.2,197.0,1.314879922942365,1.2671592254272002,1.2713927650331196,1.271750945532412,0.7292951623297125,1.1034305027600286,1.40451405384376,1.5769705703998576,0.0,9.945750095959516,7.567499339067727,3.1211615090820337,0.0,1.0444656764940392,0.0,3.7418994074777423,0.0135012680359069,0.1650659194987004,1.1952662918802688,82.56827686911193,3.2386250560381034,0.0,8.920963714984747,8.192062751644608,2.518238353048325,0.0,1.1855747060265638,0.0,4.350706092924023,0.0242428785729782,0.1168936914534782,1.2799577746368456,82.2728781212696,3.125453043893108,0.0,8.762799768938933,9.512547585889347,2.3406595560484287,0.0,1.2962679995548894,0.0,4.671929115675633,0.0302223150463909,0.099985867711287,1.2971791457542003,82.29956172047056,3.1435812775527916,0.0,8.809010603506302,10.403751599039444,2.305579450244884,0.0,1.3533389205478414,0.0,4.813698919292202,0.0326204547827177,0.0942592813883141,1.293803458416616,82.33792109271175,3.17424807318695,0.0,286.0,363.7,74.0,0.0,45.0,0.0,158.0,1.1,2.89,41.06,2637.0,103.0484171564722,0.0,9.761092150170647,12.41296928327645,2.5255972696245736,0.0,1.5358361774744027,0.0,5.392491467576792,0.0375426621160409,0.0986348122866894,1.4013651877133106,3.517010824452976,0.0,Leeds United,West Ham,2026-05-24T15:00:00Z,38,3.186187
165,Gabriel Martinelli Silva,3.0,0,1.0829318651843192,1.067014294422874,1.145889565874812,1.235301562856742,1.967837344196661,1.6830638340953552,1.4810949370442836,1.36834061592233,,226.0,,230.0,323.0,975.0,68.0,,1.7,0.9,82.0,1.6634515217916297,1.7830577107642605,1.8145583965856904,1.80715560782024,0.5822124420335341,0.7238441428036401,0.7734040602432958,0.806032190476869,0.1295713005623435,4.105725960418789,6.692161101784987,1.3034494812213098,0.0010903713870813,0.313785496409859,0.0,9.892703616025422,0.113150328093334,0.0279569839138081,0.3811444100654139,32.77268869384397,1.533487466749006,0.1623842009213515,5.392434221989845,7.315047723652522,1.6656174818696872,0.0177564593115913,0.3325350084221287,0.0,12.466555161653677,0.138705745179941,0.042314519856393,0.3895779154191375,36.243954719598456,1.869293736379135,0.1595292376423815,6.9861298440692545,9.113941001955896,2.1647822637488687,0.0633579397612882,0.3956104147416975,0.0,15.70699656707135,0.1595666747227897,0.0597753146238758,0.4482076181917844,41.89617376200453,2.306691352005217,0.1508549279139936,8.539761818797333,11.672446629144622,2.651548736866059,0.1086859310465232,0.481548503351179,0.0,18.454664680134723,0.1713353787932437,0.082297064821865,0.5077904565735115,47.75125711531769,2.713217294818435,4.0,1085.0,1623.0,339.0,16.0,64.0,0.0,2184.0,18.34,12.339999999999998,61.38999999999999,5715.0,326.99632232412876,0.0629921259842519,17.086614173228345,25.559055118110237,5.338582677165355,0.2519685039370078,1.0078740157480317,0.0,34.39370078740158,0.2888188976377953,0.1943307086614173,0.966771653543307,5.149548383057145,0.8724100327153762,Arsenal,Crystal Palace,2026-05-24T15:00:00Z,38,2.6043818
166,Gabriel dos Santos Magalhães,2.0,0,1.0829318651843192,1.067014294422874,1.145889565874812,1.235301562856742,1.967837344196661,1.6830638340953552,1.4810949370442836,1.36834061592233,,269.0,,91.0,24.0,2705.0,73.0,,6.7,46.0,111.0,1.6634515217916297,1.7830577107642605,1.8145583965856904,1.80715560782024,0.5822124420335341,0.7238441428036401,0.7734040602432958,0.806032190476869,0.123713053982414,23.633620422474703,3.125672287523391,6.750159916946398,0.0088711614069508,0.4576339548574363,0.0,12.890125427690712,0.1462267653030635,0.0431149470774906,0.7696329392071598,89.72962924254718,7.158040612662842,0.1629866766487141,22.802888672542263,3.7441509687218,6.5404326462418485,0.0403976400198821,0.6008726800791377,0.0,10.905058471322947,0.1147011840066605,0.0542400089429292,0.760575282830748,88.48262018084579,6.512931527432793,0.1685642390135334,21.77010044755967,4.451934163008949,6.172571514209701,0.0688853653329255,0.6465889473700055,0.0,9.879160778855269,0.1006130601925983,0.0536596837304111,0.7340501690715658,87.09487788107225,6.000074529461086,0.1664315492206967,20.677648367060844,4.817742992818731,5.663829570623859,0.0828413559848161,0.6876325767366852,0.0,9.731617631717707,0.1004010486837886,0.0476110271243556,0.7447612474521326,86.35848859198448,5.564078140073836,5.0,1980.0,495.7000000000001,503.0,9.0,81.0,0.0,1002.0,11.07,3.7799999999999985,84.09,8914.0,515.4772184955922,0.0504823872560017,19.99102535337671,5.004823872560018,5.07852815795378,0.0908682970608032,0.8178146735472291,0.0,10.11667040610276,0.1117680053847879,0.0381646847655373,0.8490127888714383,5.204504113148227,0.8130081300813008,Arsenal,Crystal Palace,2026-05-24T15:00:00Z,38,4.9330864
167,George Earthy,3.0,1,1.4873748164371934,1.4101831854236713,1.3542056928734252,1.3172760593840596,0.7915192984902504,1.0407607451397949,1.3223124000649034,1.5182899044580005,,420.0,,456.0,660.0,8.0,45.0,,1.0,0.0,406.0,1.0881670564191148,1.1368875229761837,1.1609608131524105,1.212309875999468,2.075552685916155,1.91671267600108,1.814900084409042,1.7517633720912336,0.0,6.902439024390242,0.969918699186992,2.0840108401084008,0.2168021680216802,0.3387533875338753,0.0,7.831978319783197,0.075880758807588,0.0033875338753387,0.2895663956639566,9.962059620596206,1.4116110348662845,0.0,7.2396045362023855,0.9205873800523408,2.1776679267228847,0.2355335853445769,0.2907822041291072,0.0,8.354172724629253,0.0824367548706019,0.002907822041291,0.2536202384414073,10.122419307938356,1.4448455679021814,0.0,7.378853734964115,0.8973314464773071,2.2163482597122544,0.2432696519424509,0.2695508608780619,0.0,8.567000235857002,0.0851443781798577,0.0026955086087806,0.2374877859766164,10.190067050776644,1.4585288365017628,0.0,7.441614380330875,0.8860512088384525,2.2337817723141313,0.2467563544628263,0.2595727594612242,0.0,8.662105216195718,0.0863647240619892,0.0025957275946122,0.2298549231624073,10.220965367315731,1.4646837176857646,0.0,30.0,3.5,9.0,1.0,1.0,0.0,35.0,0.35,0.01,0.89,41.0,5.881603348401275,0.0,65.85365853658537,7.682926829268293,19.75609756097561,2.1951219512195124,2.1951219512195124,0.0,76.82926829268293,0.7682926829268292,0.0219512195121951,1.953658536585366,12.910836618441822,2.857142857142857,West Ham,Leeds United,2026-05-24T15:00:00Z,38,1.6553794
168,George Hemmings,3.0,0,2.0877065823215184,2.0313064824181177,1.9983975655290631,1.9899321472113032,0.7760600908270671,0.8320655962724971,0.902284812718804,0.9638814197680602,,436.0,,476.0,708.0,25.0,45.0,,1.0,0.0,424.0,1.7112006894537255,1.723931778211379,1.617652188054509,1.546183052906332,1.285775476155724,1.2648314869470922,1.2681098231383776,1.3131619080342498,0.0,2.4444444444444446,0.8333333333333333,1.0,0.0,0.0,0.0,1.1111111111111112,0.0222222222222222,0.0044444444444444,0.2911111111111111,12.999999999999998,1.124550210393516,0.0,2.473684210526316,0.8421052631578948,1.0,0.0,0.0,0.0,1.0526315789473684,0.0210526315789473,0.0047368421052631,0.2984210526315789,12.736842105263158,1.1195805473261418,0.0,2.4871794871794872,0.8461538461538461,1.0,0.0,0.0,0.0,1.0256410256410258,0.0205128205128205,0.0048717948717948,0.3017948717948718,12.615384615384617,1.1172868566796612,0.0,2.4936708860759493,0.8481012658227847,1.0,0.0,0.0,0.0,1.0126582278481011,0.020253164556962,0.0049367088607594,0.3034177215189873,12.556962025316457,1.1161835624446452,0.0,5.0,1.7,2.0,0.0,0.0,0.0,2.0,0.04,0.01,0.61,25.0,2.2302157011310095,0.0,18.0,6.12,7.2,0.0,0.0,0.0,7.2,0.144,0.036,2.1959999999999997,8.028776524071635,0.0,Aston Villa,Manchester City,2026-05-24T15:00:00Z,38,1.3671929
169,Georginio Rutter,3.0,1,1.840832047565444,1.809043192946828,1.7503560523911208,1.6644300751948404,1.22773277493323,1.230558127920629,1.293397159421104,1.3794963287296922,,112.0,,108.0,216.0,1760.0,56.0,,2.8,0.3,59.0,1.8979750167610736,1.6183302800534345,1.5159138462337038,1.5053512875565596,0.950092104134086,0.996701352389878,1.117944961587651,1.2325660053177352,0.1070639664104212,7.593124840557452,9.793488975644271,2.8492881393111613,0.0966968388825506,0.5562513882446469,0.0,12.544700584930313,0.1127294916762359,0.1217885565029925,0.3683977748349862,32.8581052274704,2.426541981252103,0.1085818711701775,8.46614513178088,10.08245467306413,2.947197939322125,0.1130975836784613,0.5939727046111791,0.0,12.895447697375586,0.1006977293656882,0.095778393989722,0.511236376093433,43.43608448914853,2.5033019040165736,0.1250921716811178,9.107788862759408,10.460709736678035,2.997798882097725,0.1191431969499095,0.6897500973052738,0.0,13.56604202917709,0.1050304649171931,0.0857746535772823,0.6523594074019409,51.280569470461074,2.6064727293822907,0.1407806383455552,9.33425507189476,10.445751659661266,3.0098340635343455,0.1209497249928098,0.7722022979025093,0.0,13.692513630683507,0.1108664656475719,0.079517964955817,0.7355976684096558,54.200404615423494,2.638531188602389,5.0,622.0,678.9,199.0,8.0,58.0,0.0,900.0,7.819999999999999,4.799999999999999,54.07,3674.0,175.5382280381565,0.1224823081110506,15.236799129014695,16.630647795318453,4.8747958628198145,0.195971692977681,1.4207947740881872,0.0,22.046815459989112,0.1915623298856831,0.1175830157866085,1.3245236799129014,4.30006546636747,1.0230179028132993,Brighton,Manchester Utd,2026-05-24T15:00:00Z,38,2.564022
170,Gianluigi Donnarumma,1.0,1,1.939727876476741,1.639347092096446,1.5294458207117694,1.492088522256452,1.7928720239433336,1.6074334490457554,1.4533604505952842,1.39252795828722,,434.0,,238.0,57.0,3060.0,56.0,,4.0,9.3,465.0,2.359633227901898,2.14589609158091,2.0509452912077135,2.0153983924474415,0.7200751135338337,0.8134062180797018,0.897141860619187,0.9629522605076414,0.0,15.921544453923287,1.055255077893154,5.192455130503214,0.0,0.7758288357690607,2.0846487771683293,0.2049038986200298,0.0,0.0133187534103019,1.251922670684381,90.0,4.589442960689361,0.0,16.514165434258707,0.7723512818094432,4.748104794303008,0.0,0.8224493640543278,2.2433849244276054,0.1499711226814453,0.0,0.0097481229742939,1.199972428889848,90.0,4.731241535903053,0.0,16.72421520318792,0.5350960933622677,4.467779703849354,0.0,0.8454579811969725,2.306988267755916,0.1039021540509257,0.0,0.0067536400133101,1.169464902826121,90.0,4.792848489264199,0.0,16.737363539231062,0.4135050719941687,4.33073551814902,0.0,0.852122102558899,2.3121547539145264,0.0802922469891589,0.0,0.0052189960542953,1.1516848079557616,90.0,4.812255026595762,0.0,567.0,10.3,143.0,0.0,29.0,78.0,2.0,0.0,0.13,38.5,3060.0,163.8940212038109,0.0,16.676470588235293,0.3029411764705882,4.205882352941177,0.0,0.8529411764705882,2.2941176470588234,0.0588235294117647,0.0,0.0038235294117647,1.1323529411764706,4.820412388347378,,Manchester City,Aston Villa,2026-05-24T15:00:00Z,38,3.7018533
171,Giorgi Mamardashvili,1.0,1,1.3398971820673846,1.3739348418074238,1.4343213778237405,1.471195734191458,1.5252828948975592,1.3982776425588164,1.364558433783409,1.3824857175755458,,637.0,,374.0,257.0,867.0,41.0,,3.4,0.7,607.0,1.7948830310854702,1.7638612024277347,1.777071859288577,1.882232119440549,1.369070929853555,1.3107531840700402,1.284425194007207,1.240001898284402,0.0,12.826849315634226,0.0,3.058752222225664,0.0,1.898973838508881,3.4184230236631685,0.0,0.0,0.0,1.264141850068756,85.26789398568255,3.767844227924698,0.0,13.488803384228335,0.0,3.300768823206278,0.0,1.8215788987273165,3.397445323228275,0.0,0.0,0.0,1.2949724613284674,85.89603635965867,3.974785243161371,0.0,13.724513090168209,0.0,3.3681883261936845,0.0,1.8049514519620635,3.3966082517764966,0.0,0.0,0.0,1.312333743053247,86.28890584352929,4.033908763253439,0.0,13.81940949067191,0.0,3.3883777146558174,0.0,1.8011814224124487,3.3978722139206665,0.0,0.0,0.0,1.320830588777836,86.49365451070022,4.052065336248843,0.0,139.0,0.0,34.0,0.0,18.0,34.0,0.0,0.0,0.0,13.29,867.0,40.629357070011594,0.0,14.429065743944635,0.0,3.5294117647058822,0.0,1.8685121107266436,3.5294117647058822,0.0,0.0,0.0,1.3795847750865051,4.217580318686324,,Liverpool,Brentford,2026-05-24T15:00:00Z,38,3.2222824
172,Granit Xhaka,3.0,1,1.0573950106173575,1.221091675632897,1.4163659335031855,1.5678551940989556,1.7569017770351965,1.6540987203742674,1.4778527368431342,1.381497105747743,1.0,39.0,1.0,72.0,55.0,2811.0,51.0,,3.7,3.2,280.0,0.8739904195180044,0.946034418834362,0.9799623012717682,1.0016999219902454,1.6013696707264908,1.5329499585552229,1.426295372575658,1.3551781333246342,0.1385485475997224,17.90424657743664,17.872723182906807,3.5995218315435085,0.001434234292969,1.414810593487182,0.0,1.839727868450545,0.0376365330621525,0.1459552991061773,1.271092502289082,86.15317256746548,3.787397984260699,0.1331490708180142,17.249791239024454,17.012014492893748,3.4792874651932215,0.0151715618696667,1.3329702340661986,0.0,2.6726452360791546,0.0392033108045517,0.1236614067570097,1.3296184095437709,83.97422179072892,3.620165756071536,0.148723281900393,17.142380172652537,16.660889646902714,3.5061485115166877,0.0367019051546926,1.19831670128342,0.0,4.072828398304589,0.0459698089515614,0.1062508566971784,1.3164166041700736,83.70077016853037,3.532227829174779,0.1634278460301366,16.863936111548526,16.194406339299192,3.4430753579579423,0.048970772168981,1.1002009390861862,0.0,5.136303392013153,0.05044330081987,0.0948830588672331,1.2776327037333477,83.91399723088357,3.404216461373285,6.0,1138.0,1062.6,237.0,4.0,70.0,0.0,423.0,3.78,5.999999999999999,89.36,6157.0,221.52351383880688,0.0877050511612798,16.634724703589413,15.532564560662662,3.464349520870554,0.0584700341075198,1.0232255968815982,0.0,6.183206106870229,0.0552541822316063,0.0877050511612798,1.3062205619619944,3.2381218524431734,1.058201058201058,Sunderland,Chelsea,2026-05-24T15:00:00Z,38,3.423894
173,Guglielmo Vicario,1.0,1,1.6283071946132468,1.5057146814462412,1.3634947000475075,1.2786717611892149,2.0676488183511657,1.6928646449335476,1.4536958060334333,1.368632576429858,,424.0,,180.0,16.0,2790.0,47.0,,2.9,5.4,748.0,1.050589723180107,1.1402522380711575,1.26907046874388,1.4099684087940392,2.098821873019609,1.931916890915265,1.76212771558014,1.656325462854702,0.0,7.755538882510341,1.600038688661721,1.811105554912994,0.0,2.2797583449259893,2.7487273238276013,0.0,0.0,0.0033130460191611,1.7669488201836243,90.0,2.6370653616172683,0.0,9.420375853018044,0.9005919523396279,2.080686379709102,0.0,2.0504824562740147,2.6256728281489226,0.0,0.0,0.0021014479525374,1.6724509458139765,90.0,2.9421845447594217,0.0,11.33734971686961,0.4809448929328449,2.433499144511818,0.0,1.844016383083109,2.6603178500188083,0.0,0.0,0.0013328182046351,1.578303270954005,90.0,3.308971454104272,0.0,13.005523027542852,0.2729366043257732,2.6577533254389096,0.0,1.7219895409229382,2.7331756080682146,0.0,0.0,0.0008772073450468,1.5449584072682745,90.0,3.490875751560235,0.0,1370.0,10.1,259.0,0.0,145.0,255.0,0.0,0.0,0.04,139.54,8100.0,321.8529811963577,0.0,15.222222222222223,0.1122222222222222,2.8777777777777778,0.0,1.6111111111111112,2.833333333333333,0.0,0.0,0.0004444444444444,1.5504444444444443,3.5761442355150854,,Tottenham,Everton,2026-05-24T15:00:00Z,38,2.9306877
174,Guido Rodríguez,3.0,1,1.4873748164371934,1.4101831854236713,1.3542056928734252,1.3172760593840596,0.7915192984902504,1.0407607451397949,1.3223124000649034,1.5182899044580005,,418.0,,452.0,436.0,175.0,48.0,,1.3,0.0,425.0,0.9017132263092696,1.0079119037961193,1.0858583409276483,1.1678683066784674,2.0885463801512576,1.9624551867344355,1.8538669887972656,1.7769958439231686,0.0,5.408431406587765,1.735118505038437,1.381164485803799,0.0,0.2377094703143854,0.0,0.4686249434947638,0.0034599699896503,0.0054326484312137,0.4412727031958519,25.709486524224527,1.1621340306938666,0.0,6.311470402277566,2.380570793647168,1.4595468436072057,0.0,0.3883954133705554,0.0,0.7481056841249785,0.0059363950962804,0.0064296108192232,0.5460488149944539,32.841746384302986,1.2481408226685542,0.0,6.94790225382612,2.705048713514073,1.4870960092153067,0.0,0.531215629507565,0.0,0.91167718905468,0.0073968079912447,0.0067845019498756,0.6525887891955198,38.45462678291305,1.3267850783500583,0.0,7.310771303597086,2.843378719229441,1.501226092544823,0.0,0.6228938915725688,0.0,0.992574806226906,0.0080568681784285,0.0069908212419693,0.7228832926270479,41.87331421995264,1.3766974995197172,0.0,223.0,85.7,44.0,0.0,21.0,0.0,31.0,0.2499999999999998,0.2099999999999995,23.26,1322.0,41.51765364458179,0.0,15.181543116490168,5.834341906202724,2.995461422087746,0.0,1.4296520423600605,0.0,2.1104387291981848,0.017019667170953,0.0142965204236005,1.5835098335854767,2.82646658699876,0.0,West Ham,Leeds United,2026-05-24T15:00:00Z,38,1.644825
175,Habib Diarra,3.0,1,1.0573950106173575,1.221091675632897,1.4163659335031855,1.5678551940989556,1.7569017770351965,1.6540987203742674,1.4778527368431342,1.381497105747743,,249.0,,290.0,331.0,1374.0,53.0,1.0,3.4,0.1,157.0,0.8739904195180044,0.946034418834362,0.9799623012717682,1.0016999219902454,1.6013696707264908,1.5329499585552229,1.426295372575658,1.3551781333246342,0.4062383383346857,11.234975692559296,9.857812114330812,3.1013986256002486,0.0565012035041513,1.227646111417334,0.0,9.701575932876548,0.1653195831009664,0.0578623921568618,1.0921916440464845,57.066318082870616,2.697628000592103,0.3635951960486096,11.510159672677776,8.62205495904684,3.3219276989378277,0.0879539131078847,1.1706844329332806,0.0,11.041370598776602,0.1746093507954567,0.0498955385683188,1.1570884451693508,66.19264817517376,2.9300206570674874,0.3398553651266773,11.410070549023825,8.024806348047044,3.3933057637053117,0.0994703726545393,1.094977530932812,0.0,11.463317291913654,0.1718759934145862,0.0461656335895345,1.1545695289193445,69.70533045836004,2.99182348913988,0.3277621230223576,11.282376904105352,7.759996387437233,3.41286399178465,0.1031526563334835,1.0490452131452848,0.0,11.597702242211968,0.1689413807161942,0.0443714843178862,1.144135866529105,71.12224856980102,3.008104003370923,6.0,211.0,143.0,65.0,2.0,19.0,0.0,222.0,3.14,0.81,21.44,1374.0,57.30293153310388,0.3930131004366812,13.820960698689955,9.366812227074236,4.25764192139738,0.131004366812227,1.244541484716157,0.0,14.541484716157203,0.2056768558951965,0.0530567685589519,1.4043668122270745,3.753467130989337,0.6369426751592356,Sunderland,Chelsea,2026-05-24T15:00:00Z,38,2.6052508
176,Hamed Traorè,3.0,0,2.1739274766868766,1.800014640187395,1.4843813892721411,1.3253187290721609,1.2760144320047273,1.197664595650709,1.2623114361549288,1.3267371701590465,,68.0,,67.0,44.0,16.0,45.0,,4.0,0.5,304.0,1.2194855202257986,1.3796506659797902,1.5159161523575726,1.5272113763451012,1.1043938259871164,1.2124112092828694,1.2843055565322508,1.3599016731629603,1.0,7.56236527790673,17.72233892633921,2.0157813718782176,0.0,1.1503204352976173,0.0,5.135050009432396,0.0356377747591486,0.0686341478703782,0.757249383641803,30.459810015606333,1.6504170395031743,1.0,8.135494293409366,21.443563254272796,1.9782572241466947,0.0,1.136580113271206,0.0,5.590714724378041,0.0399137110545638,0.0951783472888632,0.917128357758606,37.201682313530725,1.8805508317381487,1.0,8.497883277220769,23.214736801282697,1.9829792120152951,0.0,1.125755274642469,0.0,5.715641344421681,0.0413163558597955,0.108409833116822,0.997535745760276,40.64434996769306,1.9950640466063636,1.0,8.690817913123938,24.053978108133027,1.990129271251701,0.0,1.1189357728885565,0.0,5.754091503738742,0.041829876709165,0.1148467073430365,1.0369505315851455,42.33861125133961,2.050770223602438,1.0,80.0,223.7,18.0,0.0,10.0,0.0,52.0,0.38,1.09,9.68,396.0,18.944982263233,0.2272727272727273,18.18181818181818,50.84090909090909,4.090909090909091,0.0,2.2727272727272725,0.0,11.81818181818182,0.0863636363636363,0.2477272727272726,2.1999999999999997,4.30567778709841,0.0,Bournemouth,Nottingham Forest,2026-05-24T15:00:00Z,38,2.0033495
177,Hannibal Mejbri,3.0,1,0.6713781975253578,0.7368591485710255,0.7974005780690301,0.886711191832273,1.7556417034315248,1.7098595237868155,1.6962368721663368,1.692611722456014,4.0,141.0,4.0,250.0,279.0,1154.0,47.0,,2.2,0.1,272.0,0.9851174926304958,0.9787764719265952,1.022008359547608,1.0484439670146557,2.2395555570645613,2.1477716373262017,2.054383025950329,1.939848177190176,0.2749208766012955,10.669034930381333,16.724066749613293,2.4636376808473015,0.0338234581713834,1.1639532384047488,0.0,5.730653984650853,0.0474546989927802,0.1014370829487572,1.163230604429679,58.79052600402397,2.2786688304095746,0.2457029331321162,10.588773938684556,14.186828293743575,2.442420620724232,0.04879371658402,1.0822594763752456,0.0,5.110784098043632,0.0373453001687819,0.0854134631289307,1.1019222367805763,52.60632218821056,2.1239790413188757,0.2211550338224713,9.74785465016379,12.197702329101691,2.3118749419143723,0.0538043552023508,0.9899889597562946,0.0,4.443078344535279,0.0315537287225409,0.0762468729025288,1.0294563756293016,46.97990878865929,1.9811289101451397,0.2070527099072672,9.14293176090002,11.071701328850237,2.230379807714161,0.056703693411467,0.934664478552768,0.0,4.041513173641845,0.0288995519249988,0.0720566733274039,0.986875890770856,43.97631570241753,1.910243397008926,5.0,280.0,328.09999999999997,71.0,2.0,29.0,0.0,120.0,0.88,2.26,31.17000000000001,1360.0,61.05325618717457,0.3308823529411764,18.52941176470588,21.7125,4.698529411764706,0.1323529411764706,1.9191176470588236,0.0,7.9411764705882355,0.058235294117647,0.1495588235294117,2.062720588235295,4.040289012386552,2.272727272727273,Burnley,Wolves,2026-05-24T15:00:00Z,38,2.4583168
178,Harrison Armstrong,3.0,0,1.102564633914661,1.101499110685907,1.1983079937381895,1.3460357492674346,1.514817248864682,1.6447311599706276,1.6535870072693977,1.6169812358281417,,334.0,,389.0,416.0,496.0,45.0,,1.7,0.1,300.0,1.4146624894789968,1.3480311130861071,1.2632964814524703,1.2228897573935282,1.4915015983421196,1.3304041768431796,1.2518664935824284,1.2658420870046485,0.0,5.922047635928405,4.050254776465719,1.3700284014834705,0.0,1.0927373965839928,0.0,6.492981476924832,0.0679748123695425,0.0115104566040699,0.8881010362468255,29.44332805476019,1.8396626628610864,0.0,5.963080420890808,4.819521179788838,1.4558493741186322,0.0,0.9587925123748258,0.0,6.564357025752207,0.076199026727163,0.0135052388305255,0.8589424628866417,34.81996683273082,1.9820575973310317,0.0,5.775024371859502,5.054244854848107,1.4723692923917282,0.0,0.8804530819998976,0.0,6.260458685222697,0.0775264946814524,0.0139629674017413,0.8159222917273938,36.06733554127991,2.0055608795973687,0.0,5.633782685812751,5.125816301593943,1.4723003091115374,0.0,0.8402046307774744,0.0,6.045102236050488,0.0775920366737708,0.0140333419669315,0.7882560077145478,36.26981425489856,2.0041136844976215,0.0,82.0,77.5,22.0,0.0,12.0,0.0,87.0,1.16,0.21,11.36,543.0,29.915327854639234,0.0,13.591160220994476,12.845303867403317,3.6464088397790055,0.0,1.9889502762430935,0.0,14.419889502762432,0.1922651933701658,0.0348066298342541,1.8828729281767953,4.9583416333656185,0.0,Everton,Tottenham,2026-05-24T15:00:00Z,38,1.9152076
179,Harrison Reed,3.0,1,1.6620557277442751,1.5440588498851775,1.534118610447418,1.5880412252299128,1.3077202764151454,1.442787751239562,1.4348180560487755,1.3914490500458117,,369.0,,427.0,431.0,89.0,43.0,,2.1,0.3,416.0,0.933355402117884,1.1303408374131445,1.2332012866770057,1.2698610193373585,0.838918156652674,1.117178350327661,1.2674473461335365,1.3460806474732423,0.0,5.824648898039634,7.65479326448089,1.7688620962023178,0.0819245970753083,0.7382371271939538,0.0,1.9453156827661504,0.0239609592894635,0.0545257854289756,0.7199603694945137,18.147866647528584,1.4965650419427987,0.0,5.64297162791585,5.578360153497566,1.6229185921616942,0.0663390939062508,0.5472065187951012,0.0,2.2713683295110387,0.0218521398166525,0.044175926395568,0.5700885835954485,17.936748701282152,1.3647445166715853,0.0,6.607973411583258,6.065242806261735,1.6008079346814132,0.0468032959293066,0.6097921561255555,0.0,2.4532441615276785,0.0190998813203652,0.0426678471823733,0.6377222202675346,25.61065491798072,1.4103764265071026,0.0,8.277136350887712,7.604251740093326,1.671145762984127,0.0374752404096809,0.7698705478904458,0.0,2.706907252855585,0.0173014254028492,0.0437125773518307,0.7633808461170061,33.705969883400215,1.5204644685722972,0.0,711.0,657.5,119.0,2.0,66.0,0.0,204.0,1.0299999999999996,2.9899999999999984,62.65999999999999,2894.0,108.377147108168,0.0,22.11126468555632,20.44747753973739,3.7007601935038017,0.0621976503109882,2.052522460262612,0.0,6.3441603317208015,0.0320317899101589,0.0929854872149273,1.9486523842432617,3.370401948768182,1.941747572815535,Fulham,Newcastle Utd,2026-05-24T15:00:00Z,38,1.7170867
180,Harry Howell,3.0,1,1.840832047565444,1.809043192946828,1.7503560523911208,1.6644300751948404,1.22773277493323,1.230558127920629,1.293397159421104,1.3794963287296922,,442.0,,469.0,462.0,92.0,45.0,,1.3,0.0,451.0,1.2030256793562946,1.2476401629674347,1.3591932698840252,1.4417556622741972,0.9406391628628122,1.1011818121864392,1.230143884343255,1.3107013832548122,0.0,3.658536585365854,1.3796747967479672,1.21680216802168,0.0,0.4878048780487805,0.0,1.5826558265582655,0.0,0.0157181571815718,0.2417344173441734,23.05962059620596,1.343902095497782,0.0,3.839779005524862,1.4463797615585925,1.2355335853445768,0.0,0.4972375690607735,0.0,1.7952893282931088,0.0,0.0179267228845594,0.2526606571677813,23.894736842105267,1.3761614124082613,0.0,3.9224704336399463,1.474749823107247,1.2432696519424506,0.0,0.4993429697766097,0.0,1.8987836517402876,0.0,0.018981434684457,0.256740456214832,24.22433370396577,1.389912691431446,0.0,3.9618711951297665,1.4877538439075435,1.2467563544628264,0.0,0.4998397949375199,0.0,1.9496915545569211,0.0,0.0194953337740662,0.2584679529037674,24.368666323273533,1.3962262200757738,0.0,16.0,6.0,5.0,0.0,2.0,0.0,8.0,0.0,0.08,1.04,98.0,5.608717980409725,0.0,14.693877551020408,5.5102040816326525,4.591836734693878,0.0,1.8367346938775508,0.0,7.346938775510203,0.0,0.073469387755102,0.9551020408163264,5.150863451396686,,Brighton,Manchester Utd,2026-05-24T15:00:00Z,38,1.6472191
181,Harry Maguire,2.0,0,1.518380013408859,1.456497252041452,1.4401174887917136,1.467596997870272,0.9600736833072688,0.9970312171509038,1.1120476617581192,1.2267332376385045,,361.0,,262.0,198.0,1559.0,44.0,,3.8,1.6,204.0,1.5510400594568043,1.6767146588237771,1.6845847107711722,1.6300722140718211,1.0346659686665372,1.1450645865745794,1.256207192705972,1.3635337208812568,0.1067908571463728,15.593641729658982,2.7670312362789633,4.01138406921039,0.0073501666851664,1.248863993441836,0.0,9.937402295604125,0.0532935229891954,0.0340110069305698,1.2669011446023462,86.55326416700794,4.387942551611551,0.0975121791979671,14.05087783921612,2.815917089950522,3.708740711879049,0.0261756104931629,1.1090940354784595,0.0,9.75150256010282,0.0558889377177351,0.0270277259688934,1.1424316310243017,80.34653491779481,3.8790054205432303,0.0927310814258675,12.987460978052685,2.984928258323918,3.329971912218133,0.0434281598123741,1.0696809464170371,0.0,9.614479966601843,0.0617200043831534,0.0210838911707937,1.1105860196270532,74.64488176631406,3.4199899906111373,0.0913696977324683,13.471477237090197,3.277727917639011,3.038087921699895,0.0544066834553362,1.14558721528312,0.0,10.04337469402108,0.06481239807289,0.0192696352735326,1.152655846789601,73.08895756484607,3.1520909354790354,2.0,1708.0,393.1,304.0,7.0,144.0,0.0,1245.0,7.099999999999999,1.9299999999999993,134.67,8167.0,325.6125656638817,0.0220399167380923,18.822088894330843,4.331945634872047,3.350067344190033,0.0771397085833231,1.586874005142647,0.0,13.719848169462471,0.0782417044202277,0.021268519652259,1.4840577935594463,3.5882369180542857,0.9859154929577466,Manchester Utd,Brighton,2026-05-24T15:00:00Z,38,2.7678163
182,Harry Wilson,3.0,1,1.6620557277442751,1.5440588498851775,1.534118610447418,1.5880412252299128,1.3077202764151454,1.442787751239562,1.4348180560487755,1.3914490500458117,1.0,32.0,1.0,26.0,50.0,2656.0,59.0,3.0,4.7,18.3,35.0,0.5973474573554457,0.9155760777681654,1.1129563610472974,1.2066197953055773,1.2169076202577118,1.27491446415943,1.336375701205069,1.378016534811399,0.0716945171714077,11.712237683158277,18.44609505151138,3.025813315074578,0.1159126127364923,0.9759111320103372,0.0,10.8514424461884,0.1185074382465485,0.1081911402185681,1.1343469653796636,63.88388887530831,3.279037230285113,0.1472768344756807,15.245832514149033,19.55092991811012,3.9832734216775094,0.2086503182727344,1.0835317477961737,0.0,14.610965417213697,0.1504286292097636,0.1320285421524786,1.215741547521059,72.26309372835303,3.794430591169417,0.193649319784761,16.364212102520998,18.542955664681156,4.251609649434245,0.2493864635573396,1.081809868377724,0.0,16.368316289350652,0.1614558170821296,0.1281066398915204,1.1403885242329872,71.3466078278247,3.7957379823733177,0.2135662340253839,15.5350472296423,16.655666322422423,4.050333103412161,0.2456339005743782,1.0244928332447951,0.0,16.161611639713474,0.1576018169885868,0.111789678852489,1.03343356704265,65.67783392487307,3.5198567120844015,8.0,1259.0,1317.3,336.0,20.0,89.0,0.0,1373.0,13.42,8.569999999999999,89.22999999999999,5407.0,287.0909613008154,0.1331607175883114,20.956167930460513,21.92657665988533,5.592750138709081,0.3329017939707786,1.481412983169965,0.0,22.853708156093955,0.2233771037543924,0.1426484187164786,1.4852413538006286,4.778654802491841,1.4903129657228018,Fulham,Newcastle Utd,2026-05-24T15:00:00Z,38,3.73446
183,Harvey Barnes,3.0,0,0.6778779658843567,0.924018470010329,1.1073081949231147,1.2014107865787766,1.1735260962061695,1.2474230176816807,1.319555879612648,1.3684865116798042,,98.0,,60.0,175.0,1906.0,61.0,,2.9,1.2,27.0,1.3275696596803437,1.3822876109761566,1.4569662457029895,1.5517182423639602,1.3846503455189316,1.4919863902684225,1.457703428287506,1.4015191720577116,0.2000649247800273,14.052099796978382,11.72845075488508,3.768569849715628,0.3020347177248781,0.9019074770477764,0.0,16.94572179720254,0.1523216019689214,0.093222231536364,0.9305550253009665,50.569206155980645,2.781325838252746,0.102304762566447,11.494293879750376,10.62383430236895,3.204888505460083,0.23923904433201,0.9499851116315297,0.0,18.253070493263063,0.1669267687732655,0.074654784063684,0.9860570716686796,53.5320805729451,2.838211425867778,0.0593668559099117,11.205620911722905,11.006021318515105,3.0425046032737946,0.2301582705567184,0.9157866567245392,0.0,19.974866284016684,0.1836399327962143,0.0779941315343604,0.9032835003188556,53.70111301431909,2.991186354256584,0.0418021452736055,11.547972580884124,11.529175285565982,3.0283273899532217,0.241777324997862,0.8921252320797824,0.0,20.80287148092476,0.1880784689900403,0.0872338568848168,0.8306668229095366,52.47232510997955,3.0555406997299523,1.0,1168.0,1173.9,303.0,26.0,92.0,0.0,2071.0,18.35,9.589999999999998,80.73,5077.0,299.34623733958034,0.0177270041363009,20.70514083119953,20.809730155603702,5.371282253299193,0.4609021075438251,1.6308843805396886,0.0,36.7126255662793,0.3252905259011227,0.1700019696671262,1.4311010439235772,5.306511987504871,1.416893732970027,Newcastle Utd,Fulham,2026-05-24T15:00:00Z,38,3.2922063
184,Harvey Elliott,3.0,0,2.0877065823215184,2.0313064824181177,1.9983975655290631,1.9899321472113032,0.7760600908270671,0.8320655962724971,0.902284812718804,0.9638814197680602,,361.0,,416.0,440.0,110.0,51.0,,1.0,0.2,337.0,1.4951684412503845,1.5963847403283438,1.559930061066738,1.5197198649969057,0.9828963047396634,1.114513504400188,1.191967745281173,1.2725146056302734,0.0,6.090304803856066,9.09760344852194,1.6812680230169947,0.0534160700818088,0.5260182768162424,0.0,9.429138023606482,0.1128282536258564,0.0242095603976968,0.4435122697935657,26.33781560107559,1.855070789259171,0.0,7.514673016910375,10.426053792531528,1.9767858185158165,0.0660286809460825,0.5002275509685692,0.0,9.95449733302265,0.1147350633388316,0.0418113131459403,0.4571298580670201,27.055575524621844,2.004259976410648,0.0,8.991468048349141,12.637488511319344,2.1940344870268853,0.0723566295583457,0.4624730820833717,0.0,10.62782264877081,0.1031312670624086,0.0653032937645205,0.4474766835010413,28.26211822492234,2.0783597439234347,0.0,9.795487183129993,13.86159938467154,2.2784119258802216,0.0750987309615812,0.4340191982149624,0.0,10.879282103368078,0.0929478655669185,0.0801397367769896,0.4368574188117166,29.029418682890803,2.0891338654924274,0.0,547.0,776.3000000000001,126.0,4.0,21.0,0.0,572.0,4.46,5.139999999999999,23.15,1626.0,109.00274520396012,0.0,30.276752767527675,42.96863468634687,6.974169741697417,0.2214022140221402,1.1623616236162362,0.0,31.660516605166052,0.2468634686346863,0.2845018450184501,1.2813653136531369,6.033362280662,0.8968609865470852,Aston Villa,Manchester City,2026-05-24T15:00:00Z,38,1.6651511
185,Hjalmar Ekdal,2.0,1,0.6713781975253578,0.7368591485710255,0.7974005780690301,0.886711191832273,1.7556417034315248,1.7098595237868155,1.6962368721663368,1.692611722456014,,349.0,,278.0,184.0,1539.0,38.0,,2.7,0.7,290.0,0.6642460822351484,0.8503413016603888,0.9689575534504042,1.0240871164415382,2.124305557913376,2.0713229961247337,2.007603008399587,1.9103880013024457,0.0,9.067781014594765,3.3213667164324363,2.4305700475327563,0.0,2.0501411765632205,0.0,2.7144363611622713,0.0097045607050421,0.0165535903732894,1.8208644483961336,82.24788367136915,2.9211909344377185,0.0,8.79836143985844,2.853360468469601,2.5036859918179233,0.0,1.838238343037669,0.0,3.274511464516461,0.0106609725513708,0.0151319265827559,1.6563333797050157,79.22477302527528,3.037028825593618,0.0,8.741676127006391,2.7228882328797575,2.5208054181795765,0.0,1.7042103368826522,0.0,3.6133839558517353,0.0112441307898375,0.0139741067105731,1.5546130359192354,76.64525258137674,3.0517192280276624,0.0,8.736515304573532,2.682170736865234,2.5096821005137215,0.0,1.6310023301675365,0.0,3.73962980460728,0.0114237616046127,0.0131703484267858,1.4993911552630992,75.00019803811576,3.031347262225129,0.0,236.0,71.7,67.0,0.0,42.0,0.0,103.0,0.3099999999999999,0.3299999999999999,38.940000000000005,1975.0,80.72359605519618,0.0,10.754430379746836,3.267341772151899,3.0531645569620256,0.0,1.9139240506329112,0.0,4.6936708860759495,0.014126582278481,0.0150379746835443,1.774481012658228,3.6785436177051425,0.0,Burnley,Wolves,2026-05-24T15:00:00Z,38,3.007511
186,Hugo Bueno López,2.0,0,0.7880939941043962,0.88089881267518,0.9708858168980458,1.0216470235091468,1.9916444456516489,2.0329944594527656,2.001641049126402,1.9158268090481736,1.0,28.0,,64.0,98.0,2343.0,43.0,,2.4,0.2,216.0,0.5892227469066972,0.7076212761886956,0.7867373521018872,0.8837968096905914,1.9445521292894057,1.788732804211168,1.7328812565570086,1.710429327457707,0.1361755285254555,7.1795384611856035,19.395714881370317,1.923551629776684,0.0214748879021405,1.3730000019784034,0.0,3.542128285308211,0.0317577872805365,0.1055935255089234,1.107650578281763,59.678637487229814,2.5583862151645964,0.1159104437328794,8.71458452733567,19.583753445654164,2.2646395069943623,0.0349453714079684,1.3878734878079089,0.0,4.061781193508633,0.0281207099505251,0.1078010730248948,1.2327454778118183,66.3911003540284,2.8146826082057905,0.1040890630240019,9.085623568628437,18.157753173211972,2.2693009724102433,0.0315472344987052,1.3106667507194385,0.0,4.0654231665702,0.0236458166159568,0.0977021992207667,1.1608554891540257,64.50775745289599,2.7143808355999104,0.096801191643779,9.03649469717888,16.754257492645113,2.145394389861286,0.0252148757213238,1.2581978144648478,0.0,3.8556352165931527,0.0208726892056416,0.0869401874770835,1.0662453040135451,60.3512216405831,2.531415017004502,3.0,521.0,879.0,115.0,1.0,71.0,0.0,203.0,1.09,4.33,55.93,3204.0,132.50662611843885,0.0842696629213483,14.63483146067416,24.691011235955056,3.230337078651685,0.0280898876404494,1.99438202247191,0.0,5.702247191011236,0.0306179775280898,0.121629213483146,1.571067415730337,3.72209623928199,0.9174311926605506,Wolves,Burnley,2026-05-24T15:00:00Z,38,2.898186
187,Hugo Ekitiké,4.0,1,1.3398971820673846,1.3739348418074238,1.4343213778237405,1.471195734191458,1.5252828948975592,1.3982776425588164,1.364558433783409,1.3824857175755458,,103.0,,26.0,71.0,1797.0,93.0,,4.5,35.0,10.0,1.742199062673453,1.7025261551610416,1.755997459923175,1.890019665756856,1.2496907419340306,1.2583808627254065,1.2604589177156644,1.2232206282122653,0.2228945803329926,12.399042922938444,12.556900291920572,3.759446104830061,0.2423497914779801,0.9024761377532844,0.0,23.073232391500653,0.3437231959329528,0.1127155434335622,0.7943239104098263,57.187759320819566,3.7898041108156986,0.1931019797107561,14.33190970822607,12.42371133693944,4.240261641195531,0.331902254777194,0.911906368813544,0.0,27.48570370142463,0.3839864229597814,0.1128403571063696,0.9071561173433298,63.295275090932506,4.147338119922295,0.1662282579245651,15.014689168258537,11.78843528050026,4.37959747282931,0.3685294553098594,0.9046352955983972,0.0,27.782109859309088,0.379799690843058,0.1032005385370603,0.9321050853495442,64.3298388026781,4.169587800747067,0.1533753573560307,15.260414747200972,11.38149182670704,4.42526704226024,0.3821979844366109,0.8991790321305895,0.0,27.270952818727988,0.3714534221701798,0.0958769581204708,0.9350156890233396,64.35775312253973,4.142185600461438,4.0,433.0,307.2,125.0,11.0,25.0,0.0,739.0,10.1,2.45,26.11,1797.0,114.83032270196146,0.2003338898163606,21.686143572621035,15.385642737896497,6.260434056761269,0.5509181969949917,1.2520868113522536,0.0,37.01168614357262,0.5058430717863105,0.1227045075125208,1.3076794657762938,5.751101303937969,1.0891089108910892,Liverpool,Brentford,2026-05-24T15:00:00Z,38,4.076782
188,Hwang Hee-chan,3.0,0,0.7880939941043962,0.88089881267518,0.9708858168980458,1.0216470235091468,1.9916444456516489,2.0329944594527656,2.001641049126402,1.9158268090481736,,208.0,2.0,299.0,340.0,1349.0,56.0,3.0,2.1,0.1,226.0,0.5892227469066972,0.7076212761886956,0.7867373521018872,0.8837968096905914,1.9445521292894057,1.788732804211168,1.7328812565570086,1.710429327457707,0.2223147177373532,7.44967624216594,10.546051548948736,2.2248033616761775,0.0231890838962877,1.3336504858145477,0.0,4.089135293670845,0.0614160314886451,0.0778011372774639,1.071209662734702,54.561326264074225,2.1623252040385066,0.1452988168317521,6.6390853437083175,8.720429838466632,2.15485711370617,0.0531618676931612,1.2230106201649429,0.0,5.1909859695978255,0.0759433079790128,0.0602162364036667,0.9622073520063632,53.411620222964665,2.201315952978791,0.1106223270362476,6.61748272993843,7.389045171337946,2.237135587697555,0.0942248829134393,1.1376534382408583,0.0,6.746815809796372,0.091638365427519,0.0504445975175299,0.9132991056635186,51.52243339534514,2.2131640571458253,0.0946922324480035,7.097508313510409,6.833567513877609,2.474823600411101,0.1425666836049345,1.1100617751191528,0.0,8.704148498347436,0.1147370307088061,0.0492599688187811,0.9263828107897738,51.687527822366874,2.303681340091021,2.0,675.0,561.8,248.0,18.0,92.0,0.0,979.0,13.16,4.6099999999999985,82.19,4546.0,210.00238388688905,0.0395952485701715,13.363396392432907,11.122305323361196,4.909810822701276,0.3563572371315442,1.8213814342278924,0.0,19.38187417509899,0.2605367355917289,0.0912670479542454,1.6271667399912009,4.157548295164983,1.3677811550151977,Wolves,Burnley,2026-05-24T15:00:00Z,38,2.5122635
189,Hákon Rafn Valdimarsson,1.0,0,1.8359064248683763,1.78747508218593,1.7882183641372678,1.8851857440962256,1.8952567438828445,1.5796778656740686,1.420205125806682,1.3092227962416565,,541.0,,477.0,452.0,90.0,39.0,,1.0,0.6,510.0,1.2215685068386062,1.4033252705075965,1.4744678985352346,1.4959837899964938,1.350363512500736,1.2977404496332356,1.327075944393715,1.3748046295317748,0.0,1.0,0.0,1.0,0.0,3.0,1.0,0.0,0.0,0.0,0.97,90.0,1.4004928869767763,0.0,1.0,0.0,1.0,0.0,3.0,1.0,0.0,0.0,0.0,0.97,90.0,1.4004928869767763,0.0,1.0,0.0,1.0,0.0,3.0,1.0,0.0,0.0,0.0,0.97,90.0,1.4004928869767763,0.0,1.0,0.0,1.0,0.0,3.0,1.0,0.0,0.0,0.0,0.97,90.0,1.4004928869767763,0.0,1.0,0.0,1.0,0.0,3.0,1.0,0.0,0.0,0.0,0.97,90.0,1.4004928869767763,0.0,1.0,0.0,1.0,0.0,3.0,1.0,0.0,0.0,0.0,0.97,1.4004928869767763,,Brentford,Liverpool,2026-05-24T15:00:00Z,38,1.9181854
190,Ian Maatsen,2.0,0,2.0877065823215184,2.0313064824181177,1.9983975655290631,1.9899321472113032,0.7760600908270671,0.8320655962724971,0.902284812718804,0.9638814197680602,5.0,111.0,,172.0,234.0,1500.0,42.0,,1.7,0.5,159.0,1.424659845595926,1.3770523245396504,1.3994154522796445,1.4275718895734348,1.7410900299291667,1.5638149433821844,1.4245896822370918,1.376900592278413,0.1025587019043306,4.027687338337655,10.103377158976672,1.6850957258627126,0.0001267650860968,1.2268119475701929,0.0,6.000070221639225,0.032991891604131,0.0633856157106996,0.8458767959480424,50.01847541696779,2.122724934764918,0.0765034090227523,6.392397808460576,11.430121839358078,1.8751578752820923,0.0030924684104694,1.0538533935203145,0.0,7.354396326885517,0.0407686929970593,0.0757169590161288,0.8847420206426351,53.26852927117949,2.4569848402341465,0.055381369731107,7.3114345376280045,11.393406890027098,1.9121418062309703,0.0094764485900394,0.9040266521953704,0.0,7.599959165564435,0.0429495269985756,0.0784119765726417,0.8538861978638509,51.624243230787016,2.466603019913335,0.0445503800986026,7.207754997123167,10.879708561309249,1.8507696230335848,0.0131302953616059,0.7999197824508878,0.0,7.26284253523738,0.042554110018445,0.0764448285743717,0.7910142064817867,47.638645848074006,2.3219568880885517,1.0,447.0,686.3,117.0,1.0,47.0,0.0,446.0,2.8499999999999996,4.879999999999999,47.68,2825.0,142.4043548293285,0.031858407079646,14.24070796460177,21.864424778761062,3.727433628318584,0.031858407079646,1.497345132743363,0.0,14.208849557522123,0.0907964601769911,0.1554690265486725,1.519008849557522,4.536775906067103,0.3508771929824562,Aston Villa,Manchester City,2026-05-24T15:00:00Z,38,1.7224556
191,Ibrahim Sangaré,3.0,1,1.5322076893718972,1.5176230765891512,1.5246329989409293,1.5307653860088308,0.8043382958227075,1.0216501233696416,1.230935744218627,1.342933417719982,,197.0,,214.0,166.0,2009.0,49.0,,3.1,0.1,253.0,2.2174093458585955,1.7777940416108506,1.457231199250763,1.30762240589473,0.845018040005908,0.9974050788647442,1.1708124605074612,1.2828488912433935,0.0176348244335802,11.368545855128897,8.491362517534775,2.5582138739360487,0.0116784317390856,0.768434467124419,0.0,2.2615093753386684,0.0121999708795018,0.0459865662437909,1.1246388565775012,67.74478301826663,2.780701266682622,0.0485784064701903,12.265160342669468,8.510772406383074,2.864838904205924,0.0364752223205822,0.821612229227241,0.0,3.326271820802583,0.0252774711912102,0.0590526418384251,1.159579960574057,72.4655973033114,2.978178760790125,0.0650531760561974,11.76280903061732,7.818894392344368,2.7617470423720487,0.0457074525879292,0.8273802195585898,0.0,3.605076011686921,0.0306208624192954,0.0562993337089957,1.1023331798362177,69.62663209155886,2.788204008908174,0.07083687080137,10.891130026171602,7.354334471675307,2.557940691923895,0.0431947205709169,0.8235027727175239,0.0,3.527816020250601,0.0317425117068999,0.0499807194862882,1.0411468137803397,66.56881095729146,2.560798286316339,2.0,551.0,396.4,130.0,2.0,47.0,0.0,190.0,1.8499999999999996,2.379999999999999,55.51,3624.0,130.51938000735663,0.0496688741721854,13.683774834437086,9.844370860927151,3.228476821192053,0.0496688741721854,1.1672185430463575,0.0,4.718543046357616,0.0459437086092715,0.0591059602649006,1.3785596026490066,3.2413753313085256,1.0810810810810814,Nottingham Forest,Bournemouth,2026-05-24T15:00:00Z,38,2.4620473
192,Ibrahima Konaté,2.0,1,1.3398971820673846,1.3739348418074238,1.4343213778237405,1.471195734191458,1.5252828948975592,1.3982776425588164,1.364558433783409,1.3824857175755458,,245.0,,137.0,36.0,3002.0,54.0,,3.7,3.8,282.0,1.7948830310854702,1.7638612024277347,1.777071859288577,1.882232119440549,1.369070929853555,1.3107531840700402,1.284425194007207,1.240001898284402,0.0,11.428379462884358,2.0805483795835658,2.441237813574736,0.0137450645745861,1.842276659027941,0.0,0.8474704861456507,0.0038576199139925,0.0129287488613857,1.4236662046987556,85.943475941775,3.1772804450962533,0.0,14.121396617853,3.0302355224742863,3.144172041103168,0.0285832702371774,1.4818037916593825,0.0,1.6557411776428757,0.0126442148715085,0.0197394155463328,1.2920412980291018,86.27956602226682,3.7315815162527866,0.0,15.329116071491656,4.0104330552334995,3.408684875017853,0.0304527403495658,1.319012892835647,0.0,2.618938160580776,0.0255177429871663,0.0251789633122954,1.1774811904535831,85.56599801599933,3.943678932063591,0.0,15.954052295829362,4.6925153179637435,3.414052655892271,0.0276531220768462,1.2216109258214332,0.0,3.241476364074674,0.0346252077466024,0.0270363156663599,1.105644699121458,84.16779197228513,3.9281239240322026,0.0,1485.0,464.0,297.0,2.0,98.0,0.0,330.0,3.5899999999999994,2.359999999999999,94.29,7358.0,337.60828876155676,0.0,18.163903234574615,5.675455286762707,3.6327806469149224,0.0244631693394944,1.198695297635227,0.0,4.036422941016581,0.0439113889643924,0.0288665398206034,1.153316118510465,4.129484369195448,0.5571030640668525,Liverpool,Brentford,2026-05-24T15:00:00Z,38,3.1272557
193,Idrissa Gana Gueye,3.0,0,1.102564633914661,1.101499110685907,1.1983079937381895,1.3460357492674346,1.514817248864682,1.6447311599706276,1.6535870072693977,1.6169812358281417,,151.0,,158.0,172.0,2094.0,54.0,,3.3,0.1,156.0,1.5183281118487455,1.386701236764759,1.2771543403027052,1.2286251371406631,1.3643769979276492,1.256004640932214,1.212490621653287,1.246950799784311,0.248518746462929,17.659305740771156,9.56043956479136,3.3642276662391963,0.0111440370129206,1.0817223324328071,0.0,7.97446123817026,0.1135169716591617,0.130832172512612,1.2135373127232083,85.3054189204475,3.8510107801264057,0.1996111003340792,17.250290731485418,10.267182185204554,3.3504712497241855,0.037744099200334,1.0665253795340826,0.0,8.139182412163294,0.0884620458981094,0.1022827097257529,1.2253981136802692,84.53789121909358,3.6197289014978313,0.1611293586183667,16.981140241145027,10.401845793390006,3.3334041198981197,0.0585488992443459,1.057120255343838,0.0,8.245371128749236,0.0815552766299212,0.0868395877751746,1.234442301939655,84.05637028336339,3.5210123588455464,0.1404343874118754,16.861654251650386,10.402306853842898,3.326245049652374,0.0695265633792812,1.0497512740180277,0.0,8.289864183138324,0.0799779306255733,0.0798110487693925,1.2413448627161356,83.8731661578512,3.487259618621795,3.0,419.0,259.2,83.0,2.0,26.0,0.0,208.0,1.99,1.84,31.26,2094.0,86.64752368578813,0.1289398280802292,18.008595988538683,11.140401146131804,3.5673352435530084,0.0859598853868194,1.1174785100286533,0.0,8.939828080229226,0.0855300859598853,0.0790830945558739,1.3435530085959886,3.7241056025410377,1.0050251256281406,Everton,Tottenham,2026-05-24T15:00:00Z,38,3.3050947
194,Igor Jesus Maciel da Cruz,4.0,1,1.5322076893718972,1.5176230765891512,1.5246329989409293,1.5307653860088308,0.8043382958227075,1.0216501233696416,1.230935744218627,1.342933417719982,,170.0,,80.0,165.0,2203.0,59.0,3.0,3.1,2.4,25.0,2.2174093458585955,1.7777940416108506,1.457231199250763,1.30762240589473,0.845018040005908,0.9974050788647442,1.1708124605074612,1.2828488912433935,0.2686510339343342,17.61050748093469,10.189668995837923,4.405743865889666,0.3748471294912308,1.0384991742737,0.0,25.293378174022127,0.2389500380880143,0.023197323901579,1.502713823055558,69.53475387604281,3.129745784547113,0.252603002135391,15.843930837624937,8.890618041649683,4.152838032807911,0.3114093856362714,0.9549363856505853,0.0,23.209743926113973,0.2082933645757766,0.0304670323214926,1.254191371130774,68.0778732290837,3.066781082682872,0.2158648656704161,13.630076336196424,7.801312303030828,3.714798242036871,0.2436715561723814,0.9704740790466932,0.0,21.572977066119822,0.1901323668028839,0.0337250703300972,1.1501842195308003,66.03197576506317,2.934747489609065,0.1918531782675535,12.297920853361234,7.192476532157411,3.424549369546297,0.2048475240914955,0.9858999633483124,0.0,20.59649692076537,0.1820916064942561,0.0344346756565942,1.100182102246826,64.02445571826215,2.835632798109176,6.0,394.0,237.1,112.0,6.0,36.0,0.0,703.0,6.3,1.23,37.82,2203.0,97.79250106897022,0.2451202905129369,16.096232410349522,9.686336813436224,4.575578756241488,0.2451202905129369,1.4707217430776216,0.0,28.719927371765777,0.2573763050385837,0.050249659555152,1.5450748978665456,3.995154378668779,0.9523809523809524,Nottingham Forest,Bournemouth,2026-05-24T15:00:00Z,38,3.278504
195,Igor Julio dos Santos de Paulo,2.0,1,1.4873748164371934,1.4101831854236713,1.3542056928734252,1.3172760593840596,0.7915192984902504,1.0407607451397949,1.3223124000649034,1.5182899044580005,,348.0,,390.0,357.0,103.0,45.0,,1.5,0.1,600.0,1.551418519665201,1.2887404679492642,1.2251400837171178,1.2487493338605145,1.7938258587499778,1.7753516871174388,1.735260152443971,1.7079316568980285,0.0,4.772753388270987,4.084411697774367,1.5213855801734657,0.0,1.1015774131886826,0.0,0.0646067100555488,0.0009076442619203,0.008125111902641,1.4381232377554396,47.90991165681067,1.983488350364045,0.0,6.910383592492373,4.305210543053548,1.5084923045857848,0.0,1.0983751501620187,0.0,0.264582330251003,0.0035863633680247,0.0138082485499621,1.2558450300072237,55.82876078000597,2.0190817368667444,0.0,8.501825363859218,4.485035287586395,1.5257794216896423,0.0,1.0846980215253328,0.0,0.4517367842035643,0.0058308366598637,0.0165598587005013,1.1653095806431468,60.43492970841216,2.067918795306739,0.0,9.299155087476397,4.619020426796285,1.520933010826636,0.0,1.0788581892911069,0.0,0.5567247216224883,0.0069476845194335,0.0174703762064803,1.1226152164028098,62.32573476644293,2.088533185612934,0.0,380.0,181.8,57.0,0.0,41.0,0.0,25.0,0.2999999999999999,0.6799999999999994,41.28,2423.0,79.92030444275967,0.0,14.11473380107305,6.752785802723896,2.1172100701609575,0.0,1.5229054890631448,0.0,0.928600907965332,0.0111432108955839,0.025257944696657,1.5333058192323563,2.9685626908164964,0.0,West Ham,Leeds United,2026-05-24T15:00:00Z,38,1.8309628
196,Igor Thiago Nascimento Rodrigues,4.0,0,1.8359064248683763,1.78747508218593,1.7882183641372678,1.8851857440962256,1.8952567438828445,1.5796778656740686,1.420205125806682,1.3092227962416565,,96.0,,4.0,5.0,3192.0,73.0,2.0,4.8,31.5,2.0,1.1748714775842306,1.3043720462789254,1.4045468873177778,1.4575194754261969,1.4066036186219488,1.3314196026761185,1.3311119711831043,1.3665151862017706,0.0028830522446727,12.021095670493985,12.346159977867703,3.70721071315458,0.3715007089291688,1.5238465842484945,0.0,26.949911830039525,0.4572137289650631,0.0414964096107384,1.556479016756004,89.85045516408746,4.209610353859016,0.0137880781774546,15.279252706518326,11.85357850086235,4.190110841153163,0.4637144942728805,1.378993025648537,0.0,28.660024166394095,0.5156025058057137,0.0524739242056934,1.4366581817913904,88.22221670073972,4.582923839240981,0.0221944051537185,16.61963249126514,10.765921455639432,4.354342763877194,0.5022548920052476,1.290961635309913,0.0,28.753342374683747,0.5158393845521146,0.0517200922631492,1.3459620114013628,84.08817584273903,4.577515003424709,0.0254126417811416,16.747559248196758,9.967705312891756,4.324466626045428,0.504966872144901,1.2379088316150912,0.0,27.845117984415772,0.4959325544854327,0.0477032102800144,1.277534684485678,80.06882990120145,4.439195217656216,1.0,734.0,409.3,188.0,22.0,53.0,0.0,1171.0,20.68,1.87,53.67,3359.0,188.54307369162217,0.0267936885977969,19.666567430782973,10.966656743078298,5.037213456385829,0.5894611491515331,1.4200654956832388,0.0,31.375409348020245,0.5540934802024412,0.0501041976778803,1.438017267043763,5.051764403764809,1.0638297872340423,Brentford,Liverpool,2026-05-24T15:00:00Z,38,4.503468
197,Ilia Gruev,3.0,0,0.9286294544735864,1.0856375066906117,1.1528129081947445,1.198210556571093,1.6522039078284754,1.568477982680725,1.610655951538412,1.6495020971055678,4.0,203.0,1.0,301.0,287.0,1318.0,47.0,,2.4,0.1,316.0,0.8935999036779538,1.0746213214138554,1.1803625234808244,1.2263093385968853,0.9116189529121418,1.2260339175360824,1.4784772138946551,1.6184345461062288,0.1105144041034737,7.267703003162392,5.928019888440772,2.0139533193655916,0.0,0.4786815364323242,0.0,2.8888496919083626,0.0246064703942142,0.0295563807451812,0.7854973937920282,47.76697557972233,1.913037379166596,0.1644964506983834,9.333988068647058,7.353262965839604,2.3658985463000675,0.0,0.7363217254298521,0.0,3.364399722460729,0.0270637299967848,0.0374709855126306,0.9757794089806714,55.269840759828746,2.1806812441599104,0.1770861176030256,10.157571977704103,7.599416763213493,2.448079387370078,0.0,0.873397123506163,0.0,3.200699372508597,0.0251715022772639,0.038593313023802,1.0500743762781115,57.10201554006537,2.236769100510947,0.1774870865586082,10.45030323034304,7.565880477447275,2.4532312974428536,0.0,0.9387894447149094,0.0,3.016825155160598,0.0234316686310416,0.0382613679604878,1.0778488232842964,57.395465531560006,2.2370659171706344,4.0,245.0,171.0,56.0,0.0,23.0,0.0,64.0,0.49,0.86,25.27,1318.0,51.054394011297326,0.2731411229135053,16.729893778452197,11.676783004552352,3.8239757207890746,0.0,1.5705614567526556,0.0,4.3702579666160855,0.0334597875569044,0.0587253414264036,1.7255690440060696,3.486263627478573,0.0,Leeds United,West Ham,2026-05-24T15:00:00Z,38,2.1264005
198,Iliman Ndiaye,3.0,0,1.102564633914661,1.101499110685907,1.1983079937381895,1.3460357492674346,1.514817248864682,1.6447311599706276,1.6535870072693977,1.6169812358281417,,65.0,,41.0,80.0,2691.0,63.0,1.0,4.1,4.7,39.0,1.7853839932665585,1.561905201609496,1.3826261767690258,1.2858406600181125,1.8345610229389568,1.547627383252877,1.3723106230104325,1.326665252713866,0.0398278380243152,12.27412539733166,12.797184912413089,2.964612805615009,0.0736061495956817,2.072253116739389,0.0,21.475172242574484,0.2637954837279216,0.0620823730698383,1.512142992909013,89.72823304360067,4.10545665074746,0.0707367565149143,15.003048382057557,13.754519454097537,3.4756637043662177,0.1297861198311494,1.6960061214951707,0.0,19.947837620191414,0.2356850139062507,0.0935079758494915,1.4348059326348208,88.39179278500886,4.248141676535972,0.0858610046297192,16.78657781702147,13.815974262573716,3.7093420354889584,0.1884604554309631,1.418372172970414,0.0,18.942388467440907,0.2175858030990349,0.1052859493117169,1.3202497783300025,85.81730282677886,4.197483600483788,0.0920041703600294,17.53705679347177,13.53474355786916,3.733056760951774,0.2225365703279591,1.259220879512441,0.0,18.295605455631296,0.2052135181349382,0.101829629929582,1.248448952439701,83.54667301002938,4.049224258091209,3.0,1085.0,791.5999999999999,222.0,15.0,68.0,0.0,1066.0,11.46,5.499999999999999,72.65,4919.0,231.0105495473081,0.0548892051229924,19.851595852815613,14.483431591786946,4.061801179101443,0.2744460256149624,1.244155316121163,0.0,19.50396422036999,0.2096767635698313,0.1006302093921528,1.3292335840618013,4.226661813225804,1.3089005235602094,Everton,Tottenham,2026-05-24T15:00:00Z,38,4.2701993
199,Ismaïla Sarr,3.0,1,1.5307612174333038,1.704751939684622,1.7738301193564938,1.7869121026055728,0.4657699536268272,0.6514597285203065,0.7347335178883116,0.7858168606284246,,158.0,,78.0,138.0,2128.0,64.0,3.0,4.3,6.1,33.0,0.8536648314803988,0.9633492160206902,1.1009359698913324,1.2156295095884035,1.959796680245826,1.6478487045487895,1.45378389198278,1.3520910246488829,0.0835978667650908,12.356848219905675,8.658742923051085,5.282963321666437,0.4235740775758833,1.3762568575800689,0.0,29.227005743172672,0.4888074938646649,0.0540188780642498,0.9942825387055656,68.18976030526558,4.507849562629664,0.0801164601066524,12.74693377057922,9.649472179688152,4.785954103617928,0.3631167533875147,1.2496223254025662,0.0,25.995023818290974,0.4356512606366875,0.0566020584240737,1.029113072672489,72.69605068505268,4.4799101071655425,0.0759041434478076,13.817392926722626,11.832160333623316,4.615062934910343,0.3308995995151265,1.1952770476793178,0.0,24.603831986284217,0.4062939264533685,0.077481333632421,1.0562923280119774,76.01241415938897,4.585762971092634,0.0745474635986891,14.435266418348464,13.315773757336324,4.500148994194274,0.3088590909193535,1.1581688162905293,0.0,24.23614453392178,0.3816234181881471,0.0974397607013358,1.053392133335355,76.43166521164352,4.5950805252418,2.0,897.0,885.4,262.0,17.0,67.0,0.0,1463.0,21.02,7.289999999999998,62.5,4554.0,273.2743574388652,0.0395256916996047,17.727272727272727,17.49802371541502,5.177865612648222,0.3359683794466403,1.324110671936759,0.0,28.913043478260867,0.4154150197628458,0.1440711462450592,1.2351778656126482,5.400679000768086,0.8087535680304472,Crystal Palace,Arsenal,2026-05-24T15:00:00Z,38,3.3494418
200,Issa Diop,2.0,1,1.6620557277442751,1.5440588498851775,1.534118610447418,1.5880412252299128,1.3077202764151454,1.442787751239562,1.4348180560487755,1.3914490500458117,,447.0,,403.0,348.0,727.0,43.0,,1.3,0.1,411.0,0.5973474573554457,0.9155760777681654,1.1129563610472974,1.2066197953055773,1.2169076202577118,1.27491446415943,1.336375701205069,1.378016534811399,0.0,6.507546941157199,0.8318936388801121,1.432657510443272,6.427760125611708e-08,1.030691315060678,0.0,1.245950656914118,0.0016014029273602,0.0047641573355446,1.0522127007597435,66.14563306616942,2.1568572957655303,0.0,6.387994392097962,1.0745976586124804,1.408402138030718,8.601489115441874e-05,1.0486594560071438,0.0,1.5788357112550104,0.0046534653324183,0.0046563236041562,1.0522141450475702,63.22328926508151,2.0609186052084465,0.0,7.667725915172296,1.2960490373050344,1.525381888998667,0.0016508765317258,1.1082212830671685,0.0,2.1402622705757146,0.0094839493737277,0.0057053609721189,1.1269886816648809,64.89359678852682,2.112781683124651,0.0,9.404417778539294,1.4279023508960602,1.670781538262084,0.0054568970865297,1.2053896536593336,0.0,2.5080776253546433,0.0123977423846542,0.0068092942818577,1.2323510322928053,68.00089942787146,2.196161165737694,0.0,862.0,112.9,139.0,1.0,99.0,0.0,205.0,1.09,0.5699999999999995,102.96,5437.0,168.29361475948366,0.0,14.268898289497884,1.8688615045061616,2.300901232297223,0.0165532462755195,1.6387713812764393,0.0,3.3934154864815156,0.0180430384403163,0.0094353503770461,1.7043222365274966,2.785805651711151,0.9174311926605506,Fulham,Newcastle Utd,2026-05-24T15:00:00Z,38,1.9288664
201,Jack Fletcher,3.0,0,1.518380013408859,1.456497252041452,1.4401174887917136,1.467596997870272,0.9600736833072688,0.9970312171509038,1.1120476617581192,1.2267332376385045,,345.0,,407.0,413.0,107.0,43.0,,1.0,0.1,388.0,1.921549924310323,1.833877562959355,1.674023596588206,1.584504256011092,1.4835326822282455,1.49452182129456,1.492765362522554,1.512764540645054,0.0,2.9508196721311473,8.870491803278687,1.0,0.0,0.0,0.0,2.0491803278688523,0.0204918032786885,0.0122950819672131,0.6334426229508197,37.65573770491803,1.1394887613485305,0.0,2.8044280442804426,8.505904059040592,1.0,0.0,0.0,0.0,1.845018450184502,0.018450184501845,0.011070110701107,0.6150922509225092,36.6309963099631,1.1256007796915064,0.0,2.7344434706397895,8.333128834355827,1.0,0.0,0.0,0.0,1.7528483786152498,0.0175284837861524,0.0105170902716914,0.6058632778264679,36.14110429447853,1.119330836946438,0.0,2.700277718436231,8.249113437299723,1.0,0.0,0.0,0.0,1.7090365306558426,0.0170903653065584,0.010254219183935,0.6012582781456953,35.901944029053624,1.116350470429333,0.0,8.0,24.5,3.0,0.0,0.0,0.0,5.0,0.05,0.03,1.79,107.0,3.340404533008078,0.0,6.728971962616822,20.60747663551402,2.5233644859813085,0.0,0.0,0.0,4.205607476635514,0.0420560747663551,0.025233644859813,1.505607476635514,2.8096860558011874,0.0,Manchester Utd,Brighton,2026-05-24T15:00:00Z,38,1.5868074
202,Jack Grealish,3.0,0,1.102564633914661,1.101499110685907,1.1983079937381895,1.3460357492674346,1.514817248864682,1.6447311599706276,1.6535870072693977,1.6169812358281417,,13.0,,15.0,84.0,1627.0,64.0,,4.0,8.4,27.0,1.1544028032912326,1.1203507826115475,1.1253823578461222,1.1545289222449515,1.314289749245639,1.2273735648882604,1.2087612306751163,1.2666504221447246,0.2753879657366105,14.559734995360218,22.33877722051094,3.251759303999904,0.0541259327194271,1.1279200674596477,0.0,16.61027619954231,0.0914401954241825,0.0878957715042902,1.3160066374136627,80.30947582889229,3.047239079058585,0.2565656885561108,14.82449479641611,22.43774395376708,3.3703106666191984,0.083739212665793,1.0778009622659652,0.0,16.91088796144833,0.0942505756731012,0.1142930522348065,1.2088059235854605,75.29795824371904,3.2005756957096487,0.2677781694404815,14.22077464277684,21.97538812852494,3.2228333691794857,0.0932416982097396,0.934233740720224,0.0,17.04091464675854,0.0931758034238876,0.1293531544997901,1.040539266985851,67.27944336449994,3.1047921546418142,0.2812476530498078,14.054411836277533,23.098868011146767,3.189333182084352,0.1053746316108115,0.8279616161663271,0.0,19.09786483926252,0.1035657877931546,0.1492359023702978,0.9237314289392988,63.87724180736786,3.1293294879552715,6.0,1639.0,2949.7999999999997,373.0,15.0,82.0,0.0,2711.0,14.32,20.959999999999997,91.88,7039.0,368.32232771605265,0.0767154425344509,20.956101718994173,37.71586873135388,4.769143344225032,0.1917886063361273,1.0484443813041626,0.0,34.66259411848274,0.1830941895155561,0.2679926125870152,1.1747691433442249,4.709335061009339,1.0474860335195533,Everton,Tottenham,2026-05-24T15:00:00Z,38,4.0293293
203,Jack Harrison,3.0,0,0.9286294544735864,1.0856375066906117,1.1528129081947445,1.198210556571093,1.6522039078284754,1.568477982680725,1.610655951538412,1.6495020971055678,4.0,263.0,,344.0,373.0,262.0,51.0,,1.1,0.1,280.0,1.829745620408561,1.475283215557504,1.3169759775630487,1.2806039741620638,2.2193447193236615,2.0846746195516768,1.969560965903606,1.878001491077577,0.0,4.084170064935917,5.398584932059906,1.2051222648697115,0.0018457977166937,0.4752109514786741,0.0,3.176745329567759,0.0276876703667381,0.022694288199851,0.3854563353691378,23.755648627366124,1.3889415212482066,0.0,5.859022653439048,8.3802164419256,1.5725161650119204,0.0116697617020298,0.5334542077140026,0.0,4.648683129551792,0.0432968928938241,0.0431667098684077,0.5125937670692033,35.73619150821298,1.7623113276737392,0.0,7.504363295574933,11.596986867724263,2.0062490766303025,0.0326093311716603,0.6854224889769783,0.0,6.732934875330285,0.0676197770912505,0.0659738521421336,0.7057145663538957,47.69689787549765,2.189180378407435,0.0,9.402957987212396,14.489414126490486,2.4709686509972126,0.0761201644823772,0.9701716628294088,0.0,9.822958754694373,0.0939552865738892,0.0833254722950848,0.936389128609858,57.50504734287581,2.5629985737735934,0.0,1611.0,2388.4,416.0,21.0,185.0,0.0,1959.0,17.5,13.609999999999996,167.83,8848.0,389.3515362154349,0.0,16.386754068716094,24.294303797468356,4.231464737793852,0.2136075949367088,1.881781193490054,0.0,19.92653707052441,0.178006329113924,0.1384380650994574,1.7071315551537072,3.960402154090093,1.2,Leeds United,West Ham,2026-05-24T15:00:00Z,38,1.9651977
204,Jack Hinshelwood,3.0,1,1.840832047565444,1.809043192946828,1.7503560523911208,1.6644300751948404,1.22773277493323,1.230558127920629,1.293397159421104,1.3794963287296922,,184.0,,165.0,235.0,1663.0,52.0,,3.4,1.5,71.0,1.8979750167610736,1.6183302800534345,1.5159138462337038,1.5053512875565596,0.950092104134086,0.996701352389878,1.117944961587651,1.2325660053177352,0.1056782610442984,16.037299825930962,11.344774297337862,5.051932007779418,0.3936184285621519,0.5227283974913841,0.0,28.36800895499314,0.380347846137552,0.1572250282500387,0.8163536984415807,80.87675657187688,5.168483980051276,0.1615042453764648,14.213155096818634,10.427021107347851,4.359647620927794,0.2761807214309519,0.6552250129360565,0.0,23.20779447221388,0.2995399460410222,0.1290307927451998,0.9184541229259569,74.49768891224994,4.430898328853975,0.1820178707021329,13.678237974541132,9.706826925091764,3.8903560541938655,0.2185409149008259,0.8019142319693757,0.0,18.789592627027336,0.2246308756328854,0.0983433232287463,0.9925732987771404,69.52448118642847,3.777884461484282,0.1885436960681219,13.55129388158593,9.42460066394612,3.648527158041907,0.1976574724351861,0.9104840316850144,0.0,16.397513586385966,0.1836632158311235,0.0802775576549808,1.0401393368364724,67.79913700428322,3.4261326532606105,5.0,869.0,603.4000000000001,223.0,12.0,67.0,0.0,944.0,9.78,4.179999999999999,70.85,4369.0,203.86964873495987,0.1029983978027008,17.901121538109408,12.429846646829938,4.593728542000457,0.247196154726482,1.380178530556191,0.0,19.44609750514992,0.2014648661020828,0.0861066605630579,1.4594872968642707,4.1996494360600565,1.2269938650306746,Brighton,Manchester Utd,2026-05-24T15:00:00Z,38,3.239684
205,Jackson Tchatchoua,2.0,0,0.7880939941043962,0.88089881267518,0.9708858168980458,1.0216470235091468,1.9916444456516489,2.0329944594527656,2.001641049126402,1.9158268090481736,,94.0,,193.0,209.0,1834.0,44.0,,1.7,0.0,309.0,0.8383256775521427,0.8472171141221657,0.86221087535443,0.9273947709050742,2.0635783775183696,1.8075895805377609,1.7381616041195644,1.7125528392769305,0.0820012100649674,5.332685252357883,12.988288176190974,1.5447960243520542,0.0,1.3749642986496018,0.0,3.4847242463261545,0.0074209123727526,0.0658714143120726,1.3652031353119642,59.1808578552157,2.194063164368022,0.0682124440612872,5.996095709005427,12.454385733570255,1.748863919654748,0.0,1.2506831956314828,0.0,2.9876629769579313,0.0074616029109864,0.0626548253246241,1.2388596116383228,62.13776046993449,2.39584672117897,0.05115646486751,5.722610546627547,11.862899279454108,1.7514181092400414,0.0,1.2010719266318917,0.0,2.576217399431908,0.0085375305758289,0.0582042225595097,1.1156248532174438,61.24956849755947,2.3625283640836563,0.0415440697319893,5.4156658985924295,11.559652548686977,1.7223050012283794,0.0,1.1915522156485778,0.0,2.3835844098178423,0.00949255690379,0.0551584420191063,1.050460386647336,60.29628714340448,2.303362229983796,1.0,156.0,349.9,52.0,0.0,37.0,0.0,69.0,0.33,1.6,30.68,1834.0,68.86323646790429,0.0490730643402399,7.655398037077426,17.170665212649943,2.5517993456924755,0.0,1.8157033805888767,0.0,3.386041439476554,0.0161941112322791,0.0785169029443838,1.5055616139585606,3.3793300338666223,0.0,Wolves,Burnley,2026-05-24T15:00:00Z,38,2.5099003
206,Jacob Bruun Larsen,3.0,1,0.6713781975253578,0.7368591485710255,0.7974005780690301,0.886711191832273,1.7556417034315248,1.7098595237868155,1.6962368721663368,1.692611722456014,3.0,192.0,2.0,317.0,371.0,1009.0,52.0,3.0,1.5,0.0,244.0,0.9851174926304958,0.9787764719265952,1.022008359547608,1.0484439670146557,2.2395555570645613,2.1477716373262017,2.054383025950329,1.939848177190176,0.0009467624276616,3.134066878541093,5.098787020170959,1.0953019458500686,0.0007582805678262,0.7739852706475469,0.0,1.8663892661701995,0.0246555910319166,0.0191990785758449,0.3986944940561513,19.699209779468568,1.2630339989956356,0.0084691214952848,3.9113957430936455,7.0457318395022694,1.3551100436182588,0.0151958208484697,0.9133500977889124,0.0,4.052479998867721,0.0507697859141657,0.0289437175922767,0.6322911770444014,29.169011628956326,1.571518034967219,0.0194748697598115,4.961572419131138,8.9874647658811,1.698448972721309,0.0488727125225248,0.9662507475775264,0.0,6.787446268024031,0.076042874526717,0.0388496354664642,0.7827460404996123,35.61314199543554,1.8519678576504723,0.027496380525942,5.579185491041384,9.975865327467757,1.912970346642174,0.0753974903445145,0.9469982170997576,0.0,8.470463488234072,0.0906889783766593,0.0428032429710184,0.8210169956786074,37.79621596955731,1.994468283839604,1.0,356.0,624.1,123.0,6.0,52.0,0.0,582.0,6.0,2.579999999999999,47.51,2244.0,122.85453128960576,0.0401069518716577,14.27807486631016,25.030748663101605,4.933155080213903,0.2406417112299465,2.085561497326203,0.0,23.34224598930481,0.2406417112299465,0.1034759358288769,1.90548128342246,4.927320773647289,1.0,Burnley,Wolves,2026-05-24T15:00:00Z,38,2.0021846
207,Jacob Murphy,3.0,0,0.6778779658843567,0.924018470010329,1.1073081949231147,1.2014107865787766,1.1735260962061695,1.2474230176816807,1.319555879612648,1.3684865116798042,,91.0,,127.0,223.0,1561.0,59.0,,2.5,0.6,89.0,1.3275696596803437,1.3822876109761566,1.4569662457029895,1.5517182423639602,1.3846503455189316,1.4919863902684225,1.457703428287506,1.4015191720577116,0.1284112228621571,8.488028384573948,10.311541839124788,2.557660683826058,0.02923246753847,0.5811947706709947,0.0,6.481060919880869,0.0232465691077203,0.038823604368693,0.7462503973251537,45.220581625266206,1.9775024128771264,0.0887577905920547,9.032331911443867,10.657876229319106,2.484129551485162,0.0670068385006459,0.6527415069942515,0.0,7.382790980563421,0.047927454837601,0.0538470908160281,0.7722490293107708,46.37197570078517,2.1291263481346308,0.0699771557725038,11.28468823275908,13.250090949664008,2.7668519693708356,0.1144038994743676,0.725142023184514,0.0,10.222846058188118,0.0878673167998404,0.0830354230593335,0.7728249814536005,50.69525299714597,2.5647083264001544,0.0644119808923206,12.94520686283631,15.37157092686756,3.0085906237925766,0.142247726937332,0.836440264748132,0.0,12.44601650981551,0.1082756264314962,0.1043983192237479,0.8181733695093949,54.25001012087407,2.853509447680184,2.0,1767.0,2145.0,403.0,19.0,144.0,0.0,1842.0,13.459999999999996,15.129999999999995,137.54999999999998,7677.0,382.3767180965155,0.0234466588511137,20.71512309495897,25.146541617819462,4.724501758499414,0.2227432590855803,1.6881594372801874,0.0,21.594372801875732,0.1577960140679953,0.1773739742086752,1.6125439624853457,4.482728230908741,1.4115898959881132,Newcastle Utd,Fulham,2026-05-24T15:00:00Z,38,2.604755
208,Jacob Ramsey,3.0,0,0.6778779658843567,0.924018470010329,1.1073081949231147,1.2014107865787766,1.1735260962061695,1.2474230176816807,1.319555879612648,1.3684865116798042,,122.0,,206.0,254.0,1351.0,53.0,,2.1,0.2,219.0,1.3275696596803437,1.3822876109761566,1.4569662457029895,1.5517182423639602,1.3846503455189316,1.4919863902684225,1.457703428287506,1.4015191720577116,0.3823994215482306,16.013807338070443,15.827326382889773,3.653212471644757,0.044050098027631,0.942314859562988,0.0,6.083699546307219,0.0333633391966816,0.0928220035159209,0.90614507812775,54.552261182943525,2.9217353690455776,0.2387511612456021,13.04556385271718,13.523079745076224,2.8792722684827856,0.0718440401542494,1.008926671198142,0.0,6.276164254019217,0.0427464611414161,0.067031313413639,0.9531226792852322,53.34184191070312,2.382485908231327,0.1699937867736385,11.220221634136552,12.470878556640857,2.476940801461254,0.073084970098866,0.9983905286893544,0.0,6.9844662647051035,0.0521123066716912,0.0616118665331236,0.9371367602767764,52.98922791655112,2.1916970279957604,0.1389016409685148,10.599160019767943,12.442690349847576,2.352050085899843,0.0754185508172145,0.9645159282038804,0.0,8.156142161941633,0.0653537901419553,0.0662562095055562,0.9330098771313896,53.43827464549508,2.230550703457501,3.0,957.0,1174.8,212.0,8.0,81.0,0.0,901.0,7.73,6.789999999999999,87.28999999999999,4863.0,214.65249735949297,0.0555212831585441,17.71128932757557,21.742134484885874,3.9235040098704506,0.1480567550894509,1.499074645280691,0.0,16.674892041949416,0.1430598396051819,0.1256631708821715,1.6154842689697717,3.972594028861684,1.034928848641656,Newcastle Utd,Fulham,2026-05-24T15:00:00Z,38,2.5855765
209,Jadon Sancho,3.0,0,2.0877065823215184,2.0313064824181177,1.9983975655290631,1.9899321472113032,0.7760600908270671,0.8320655962724971,0.902284812718804,0.9638814197680602,6.0,146.0,,259.0,359.0,863.0,58.0,,1.6,0.2,185.0,1.424659845595926,1.3770523245396504,1.3994154522796445,1.4275718895734348,1.7410900299291667,1.5638149433821844,1.4245896822370918,1.376900592278413,0.1094093846135128,6.397079271781173,10.773666980697744,1.740651531983218,0.0004035947388469,0.8588459522738557,0.0,4.353795358233698,0.0097333072084744,0.0668878257737695,0.6896491446082941,37.30640962838584,1.720645922418332,0.114500124040648,6.897008746938486,13.133943197430144,1.798203424188859,0.0074443616443892,0.657445557178418,0.0,6.851564717013551,0.0203279006581273,0.0798201579799985,0.6856840386066968,40.44138057400098,1.837909746083384,0.1042929318435115,7.963402487050675,14.480883203477736,1.9206396086031725,0.0290948454371948,0.6090335709289997,0.0,9.550580889023816,0.0340281494420876,0.0829514788468259,0.6834868753662601,43.43631025062759,1.9743797254388904,0.0962816779089369,9.380711157441684,16.015224640097003,2.0812565829062235,0.0522703024049607,0.6556915022058948,0.0,11.826980171053531,0.0444565786286139,0.086273869159011,0.7323054364751717,46.64440906153758,2.115126266846716,2.0,845.0,1370.9,171.0,6.0,56.0,0.0,1078.0,4.139999999999999,6.839999999999998,63.23,3793.0,171.3637723486941,0.0474558397047192,20.05009227524387,32.52860532559979,4.057474294753494,0.1423675191141576,1.328763511732138,0.0,25.57869760084366,0.0982335881887687,0.1622989717901397,1.5003163722646982,4.066105855887812,1.449275362318841,Aston Villa,Manchester City,2026-05-24T15:00:00Z,38,1.7634376
210,Jaidon Anthony,3.0,1,0.6713781975253578,0.7368591485710255,0.7974005780690301,0.886711191832273,1.7556417034315248,1.7098595237868155,1.6962368721663368,1.692611722456014,2.0,52.0,1.0,35.0,87.0,2633.0,50.0,,3.5,2.0,32.0,0.9851174926304958,0.9787764719265952,1.022008359547608,1.0484439670146557,2.2395555570645613,2.1477716373262017,2.054383025950329,1.939848177190176,0.1561762313534503,15.053266356978284,13.612018550386573,3.824157447340342,0.210329151374765,1.8853519761153343,0.0,19.14775458654929,0.1742860323270375,0.0715833269149669,1.6828652113028864,86.61237871096534,3.549343027854536,0.134414412503568,14.58519996120034,14.957390473179364,3.5726670265957337,0.1934766514550275,1.8208307006030409,0.0,18.480340505238928,0.148844315365747,0.0786491186255866,1.6684909331444353,80.65279039634568,3.3782851437154737,0.1196201119440898,13.34602450020554,14.12686126862578,3.2931093599570427,0.1816034107153211,1.6595913924999464,0.0,16.425719459466237,0.1276269774936382,0.0735849011685346,1.563380375706498,73.56543767896532,3.0992066011651236,0.1140483168129838,12.297049120966744,13.05058672341357,3.0964040646176767,0.1715589705682622,1.534865208257684,0.0,14.897301103403873,0.1156451545881227,0.0681541944063737,1.473774578181802,68.79091521713444,2.8953753381558616,4.0,562.0,593.9,149.0,8.0,71.0,0.0,673.0,5.37,3.1999999999999997,70.92999999999999,3311.0,135.76458695080947,0.108728480821504,15.276351555421323,16.143461189972818,4.050135910601027,0.2174569616430081,1.9299305345816973,0.0,18.29356689821806,0.1459679855028692,0.0869827846572032,1.928027786167321,3.690369322130128,1.48975791433892,Burnley,Wolves,2026-05-24T15:00:00Z,38,4.2730308
211,Jair Paula da Cunha Filho,2.0,1,1.5322076893718972,1.5176230765891512,1.5246329989409293,1.5307653860088308,0.8043382958227075,1.0216501233696416,1.230935744218627,1.342933417719982,,420.0,,409.0,391.0,452.0,42.0,,1.4,0.1,375.0,2.2174093458585955,1.7777940416108506,1.457231199250763,1.30762240589473,0.845018040005908,0.9974050788647442,1.1708124605074612,1.2828488912433935,0.0,5.783034799701004,3.093445487235803,1.2930520565137549,0.0,0.5489819710909937,0.0,4.378954686255148,0.0338128943150952,0.0139384906902417,1.0665364561704644,50.185118536769934,1.7306874793252172,0.0,5.817660840914884,2.416061077010158,1.3259854099006312,0.0,0.6485445377078289,0.0,3.970694997209905,0.0336067990044963,0.0103593684219656,1.120626730201083,53.53925539563754,1.694420209545801,0.0,5.843431846664776,2.12849566808976,1.348606215340849,0.0,0.6994991905214958,0.0,3.7882452288942696,0.0336343744147388,0.0088389203521589,1.1551044293922514,55.06928743839719,1.680263458648921,0.0,5.858505900843528,1.997558528958392,1.361359320671707,0.0,0.7248588437912371,0.0,3.7041110238430073,0.0336817551355305,0.008147066782421,1.1739541820052577,55.79703527917364,1.674397088063912,0.0,47.0,15.0,11.0,0.0,6.0,0.0,29.0,0.27,0.06,9.55,452.0,13.354924389908742,0.0,9.358407079646016,2.9867256637168142,2.190265486725664,0.0,1.1946902654867255,0.0,5.774336283185841,0.0537610619469026,0.0119469026548672,1.901548672566372,2.659166360822537,0.0,Nottingham Forest,Bournemouth,2026-05-24T15:00:00Z,38,1.8445789
212,Jaka Bijol,2.0,0,0.9286294544735864,1.0856375066906117,1.1528129081947445,1.198210556571093,1.6522039078284754,1.568477982680725,1.610655951538412,1.6495020971055678,,314.0,,184.0,117.0,1819.0,39.0,,4.1,1.2,141.0,1.609218520546492,1.4557591011541449,1.3728565942724111,1.3255979439912915,0.9893991231128136,1.1564008437632494,1.3919395085176185,1.558113373678318,0.148072648192266,17.568598316610533,5.049774800421045,5.914402035425198,0.0028959796386979,0.6195279493045802,0.0,6.7402771018226195,0.0211132927477201,0.0263317174426463,1.3323118012014454,80.77620881021747,5.319377804671549,0.1388486157403756,15.428533806436082,4.323172841942206,5.192612439335686,0.0146794442292418,0.7723483894506165,0.0,8.766551246771474,0.0311173721383814,0.0282947276591829,1.2172285221527868,77.11213792654289,4.735262310387961,0.1329772292411031,14.255836839332426,3.881331021141087,4.7366461524214385,0.0266488525960271,0.8972786498449838,0.0,9.567324836808256,0.03513317501197,0.0298360922359326,1.2094840484058058,76.03821350267575,4.398270844803958,0.1293235888082226,13.707513873140796,3.674783664732952,4.508556267099038,0.0339370677068902,0.968354219493576,0.0,9.822416323830431,0.0365514886924695,0.0304552755159138,1.216827787035489,75.81178046762598,4.231408649135545,3.0,317.0,83.8,103.0,1.0,25.0,0.0,239.0,0.9,0.74,29.51,1819.0,97.74265668108812,0.148433205057724,15.684442001099503,4.146234194612424,5.096206706981858,0.0494777350192413,1.2369433754810335,0.0,11.825178669598682,0.0445299615173172,0.0366135239142385,1.460087960417812,4.836085267343557,1.1111111111111112,Leeds United,West Ham,2026-05-24T15:00:00Z,38,3.5201194
213,Jake O'Brien,2.0,0,1.102564633914661,1.101499110685907,1.1983079937381895,1.3460357492674346,1.514817248864682,1.6447311599706276,1.6535870072693977,1.6169812358281417,,156.0,,126.0,88.0,3057.0,49.0,,3.2,0.7,172.0,1.7853839932665585,1.561905201609496,1.3826261767690258,1.2858406600181125,1.8345610229389568,1.547627383252877,1.3723106230104325,1.326665252713866,0.0811509047288016,3.796426932772424,6.264286100218963,2.3607621123216695,0.1280190273937294,1.7694425661246185,0.0,13.165140670715298,0.1450466112866107,0.0224002835646295,1.4719279218534465,86.17081267388274,2.9029147331010514,0.1004979096226617,7.480156609293099,6.903158511333299,2.8749608580811685,0.0831022054205511,1.5194685437361046,0.0,8.96093398167305,0.0877532232057778,0.0266950826929144,1.4788852464718834,85.98359730860722,3.308985550603867,0.0982344938824256,9.608905610667026,7.192841829647185,3.132604734020987,0.0591926131159235,1.3497865642543685,0.0,7.06823914101202,0.0618401965388503,0.0266665538034548,1.4311970607296354,85.03499794839402,3.53605762685151,0.0922454012517358,10.62643183457045,7.274944185831084,3.230163651181591,0.0543393573727525,1.2648479728637114,0.0,6.412434907682646,0.0525115706590795,0.0254132227624595,1.378919029394837,83.87713573701643,3.589608113995318,3.0,598.0,380.2999999999999,171.0,3.0,62.0,0.0,315.0,2.4399999999999995,1.2199999999999998,67.88,4265.0,185.6413017461994,0.063305978898007,12.618991793669403,8.025087924970691,3.608440797186401,0.063305978898007,1.308323563892145,0.0,6.647127784290738,0.0514888628370457,0.0257444314185228,1.432403282532239,3.917401443647818,1.2295081967213115,Everton,Tottenham,2026-05-24T15:00:00Z,38,3.0334556
214,Jamaal Lascelles,2.0,0,0.6778779658843567,0.924018470010329,1.1073081949231147,1.2014107865787766,1.1735260962061695,1.2474230176816807,1.319555879612648,1.3684865116798042,,524.0,,376.0,353.0,19.0,44.0,,0.5,0.1,289.0,0.8869803842891529,1.2250019771970302,1.4833637290740826,1.6327965235056512,0.6293775569174765,0.8599371349473615,1.050585077239135,1.1937630548002145,0.0,5.842185684598106,0.742511348772772,1.4139684548241038,0.0217580615882594,0.912152676916102,0.0,3.1906127935306494,0.0237922888020625,0.0033521592845018,0.7252220518214276,33.115061162259096,1.6043129485645615,0.0,9.905712713252328,1.3836993575987722,2.0104963390529207,0.0418434529886041,1.101760496100462,0.0,5.194046728551283,0.0346098436343018,0.0069220571794317,0.9806791438873704,51.198530796317954,2.1069704012919903,0.0,12.144071270888013,1.88030863016204,2.258698389166859,0.0577365374203519,1.3673393166079744,0.0,7.534020018707123,0.0399292256608003,0.0089600715876887,1.1465095563159955,63.1164507896742,2.367948189239005,0.0,13.133401018866005,2.2009143698203606,2.3415736730466676,0.0703178632852113,1.5688521755069265,0.0,9.065380697666551,0.0421860284348601,0.0093335851706192,1.2369684355091253,69.1920646521995,2.475451695883186,0.0,643.0,118.0,113.0,4.0,83.0,0.0,491.0,2.079999999999999,0.4199999999999996,62.029999999999994,3507.0,118.01336980509956,0.0,16.501283147989735,3.0282292557741664,2.8999144568006847,0.1026518391787853,2.1300256629597945,0.0,12.600513259195893,0.0533789563729683,0.0107784431137724,1.5918733960650124,3.028572364544899,1.923076923076924,Newcastle Utd,Fulham,2026-05-24T15:00:00Z,38,2.0258226
215,Jamaldeen Jimoh-Aloba,3.0,0,2.0877065823215184,2.0313064824181177,1.9983975655290631,1.9899321472113032,0.7760600908270671,0.8320655962724971,0.902284812718804,0.9638814197680602,,445.0,,468.0,469.0,8.0,45.0,,1.0,0.1,659.0,2.1546888465893077,1.8833083377869193,1.6679144950370202,1.5637501690697235,1.1987802268666472,1.167121381242057,1.2131316250010478,1.2877929750458843,0.0,3.0,0.3,1.0,0.0,0.0,0.0,0.0,0.0,0.0,0.43,8.0,1.0001266121134065,0.0,3.0,0.3,1.0,0.0,0.0,0.0,0.0,0.0,0.0,0.43,8.0,1.0001266121134065,0.0,3.0,0.3,1.0,0.0,0.0,0.0,0.0,0.0,0.0,0.43,8.0,1.0001266121134065,0.0,3.0,0.3,1.0,0.0,0.0,0.0,0.0,0.0,0.0,0.43,8.0,1.0001266121134065,0.0,3.0,0.3,1.0,0.0,0.0,0.0,0.0,0.0,0.0,0.43,8.0,1.0001266121134065,0.0,33.75,3.375,11.25,0.0,0.0,0.0,0.0,0.0,0.0,4.8375,11.25142438627582,,Aston Villa,Manchester City,2026-05-24T15:00:00Z,38,1.3170307
216,James Garner,3.0,0,1.102564633914661,1.101499110685907,1.1983079937381895,1.3460357492674346,1.514817248864682,1.6447311599706276,1.6535870072693977,1.6169812358281417,1.0,9.0,3.0,23.0,16.0,3323.0,52.0,2.0,4.2,3.7,145.0,1.7853839932665585,1.561905201609496,1.3826261767690258,1.2858406600181125,1.8345610229389568,1.547627383252877,1.3723106230104325,1.326665252713866,0.2454470280370718,19.330235945892426,27.298612871189945,3.114228028066921,0.0036840111513945,2.0675668586190445,0.0,4.464008950887609,0.0259998897409175,0.1908246645776433,1.543357907855348,89.98559629259137,3.335394000576968,0.2469434338600872,20.38934484482699,27.231116109375098,3.7205987517460257,0.0175292554760589,1.6900776551000225,0.0,4.868616628529251,0.035690234343614,0.1799527079576994,1.5235336177750665,89.7029926840132,3.8770735455906897,0.2240753306916731,19.876037996886257,24.841205801969895,3.7425123829998266,0.0290842881006636,1.4411655851415264,0.0,5.579612556599344,0.045592409872669,0.1583496853955831,1.4560754362338244,88.07836853208369,3.923311101955128,0.207356962590867,18.30181487827355,22.33150060283762,3.446341990824255,0.0320317803098057,1.3256940744437529,0.0,5.9390172217968695,0.0519229353006227,0.1352757880678481,1.3946327265157084,85.75318818815902,3.677791868228848,7.0,1502.0,1893.5,285.0,3.0,122.0,0.0,590.0,5.829999999999999,10.749999999999998,130.38,8020.0,312.84276839883887,0.0785536159600997,16.855361596009978,21.248753117206984,3.1982543640897756,0.0336658354114713,1.3690773067331672,0.0,6.620947630922693,0.0654239401496259,0.1206359102244388,1.4631172069825438,3.510704383528117,0.5145797598627788,Everton,Tottenham,2026-05-24T15:00:00Z,38,3.850283
217,James Hill,2.0,0,2.1739274766868766,1.800014640187395,1.4843813892721411,1.3253187290721609,1.2760144320047273,1.197664595650709,1.2623114361549288,1.3267371701590465,,234.0,,181.0,93.0,2012.0,42.0,,3.8,7.3,260.0,1.665259611714872,1.5751367596388566,1.5522578466798904,1.5446869163772212,0.7554228697783842,1.0240556929622369,1.2430957966446117,1.3519282732907731,0.0397968358292046,17.023276714509226,9.0298782845068,4.672673151280703,0.0,0.7765580171799066,0.0,4.9360601324180475,0.049942964815493,0.0277288849410822,1.4158011956487713,89.1557390443728,5.053405207522581,0.0870569084074319,15.94758176026063,7.762923078387887,4.476983140439421,0.0,0.8264078215122318,0.0,4.52423028401844,0.0436552100268232,0.0375534633019297,1.3468037732819276,83.0539058086895,4.76553695072696,0.104755411084631,13.815274474014808,6.398322045127988,3.946111211472812,0.0,0.8243335461391812,0.0,4.088896481360289,0.0364334509696236,0.0381020891983404,1.1996210716479438,73.50658251683372,4.153624213641255,0.1081340472050935,12.288272242657834,5.537766899813922,3.5420777947297815,0.0,0.8035911917537751,0.0,3.791949968214088,0.0319758146120118,0.0361052346060942,1.0893281292059525,66.55608115409942,3.704902447919607,3.0,458.0,200.5,133.0,0.0,33.0,0.0,148.0,1.18,1.4099999999999997,41.57,2529.0,138.17133743437168,0.1067615658362989,16.298932384341636,7.135231316725979,4.733096085409253,0.0,1.1743772241992882,0.0,5.266903914590747,0.0419928825622775,0.0501779359430604,1.4793594306049822,4.917129446063049,0.0,Bournemouth,Nottingham Forest,2026-05-24T15:00:00Z,38,3.0021405
218,James Justin,2.0,0,0.9286294544735864,1.0856375066906117,1.1528129081947445,1.198210556571093,1.6522039078284754,1.568477982680725,1.610655951538412,1.6495020971055678,3.0,221.0,,179.0,147.0,1803.0,40.0,,3.3,2.3,165.0,1.609218520546492,1.4557591011541449,1.3728565942724111,1.3255979439912915,0.9893991231128136,1.1564008437632494,1.3919395085176185,1.558113373678318,0.0137705314287905,17.734169391996932,6.548769361012348,6.44372689115119,0.0907170518577332,0.7555015081902864,0.0,9.819467198431008,0.0793700125763679,0.0394759042120969,1.4547602771745078,87.87993075681946,5.00870840774818,0.0298026692912471,15.508990797412553,7.2911261197959805,5.397878311847925,0.0889462390148189,0.8697271043045481,0.0,9.298741521824608,0.0757146670068526,0.0452597503301077,1.304293841636913,81.19476686110187,4.500720285210229,0.035448645275533,12.53860231172753,7.286899500496045,4.165936868014968,0.0712761279479787,1.0317483902215734,0.0,7.934981230281092,0.0633148679207466,0.0428498784757894,1.2953081378694578,75.08710482207132,3.791576629957411,0.0363321175840804,10.76926378249907,7.615058417395862,3.368153561448405,0.0590519943248383,1.1923966422120351,0.0,7.122646274522466,0.0547004598445179,0.0422677939974377,1.362475761128535,73.69083437314642,3.3422869433737272,1.0,813.0,716.9,225.0,4.0,112.0,0.0,543.0,3.879999999999999,3.949999999999999,122.38,6251.0,248.0404624818361,0.014397696368581,11.705327147656376,10.321708526635735,3.2394816829307316,0.0575907854743241,1.612541993281075,0.0,7.817949128139498,0.0558630619100943,0.056870900655895,1.761990081586946,3.5712112659358906,1.0309278350515467,Leeds United,West Ham,2026-05-24T15:00:00Z,38,3.562471
219,James Maddison,3.0,1,1.6283071946132468,1.5057146814462412,1.3634947000475075,1.2786717611892149,2.0676488183511657,1.6928646449335476,1.4536958060334333,1.368632576429858,,445.0,,476.0,508.0,26.0,68.0,,1.0,0.2,409.0,1.1282057923933262,1.1127767896515215,1.2087453529772576,1.3549376030724047,1.3935215610808525,1.605256844410009,1.6353545760796422,1.6071279849705744,0.0,10.30521351371944,17.300143941091488,2.442910686256114,0.0420001298676148,1.0344447236864458,0.0,6.597284455111345,0.0813656497844915,0.0887127336855934,0.7922290727717478,42.15981591304208,2.1963711647574065,0.0,13.111097124679617,18.666172679548524,3.029235520977459,0.1322589489656393,1.0482455957345365,0.0,9.289654299167834,0.1105170333100422,0.1132494719456733,0.9198867153996724,48.366115308415814,2.584980234089908,0.0,15.563831911641024,21.44600246955576,3.5833073286764003,0.1985524078922578,1.079143892008516,0.0,13.61598870357143,0.1486909384409398,0.1455296396297685,1.013589515555006,54.8749179618811,3.0832747732328705,0.0,17.17562570246564,24.85650244043649,3.954945790537728,0.2312012160167932,1.1615857958023226,0.0,17.747709493356165,0.1752307186920643,0.1695756783047619,1.1159810056337225,60.96932548535219,3.4744735568879137,0.0,2070.0,3182.9,481.0,30.0,141.0,0.0,2516.0,21.409999999999997,20.49,142.2,7535.0,420.89926261118137,0.0,24.724618447246183,38.017385534173854,5.745189117451892,0.3583278035832781,1.684140676841407,0.0,30.051758460517583,0.255726609157266,0.2447378898473788,1.698473788984738,5.027330276709532,1.4012143858010278,Tottenham,Everton,2026-05-24T15:00:00Z,38,2.217195
220,James McAtee,3.0,1,1.5322076893718972,1.5176230765891512,1.5246329989409293,1.5307653860088308,0.8043382958227075,1.0216501233696416,1.230935744218627,1.342933417719982,,326.0,,402.0,427.0,276.0,50.0,5.0,1.2,0.1,360.0,2.2174093458585955,1.7777940416108506,1.457231199250763,1.30762240589473,0.845018040005908,0.9974050788647442,1.1708124605074612,1.2828488912433935,0.1693077944325868,5.73276487681603,6.845772670086343,1.6129245235401464,0.0094725610133513,0.4058733815302264,0.0,4.553982983384663,0.0333913246002376,0.0402648044001292,0.6047333073137736,20.761921956770003,1.423806194704513,0.1206736134378706,5.528623572671292,6.419264643919873,1.6057457127387245,0.0443654455284119,0.5914135337834022,0.0,5.194205499610001,0.0603656401249158,0.0436522602878995,0.5707963126464215,23.61876957183618,1.5571276661714286,0.0976044945905626,6.045614681570099,7.082688390638485,1.805816947643983,0.0770720011812271,0.8407415331648566,0.0,6.519569231157192,0.0848948587043114,0.0498662111920202,0.6366755921016756,28.881342941848516,1.777803950358184,0.0869133885699206,6.494389796066597,7.874479424929855,1.9764053561518693,0.0915787531861835,1.0593455406645702,0.0,7.445929301840332,0.094482729249013,0.0530728752331533,0.7320565309443126,33.97206661955021,1.9244540360144025,1.0,422.0,538.1,131.0,6.0,80.0,0.0,506.0,5.959999999999999,3.329999999999999,52.59,2449.0,125.3269606398402,0.036749693752552,15.50837076357697,19.775010208248265,4.81420988158432,0.2204981625153123,2.939975500204165,0.0,18.595345038791343,0.2190281747652102,0.1223764801959983,1.932666394446713,4.605727422452274,1.0067114093959733,Nottingham Forest,Bournemouth,2026-05-24T15:00:00Z,38,1.82932
221,James Milner,3.0,1,1.840832047565444,1.809043192946828,1.7503560523911208,1.6644300751948404,1.22773277493323,1.230558127920629,1.293397159421104,1.3794963287296922,5.0,213.0,,328.0,328.0,714.0,49.0,1.0,1.8,0.1,321.0,0.9699364347880286,1.1105885319918667,1.2766708891033882,1.3953922952161673,0.7620090642321998,0.9819572678607896,1.1577039453476714,1.2702061835995109,0.0139448619880093,10.338534266440387,9.392423015756602,2.0089978966690243,0.0045036782217893,0.6483541402144057,0.0,3.937291347292612,0.0290926230542642,0.0240667904169787,0.7750352401654923,60.54758801721511,2.3245796265513423,0.0326540287276718,8.949788822624395,9.589906787734316,1.8443490322931593,0.0167067009000395,0.6692511830538921,0.0,3.638954571016425,0.0337429255118723,0.0399283747096332,0.6928894145749775,48.295411399877715,2.030686610640549,0.0433922118447074,8.638664231032996,11.089371353919573,1.7615378851697898,0.0215429906709077,0.678916534549384,0.0,3.5404467860707176,0.0349511632646286,0.0585668690051594,0.6908009443306691,42.76750171783153,1.888318387544284,0.048316181667345,8.800752234624229,12.182498323778413,1.7052869677468072,0.0194449239496181,0.6708490717487117,0.0,3.617921750076967,0.031222167513597,0.0687599270660102,0.7403451116206327,40.02269221307428,1.8176057025195556,1.0,677.0,957.0,124.0,1.0,47.0,0.0,284.0,1.7999999999999996,5.659999999999999,63.57,2776.0,128.27011385215403,0.0324207492795389,21.94884726224784,31.026657060518733,4.020172910662824,0.0324207492795389,1.5237752161383284,0.0,9.207492795389047,0.05835734870317,0.1835014409221901,2.060987031700288,4.1586132012585955,0.5555555555555557,Brighton,Manchester Utd,2026-05-24T15:00:00Z,38,2.0869777
222,James Rowswell,2.0,1,1.6283071946132468,1.5057146814462412,1.3634947000475075,1.2786717611892149,2.0676488183511657,1.6928646449335476,1.4536958060334333,1.368632576429858,,587.0,,598.0,596.0,1.0,40.0,,1.0,0.0,557.0,1.0632371539751335,1.155835820080549,1.2832322596835266,1.4205216667532137,2.3735273412745115,2.035463212137941,1.8022402311889416,1.6732203546710127,0.0,3.0,0.0,1.0,0.0,0.0,0.0,0.0,0.0,0.0,0.36,1.0,0.9971906021618756,0.0,3.0,0.0,1.0,0.0,0.0,0.0,0.0,0.0,0.0,0.36,1.0,0.9971906021618756,0.0,3.0,0.0,1.0,0.0,0.0,0.0,0.0,0.0,0.0,0.36,1.0,0.9971906021618756,0.0,3.0,0.0,1.0,0.0,0.0,0.0,0.0,0.0,0.0,0.36,1.0,0.9971906021618756,0.0,3.0,0.0,1.0,0.0,0.0,0.0,0.0,0.0,0.0,0.36,1.0,0.9971906021618756,0.0,270.0,0.0,90.0,0.0,0.0,0.0,0.0,0.0,0.0,32.4,89.7471541945688,,Tottenham,Everton,2026-05-24T15:00:00Z,38,1.3884732
223,James Tarkowski,2.0,0,1.102564633914661,1.101499110685907,1.1983079937381895,1.3460357492674346,1.514817248864682,1.6447311599706276,1.6535870072693977,1.6169812358281417,,172.0,,43.0,7.0,3240.0,58.0,,4.6,12.7,69.0,1.7853839932665585,1.561905201609496,1.3826261767690258,1.2858406600181125,1.8345610229389568,1.547627383252877,1.3723106230104325,1.326665252713866,0.2636661561803696,14.798544259709736,7.701223948790339,5.024960943975156,0.2019600541984468,2.0287112940994017,0.0,23.25349923093952,0.0825922655441393,0.1189002241440754,1.4825737457203685,89.99745231338802,3.992174007495268,0.1757216660204638,15.751565890555696,6.50586738542964,4.71033579408832,0.139030880999726,1.6502213051000612,0.0,17.851900795082166,0.0834767406918904,0.0845360871408604,1.4595364650895162,89.90838212836107,4.456566704657586,0.12554498207933,16.428297520463044,6.388341406554345,4.400919777770468,0.0887267183517298,1.4307358437638322,0.0,13.742021362044818,0.074326744963687,0.0693887468794363,1.4246131984640908,89.660934513258,4.544966420541049,0.1028527614202025,16.852768096331207,6.458345035399615,4.013084365862992,0.0592245544483222,1.3875262599722815,0.0,11.431636863917836,0.0676366457868682,0.0638707520458809,1.4161825072600775,89.537682074303,4.3016869397066815,3.0,2711.0,953.2,516.0,6.0,240.0,0.0,1675.0,10.939999999999998,8.049999999999999,222.05,13542.0,566.767013121847,0.0199379707576428,18.017279574656623,6.3349579087284,3.429330970314577,0.0398759415152857,1.595037660611431,0.0,11.13203367301728,0.072707133362871,0.0535002215330084,1.4757421355782012,3.766728044673329,0.5484460694698355,Everton,Tottenham,2026-05-24T15:00:00Z,38,4.1887336
224,James Trafford,1.0,1,1.939727876476741,1.639347092096446,1.5294458207117694,1.492088522256452,1.7928720239433336,1.6074334490457554,1.4533604505952842,1.39252795828722,,663.0,,96.0,11.0,270.0,50.0,,3.7,2.2,644.0,1.8332029134610064,1.809955835063639,1.839380196571857,1.918300783295944,1.0398737771971645,1.0757748005635204,1.126862917336567,1.0947983984935843,0.0,17.81134986162597,0.1071421405855626,2.5594730274485444,0.0,1.9940486804394733,3.4489117558743714,0.0,0.0,0.0013315841937512,1.65915411190533,90.0,3.663249139999369,0.0,18.44692589888128,0.1433500255296083,2.650254113872256,0.0,2.064183049936963,3.6079876779877225,0.0,0.0,0.0017385564143063,1.6875317209355751,90.0,3.67078880884946,0.0,18.877603767246253,0.1345673057369721,2.7065736213555067,0.0,2.0860556535244608,3.710198795096212,0.0,0.0,0.0016335815343915,1.7008237676684512,90.0,3.682361603854406,0.0,19.059234956800797,0.1222541847442285,2.717436081564307,0.0,2.1032684455818864,3.748525529265214,0.0,0.0,0.0014848449876534,1.7093727796100209,90.0,3.678903382419042,0.0,595.0,3.3,84.0,0.0,66.0,117.0,0.0,0.0,0.0399999999999999,53.34,2790.0,113.6075322537562,0.0,19.193548387096772,0.1064516129032258,2.709677419354839,0.0,2.129032258064516,3.774193548387097,0.0,0.0,0.0012903225806451,1.7206451612903224,3.664759104959877,,Manchester City,Aston Villa,2026-05-24T15:00:00Z,38,3.1138785
225,James Ward-Prowse,3.0,1,0.6713781975253578,0.7368591485710255,0.7974005780690301,0.886711191832273,1.7556417034315248,1.7098595237868155,1.6962368721663368,1.692611722456014,1.0,104.0,1.0,263.0,300.0,1077.0,56.0,3.0,2.3,0.2,394.0,0.9851174926304958,0.9787764719265952,1.022008359547608,1.0484439670146557,2.2395555570645613,2.1477716373262017,2.054383025950329,1.939848177190176,0.0219695466914659,11.442994005306751,12.54095031001252,2.2851763040329893,0.0045274268909906,1.2821594895861346,0.0,2.007422321821462,0.0165851441217342,0.0568283760261856,1.1490434037596642,50.70475668557652,2.343426706216715,0.0418466930442995,13.361777736586408,17.41544197567469,2.4560651516283527,0.0193666733701953,1.3545321442302067,0.0,2.848060140071137,0.0313025038308572,0.0869950731882562,1.2374058063735875,59.09811845512958,2.588064490965583,0.0514485189531331,14.461501710403468,19.93509956155128,2.5722741359221706,0.0480537674282424,1.3518760901632831,0.0,4.14945041689545,0.0529098398004885,0.1061358001922794,1.2293884889602051,63.47055412302027,2.7161339971155014,0.0554913028161906,16.715394603809933,23.29166301210369,2.898653524964952,0.1034674502115377,1.5146550987325968,0.0,6.027901191953694,0.0814654740474367,0.1219791037437105,1.2917105439809742,68.40428790312706,2.9573078666312806,1.0,2916.0,4007.4,492.0,29.0,257.0,0.0,1263.0,16.38,18.749999999999996,190.87,10386.0,450.6582987058245,0.0086655112651646,25.268630849220106,34.726169844020795,4.263431542461006,0.2512998266897747,2.2270363951473136,0.0,10.944540727902949,0.1419410745233968,0.162478336221837,1.6539861351819756,3.905184564175255,1.7704517704517706,Burnley,Wolves,2026-05-24T15:00:00Z,38,2.9930172
226,Jamie Bynoe-Gittens,3.0,0,1.2993027530090575,1.1556816927460971,1.0987727083015113,1.0838528074355682,1.4810645035741192,1.4785520139318924,1.401222411431172,1.340576268058851,,190.0,,294.0,336.0,486.0,60.0,,1.6,0.1,232.0,1.7799295004460216,1.6634672211066488,1.670527421215555,1.7133790911333495,1.1171803426913298,1.115272950138399,1.134014169895238,1.204160846662789,0.121381382171997,6.338379145595999,5.068227368525559,1.53947280965332,0.0,0.6524235307598101,0.0,3.686812825849003,0.0332625035972663,0.0493044016959518,0.5123787132871972,25.437034181787727,1.5378717339560204,0.1377112777995071,6.594904438856138,6.792908615330901,1.616076769103058,0.0,0.5498761663004115,0.0,4.775905136313531,0.0443686113746831,0.058626005437939,0.5354792117461615,28.193687060140057,1.6557650197109297,0.134751268156627,6.465469539985563,7.535117501400746,1.6046531263438388,0.0,0.4934639732777721,0.0,5.2645380903680445,0.0482944559798374,0.0597968224371631,0.5461711254620736,29.388058567996573,1.6753198255638782,0.1306116304126943,6.342160569991349,7.859064750361402,1.5869256809684364,0.0,0.4652251523909207,0.0,5.4851021986590185,0.0496652617928335,0.0595183988030049,0.5510844760162745,29.908808710873544,1.6744383855064318,2.0,99.0,130.4,25.0,0.0,7.0,0.0,91.0,0.81,0.94,8.89,486.0,26.6744564570726,0.3703703703703704,18.333333333333332,24.14814814814815,4.62962962962963,0.0,1.2962962962962965,0.0,16.85185185185185,0.15,0.174074074074074,1.6462962962962964,4.939714158717148,0.0,Chelsea,Sunderland,2026-05-24T15:00:00Z,38,1.9480231
227,Jan Paul van Hecke,2.0,1,1.840832047565444,1.809043192946828,1.7503560523911208,1.6644300751948404,1.22773277493323,1.230558127920629,1.293397159421104,1.3794963287296922,,169.0,,55.0,8.0,3120.0,47.0,,4.2,10.9,112.0,1.8979750167610736,1.6183302800534345,1.5159138462337038,1.5053512875565596,0.950092104134086,0.996701352389878,1.117944961587651,1.2325660053177352,0.0930596855246096,17.421198747345702,8.361753049215306,4.930166483841245,0.0040898163725285,0.9507018520569864,0.0,8.069042135795598,0.2166329634601349,0.0553302106862127,1.0212950998121415,89.4845797934096,5.961671642989346,0.1032284259406696,17.60842342761364,8.21709647740968,4.826677687177124,0.0281955494362421,0.9960231222253034,0.0,7.5737842612890764,0.1361163158237734,0.0527613110038845,1.131406914638461,89.04174060661965,5.2833193538208665,0.099570335908704,16.506140034475436,7.704970402771487,4.330059080948136,0.0517631275123008,1.127671558195953,0.0,7.529871907074464,0.0998202232529571,0.0475710659998702,1.2291020818489669,88.80157942440943,4.6840534694061295,0.0939148619588588,15.458804675345132,7.321221983285391,3.775435871431133,0.0544304723941143,1.225301110995619,0.0,7.246981949988824,0.0810539754272769,0.0436442772184047,1.2735094012239998,87.99702191953294,4.215366029023649,3.0,1453.0,680.7,303.0,4.0,128.0,0.0,662.0,6.6,3.8899199999999983,127.7392,8533.0,368.50325838620495,0.0316418610101957,15.325208015938122,7.1795382632134075,3.1958279620297665,0.0421891480135942,1.350052736435017,0.0,6.982303996249854,0.0696120942224305,0.0410281026602601,1.3473020039845305,3.886709627886845,0.6060606060606061,Brighton,Manchester Utd,2026-05-24T15:00:00Z,38,3.2663805
228,Jarrad Branthwaite,2.0,0,1.102564633914661,1.101499110685907,1.1983079937381895,1.3460357492674346,1.514817248864682,1.6447311599706276,1.6535870072693977,1.6169812358281417,,363.0,,354.0,306.0,678.0,53.0,,3.2,0.5,301.0,1.647910139810932,1.4296680408527178,1.291741576274615,1.234508633910811,1.2054712474095617,1.173338489918939,1.171042289581385,1.2275716423012673,0.0587354734383161,12.096011954504206,4.045775455548174,3.515271795707407,0.0819533506788752,1.0000869215250807,0.0,6.386230576510656,0.0339470505441176,0.0130358090736185,1.0899622901405213,73.17104266618583,3.0792943379651354,0.081594258922059,13.03298543981379,3.566219638265983,3.255031717437335,0.0682619365648778,1.0178267323084704,0.0,6.794729625979521,0.0384106963777252,0.0178762662858715,1.03381340770806,75.6489789589461,3.1319175322385577,0.0915972540843595,14.393861144141464,3.0523549208731615,3.2186773831704047,0.0575440108710318,1.063218627002679,0.0,6.39422691831379,0.0394921930961902,0.0209532388733682,1.0808683322914705,78.86470445652532,3.1598614936396285,0.0960194533038726,15.296528400359454,2.6677748404919828,3.2717604875061737,0.0589547553556363,1.1079398218825904,0.0,6.051312360844899,0.0408043474226037,0.0232824029705624,1.1537840766715106,80.93837652801726,3.1477749055527298,1.0,1186.0,169.6,245.0,5.0,87.0,0.0,430.0,3.2599999999999993,1.979999999999999,93.38,6133.0,229.54322355935935,0.0146747105820968,17.404206750366868,2.4888309147236263,3.595304092613729,0.0733735529104842,1.2766998206424265,0.0,6.310125550301646,0.0478395564976357,0.0290559269525517,1.3703244741562042,3.368480371815154,1.5337423312883438,Everton,Tottenham,2026-05-24T15:00:00Z,38,2.9325464
229,Jarrod Bowen,4.0,1,1.4873748164371934,1.4101831854236713,1.3542056928734252,1.3172760593840596,0.7915192984902504,1.0407607451397949,1.3223124000649034,1.5182899044580005,1.0,29.0,1.0,10.0,21.0,3316.0,77.0,2.0,4.7,13.6,17.0,0.9107868180919828,1.0951527852122245,1.16085576712912,1.203309571343217,1.3152548847855938,1.4094199807491106,1.5375319051139422,1.6147602101157532,0.5314303949077026,17.144378647144183,23.8456668226032,4.287359941376818,0.0273620839177936,1.6240033887509209,0.0,13.37122620302248,0.1268862702213272,0.1697926179177145,1.434689631284345,89.4880956483701,3.7264343845498775,0.5317002464449357,18.446557214642606,22.812348597123627,4.787146988802953,0.1054849669034949,1.5099864406476078,0.0,16.029372781550364,0.1572561504050027,0.1759258246850268,1.421204542300569,89.41462955999333,4.015454003297924,0.4487514000585222,18.7528307125715,20.329534964551844,4.997570672316655,0.2001712142828136,1.5476832652963737,0.0,20.350320135491195,0.1905100896742809,0.1629577326958592,1.4632512102865762,89.16683903675177,4.146768729227219,0.3887804471385345,18.5426131842863,19.00658874622896,5.078879814559683,0.272986183151552,1.5942996223286372,0.0,24.602913755798365,0.2182296241170895,0.1595258046671935,1.5132857681182514,88.29198445084684,4.242970968006343,12.0,2843.0,3013.3,810.0,54.0,255.0,0.0,4947.0,39.65,27.489999999999995,255.67,13944.0,699.2597819672147,0.0774526678141136,18.349827882960412,19.449010327022375,5.228055077452668,0.3485370051635112,1.645869191049914,0.0,31.92986230636833,0.2559165232358003,0.1774311531841652,1.6501936316695351,4.513294634039682,1.361916771752837,West Ham,Leeds United,2026-05-24T15:00:00Z,38,4.7658443
230,Jaydee Canvot,2.0,1,1.5307612174333038,1.704751939684622,1.7738301193564938,1.7869121026055728,0.4657699536268272,0.6514597285203065,0.7347335178883116,0.7858168606284246,,346.0,,304.0,197.0,1331.0,45.0,,3.6,0.5,339.0,0.8536648314803988,0.9633492160206902,1.1009359698913324,1.2156295095884035,1.959796680245826,1.6478487045487895,1.45378389198278,1.3520910246488829,0.0,9.485138856261626,4.0858997919561455,3.4594129929383075,0.0,1.933245054297472,0.0,3.5663092600708324,0.0788893990200521,0.0126141729943285,1.5030814066963507,86.46443687984855,3.868022196809775,0.0,10.55681534765104,3.9460783764858567,3.6647763408695018,0.0,1.5813129442741565,0.0,3.3179815642714914,0.0835459155151195,0.0150518247249895,1.3924152969005892,79.28261188998403,4.163772891102995,0.0,10.796461859568662,3.634469057997912,3.687072227123494,0.0,1.3678900375623573,0.0,3.076074131209631,0.080595728492588,0.0159248424359247,1.3037830864569588,73.44011276879381,4.189239707896748,0.0,10.825128028437748,3.42498039756837,3.675066229855225,0.0,1.2582987309958278,0.0,2.939381461416541,0.0776971527454888,0.0162482025901218,1.2504283519824928,70.08060422750992,4.165279761523512,0.0,216.0,63.8,73.0,0.0,23.0,0.0,56.0,1.48,0.33,23.84,1331.0,82.39940936605763,0.0,14.605559729526671,4.314049586776859,4.9361382419233655,0.0,1.555221637866266,0.0,3.786626596543952,0.1000751314800901,0.0223140495867768,1.6120210368144254,5.571710625804046,0.0,Crystal Palace,Arsenal,2026-05-24T15:00:00Z,38,2.364319
231,Jayden Bogle,2.0,0,0.9286294544735864,1.0856375066906117,1.1528129081947445,1.198210556571093,1.6522039078284754,1.568477982680725,1.610655951538412,1.6495020971055678,,113.0,,140.0,149.0,2718.0,44.0,,2.8,0.7,158.0,1.4519039383538928,1.3404433152696251,1.3078415250240427,1.290396986613698,0.983436129863771,1.1930874676362166,1.4343033879153646,1.5878017882016904,0.3327235942557779,14.656508988081482,15.36475885402672,4.668978770062723,0.0215534354391283,0.6395725487259007,0.0,5.15496707467807,0.0318421283304539,0.1882843321315249,0.77684074702803,77.91728977061125,3.992436699388196,0.2377306700036118,12.35160180957621,12.789124749007758,3.8257825944705375,0.0385261201311314,0.9447112561604768,0.0,6.243769376913458,0.0528121036952893,0.1431218128218302,1.006205011771408,79.45528482469594,3.80842021010796,0.1901288862254833,10.674533954500474,10.418450270361244,3.15584410515018,0.0479888436462513,1.313211975766022,0.0,7.272456281136475,0.0620433982656722,0.1025904448679528,1.2038243952284882,81.01174398989141,3.4729368493338586,0.1692199929121276,10.00226394813688,8.733014605821701,2.754846874803469,0.0567083445099197,1.5502228140883063,0.0,8.333595129340916,0.0667503160893068,0.0764191892835102,1.3416039188757385,81.15743817291784,3.185943651013806,5.0,804.0,583.6,202.0,6.0,142.0,0.0,829.0,6.1099999999999985,4.2299999999999995,122.61,6612.0,238.95970157333016,0.0680580762250453,10.943738656987296,7.943738656987296,2.749546279491833,0.0816696914700544,1.9328493647912883,0.0,11.284029038112523,0.0831669691470054,0.0575771324863883,1.6689201451905626,3.2526275168783596,0.981996726677578,Leeds United,West Ham,2026-05-24T15:00:00Z,38,3.3870177
232,Jaydon Banel,3.0,1,0.6713781975253578,0.7368591485710255,0.7974005780690301,0.886711191832273,1.7556417034315248,1.7098595237868155,1.6962368721663368,1.692611722456014,,441.0,,686.0,684.0,9.0,45.0,,1.0,0.0,661.0,0.9055008821527942,1.0160553546207018,1.0764657365938266,1.0803405276874565,1.860735237592037,1.9250068285710944,1.9128537140027049,1.830100485043041,0.0,2.0,0.5,1.0,0.0,0.0,0.0,0.0,0.0,0.0,0.05,9.0,1.0000890890176035,0.0,2.0,0.5,1.0,0.0,0.0,0.0,0.0,0.0,0.0,0.05,9.0,1.0000890890176035,0.0,2.0,0.5,1.0,0.0,0.0,0.0,0.0,0.0,0.0,0.05,9.0,1.0000890890176035,0.0,2.0,0.5,1.0,0.0,0.0,0.0,0.0,0.0,0.0,0.05,9.0,1.0000890890176035,0.0,2.0,0.5,1.0,0.0,0.0,0.0,0.0,0.0,0.0,0.05,9.0,1.0000890890176035,0.0,20.0,5.0,10.0,0.0,0.0,0.0,0.0,0.0,0.0,0.5,10.000890890176034,,Burnley,Wolves,2026-05-24T15:00:00Z,38,1.6918118
233,Jean-Clair Todibo,2.0,1,1.4873748164371934,1.4101831854236713,1.3542056928734252,1.3172760593840596,0.7915192984902504,1.0407607451397949,1.3223124000649034,1.5182899044580005,,340.0,,307.0,188.0,1817.0,43.0,,2.0,0.1,382.0,0.9107868180919828,1.0951527852122245,1.16085576712912,1.203309571343217,1.3152548847855938,1.4094199807491106,1.5375319051139422,1.6147602101157532,0.0056629275583336,5.455994182896096,1.0495751357351444,1.9815739848544105,0.0,1.2454303830283333,0.0,1.0609211128362288,0.0137560014145479,0.0064521082455182,1.1844832069256592,64.26100845414592,2.2035493677622036,0.0203322353235903,6.815821115261136,1.8466064748122577,2.1144357316533244,0.0,1.367702591558693,0.0,1.1572441017896216,0.0149673298982517,0.0091356190320337,1.3230123422836837,72.75592378223716,2.330672113468205,0.0317715319869104,7.408528156241015,2.130155482750801,2.087308317251795,0.0,1.4231880857628232,0.0,1.1936426831763438,0.0140634875003862,0.0095427097988551,1.3457264717770203,75.15770719083275,2.3547045083242244,0.0377735801963983,7.668760183182336,2.143302003741547,2.050315776335683,0.0,1.4237403654905858,0.0,1.2070556621980146,0.0131928612328728,0.0088640137572528,1.3219611235728097,74.68557191688929,2.34485376174702,1.0,393.0,103.7,100.0,0.0,70.0,0.0,61.0,0.6099999999999999,0.3799999999999998,63.59,3641.0,115.88445976958198,0.0247184839329854,9.71436418566328,2.56330678385059,2.4718483932985444,0.0,1.7302938753089812,0.0,1.507827519912112,0.0150782751991211,0.0093930238945344,1.571848393298544,2.86448815689711,0.0,West Ham,Leeds United,2026-05-24T15:00:00Z,38,2.1609929
234,Jean-Philippe Mateta,4.0,1,1.5307612174333038,1.704751939684622,1.7738301193564938,1.7869121026055728,0.4657699536268272,0.6514597285203065,0.7347335178883116,0.7858168606284246,,231.0,,58.0,110.0,2197.0,76.0,2.0,3.5,8.4,18.0,0.8536648314803988,0.9633492160206902,1.1009359698913324,1.2156295095884035,1.959796680245826,1.6478487045487895,1.45378389198278,1.3520910246488829,0.0,8.869267762169832,5.3554706232936065,3.2814942723976337,0.2569667537246093,1.0537164827733854,0.0,12.362419174383463,0.2218624280754339,0.0179689684514691,0.8334619388768723,45.35722928025852,2.4023222964510555,0.0,10.385664284139438,5.467519788919765,3.4337055778475265,0.2983770240271933,1.0430566087591102,0.0,17.553424731852985,0.3049857808325051,0.0294191408098798,0.9040831588150904,56.30997052173817,3.0749503406043677,0.0,12.601989579738886,6.586742157939266,3.741265580671852,0.3549301080045898,1.0295342946302932,0.0,21.953527858793493,0.3796904169935706,0.0409195644726974,0.9559785382594772,65.0002010559686,3.66846233376186,0.0,14.065587568707464,7.853114642072427,3.9802145873328145,0.3901954372768794,1.0279694277296476,0.0,23.690665055073453,0.396403331732897,0.0464489529041586,0.9991522710448064,67.75215098451426,3.8676296901787417,0.0,1741.0,1077.7,487.0,47.0,126.0,0.0,2946.0,42.559999999999995,5.939999999999999,137.5,7971.0,445.0847983587694,0.0,19.657508468197214,12.168234851336097,5.498682724877682,0.5306736921339857,1.4226571321038766,0.0,33.263078660143016,0.4805419646217537,0.0670681219420398,1.552502822732405,5.0254211331438015,1.1043233082706767,Crystal Palace,Arsenal,2026-05-24T15:00:00Z,38,3.1165614
235,Jean-Ricner Bellegarde,3.0,0,0.7880939941043962,0.88089881267518,0.9708858168980458,1.0216470235091468,1.9916444456516489,2.0329944594527656,2.001641049126402,1.9158268090481736,3.0,189.0,4.0,282.0,308.0,1239.0,51.0,,1.7,0.0,237.0,0.5892227469066972,0.7076212761886956,0.7867373521018872,0.8837968096905914,1.9445521292894057,1.788732804211168,1.7328812565570086,1.710429327457707,0.0821683385651155,7.948450630850307,9.912590299375166,1.680185439720529,0.0137776254602478,0.9234793168496116,0.0,3.1268534055095945,0.017593074885832,0.0460982236851572,0.9256323991138828,43.591411360515465,1.6003043110124042,0.0701419273657852,8.504416990536109,9.340379163329676,1.8213285632406904,0.0301794587585183,0.99210978562876,0.0,4.599239684620562,0.0312926705783842,0.0461805273848133,0.9412967014375748,47.177621943516975,1.7231741507351148,0.0552972487015202,8.74205151582604,9.529406114177569,1.9662712890375351,0.0388931139833417,1.01683505372893,0.0,5.333488125534011,0.0388427044865564,0.0513033210896327,0.8983378632634837,47.63390921722067,1.826151993301934,0.0468474685618545,8.667750884488761,9.746657288558298,2.0719434859582124,0.0464357442971711,1.0174599086683405,0.0,5.706893988863857,0.0426281333215957,0.05479571179091,0.8867636606642323,47.21662933164522,1.8752373034410388,1.0,690.0,803.2,179.0,5.0,85.0,0.0,508.0,3.849999999999999,4.56,76.21000000000001,3853.0,156.27536802756967,0.0233584220088242,16.117311186088763,18.761484557487673,4.181157539579549,0.1167921100441214,1.9854658707500648,0.0,11.86607838048274,0.0899299247339735,0.1065144043602387,1.7801453412924997,3.650345995972299,1.298701298701299,Wolves,Burnley,2026-05-24T15:00:00Z,38,2.0754025
236,Jefferson Lerma Solís,3.0,1,1.5307612174333038,1.704751939684622,1.7738301193564938,1.7869121026055728,0.4657699536268272,0.6514597285203065,0.7347335178883116,0.7858168606284246,,206.0,,234.0,261.0,1632.0,49.0,,2.2,0.1,154.0,0.8536648314803988,0.9633492160206902,1.1009359698913324,1.2156295095884035,1.959796680245826,1.6478487045487895,1.45378389198278,1.3520910246488829,0.1381829966790794,9.95696347966015,5.443578148866499,1.9608453930325525,5.218451498243902e-08,1.3426856225967227,0.0,6.5130325243600735,0.0683350912877871,0.0419363229943009,1.0995610562456422,60.65831032840005,1.901465056213339,0.1749195803420152,10.782001152753631,6.511869317602462,2.2362838189403047,9.60692087114558e-05,1.1750123120633509,0.0,7.989738142410201,0.0709990944286101,0.0482928980087243,0.9913561874813068,63.26070041848017,2.188118291868938,0.177210866038488,10.821781578656498,6.8860487896396645,2.233337568361402,0.0028913001323652,1.0907310483029384,0.0,7.856378208355776,0.062475585318786,0.0483554298892366,0.9177007764405354,62.65249391002733,2.23566809814056,0.1733722459196607,11.104657143941496,7.54104886563313,2.2033057488058327,0.0129130786669061,1.1405148027195728,0.0,7.762249646383818,0.0593442038750626,0.050213961129655,0.9417896957380192,64.61278372140123,2.270128648446705,5.0,1176.0,892.5,220.0,4.0,129.0,0.0,798.0,6.139999999999999,5.499999999999998,103.96,6837.0,229.21758452187532,0.0658183413777972,15.48047389205792,11.748573935936816,2.89600702062308,0.0526546731022378,1.6981132075471697,0.0,10.504607283896446,0.080824923211935,0.0724001755155769,1.368494953927161,3.0173442455709787,0.6514657980456028,Crystal Palace,Arsenal,2026-05-24T15:00:00Z,38,1.8395967
237,Jenson Seelt,2.0,1,1.0573950106173575,1.221091675632897,1.4163659335031855,1.5678551940989556,1.7569017770351965,1.6540987203742674,1.4778527368431342,1.381497105747743,,238.0,,198.0,104.0,133.0,40.0,,1.0,0.3,356.0,3.0,3.0,3.0,3.0,0.0,0.0,0.0,0.0,0.0,5.444444444444445,1.2666666666666666,1.0,0.0,1.1111111111111112,0.0,0.0,0.0,0.0055555555555555,0.7011111111111111,68.11111111111111,1.5763213705997057,0.0,5.473684210526316,1.231578947368421,1.0,0.0,1.0526315789473684,0.0,0.0,0.0,0.0052631578947368,0.6821052631578948,67.26315789473685,1.546007939803536,0.0,5.487179487179487,1.2153846153846153,1.0,0.0,1.0256410256410258,0.0,0.0,0.0,0.0051282051282051,0.6733333333333333,66.87179487179488,1.532017125589919,0.0,5.493670886075949,1.2075949367088603,1.0,0.0,1.0126582278481011,0.0,0.0,0.0,0.0050632911392405,0.6691139240506329,66.68354430379746,1.5252873668542553,0.0,11.0,2.4,2.0,0.0,2.0,0.0,0.0,0.0,0.01,1.33,133.0,3.037451704173966,0.0,7.443609022556391,1.6240601503759395,1.3533834586466165,0.0,1.3533834586466165,0.0,0.0,0.0,0.006766917293233,0.9,2.055418446433511,,Sunderland,Chelsea,2026-05-24T15:00:00Z,38,2.299586
238,Jeremie Frimpong,2.0,1,1.3398971820673846,1.3739348418074238,1.4343213778237405,1.471195734191458,1.5252828948975592,1.3982776425588164,1.364558433783409,1.3824857175755458,,173.0,,276.0,358.0,1016.0,57.0,,3.1,5.0,193.0,1.9936037888568376,1.8487346693684483,1.8179707758686527,1.9049296668018745,1.4613386623169435,1.3452813156351269,1.299395086616138,1.2461765254976718,0.067512541093646,7.077970591699193,9.654694980310373,2.4187278936560364,0.0,0.898675412178161,0.0,11.46484283362008,0.0206792800787705,0.0461393277015462,0.8292938079121036,58.87685639233449,2.6197005482198317,0.1477249489330712,9.702919280962734,11.049222133302944,2.8373782493232915,0.0,0.773927499052661,0.0,10.058816511661668,0.0230396898604089,0.0604883943099206,0.7225375578935339,55.35736681578667,2.703033584880468,0.1989014065183456,10.781334246823697,11.419129726190812,3.0020597338325867,0.0,0.7107205113939747,0.0,9.527053262676466,0.0242318867926692,0.0675016775069316,0.6694632361046824,53.2521889781238,2.7097975952350635,0.224899991751714,11.191055626528568,11.468442703951604,3.060400616592079,0.0,0.6799086235094328,0.0,9.301389173066454,0.0246814315483413,0.0704989247726854,0.6455020075099624,52.06650870875499,2.696364601832818,5.0,230.0,228.4,62.0,0.0,13.0,0.0,182.0,0.5,1.46,12.48,1016.0,53.40657620753449,0.4429133858267716,20.374015748031496,20.23228346456693,5.4921259842519685,0.0,1.1515748031496065,0.0,16.122047244094485,0.0442913385826771,0.1293307086614173,1.1055118110236222,4.730897498698922,0.0,Liverpool,Brentford,2026-05-24T15:00:00Z,38,2.7404535
239,Jesse Derry,3.0,0,1.2993027530090575,1.1556816927460971,1.0987727083015113,1.0838528074355682,1.4810645035741192,1.4785520139318924,1.401222411431172,1.340576268058851,,449.0,,471.0,486.0,45.0,45.0,,1.0,0.0,380.0,0.7214746301120257,1.1661065509336637,1.4273113043316032,1.5857547998058985,1.9783237832718672,1.6750325382374844,1.452080490667214,1.360246695243046,0.0,5.0,6.4,1.0,0.0,2.0,0.0,25.0,0.1,0.02,1.09,45.0,1.5602566526347943,0.0,5.0,6.4,1.0,0.0,2.0,0.0,25.0,0.1,0.02,1.09,45.0,1.5602566526347943,0.0,5.0,6.4,1.0,0.0,2.0,0.0,25.0,0.1,0.02,1.09,45.0,1.5602566526347943,0.0,5.0,6.4,1.0,0.0,2.0,0.0,25.0,0.1,0.02,1.09,45.0,1.5602566526347943,0.0,5.0,6.4,1.0,0.0,2.0,0.0,25.0,0.1,0.02,1.09,45.0,1.5602566526347943,0.0,10.0,12.8,2.0,0.0,4.0,0.0,50.0,0.2,0.04,2.18,3.120513305269589,0.0,Chelsea,Sunderland,2026-05-24T15:00:00Z,38,1.7383897
240,Jhon Arias,3.0,0,0.7880939941043962,0.88089881267518,0.9708858168980458,1.0216470235091468,1.9916444456516489,2.0329944594527656,2.001641049126402,1.9158268090481736,1.0,127.0,1.0,201.0,259.0,1117.0,49.0,,2.0,0.2,153.0,0.7010404537631426,0.7424095193306793,0.8319049328317972,0.9338678977859884,1.3078971795585832,1.5507931019957086,1.6539913287336838,1.6786541040006226,0.0,6.305286126186463,4.559110006069916,1.9533260337433425,0.0824064417732532,0.8974650925397585,0.0,3.934507109753125,0.0845266941275345,0.0182538406526226,0.6633831051064693,38.902623072247685,2.120099288247461,0.0,7.091667189035529,6.247171365621166,2.0259597745610587,0.071990470886738,0.8833123619667033,0.0,5.111359182439968,0.122972073127869,0.0223764237369296,0.6741367487798835,44.227520145318586,2.441832115669732,0.0,7.39814767215066,7.499458619838329,2.005464814584885,0.0587969628259191,0.894004714058918,0.0,5.798879776826106,0.1387381206891241,0.0247423765470407,0.6854380496893673,46.71019000164668,2.5538184607621868,0.0,7.517456241563948,8.185019404883427,1.9837288773131303,0.0511838277280786,0.9027542704431184,0.0,6.130625688023533,0.1439621526376778,0.0258943698179215,0.6909269315905096,47.74024838844372,2.5869145333072208,0.0,175.0,204.0,45.0,1.0,21.0,0.0,148.0,3.38,0.62,16.0,1117.0,59.85703282774827,0.0,14.100268576544316,16.436884512085943,3.6257833482542527,0.0805729632945389,1.6920322291853178,0.0,11.924798567591765,0.2723366159355416,0.0499552372426141,1.2891674127126231,4.822858508950174,0.2958579881656805,Wolves,Burnley,2026-05-24T15:00:00Z,38,2.7333763
241,Joachim Andersen,2.0,1,1.6620557277442751,1.5440588498851775,1.534118610447418,1.5880412252299128,1.3077202764151454,1.442787751239562,1.4348180560487755,1.3914490500458117,,261.0,,114.0,23.0,2882.0,45.0,,3.7,4.0,231.0,0.7466843216943071,1.017306753358098,1.1715370117059984,1.2378330494962144,1.2711345253221396,1.305460515817482,1.3540808944471718,1.387795196022857,0.017190765125865,10.576820376311316,3.2394246090270866,3.4219878558365378,2.1908146253635328e-10,1.2709795888842566,0.0,3.68769340918119,0.0345397410787381,0.0317614977266465,1.4091478484653794,82.16295985548619,3.662643705086454,0.0323817580780675,11.76768821260644,3.6639877941094503,3.540278622037762,8.331048743652603e-06,1.325365262239647,0.0,4.300533470213052,0.0405224892728456,0.0375237604792287,1.4366929992482362,85.74094370292256,3.9265118938381223,0.0348540535423542,12.218195391095108,3.920834202110868,3.335648870603064,0.0007756456917627,1.3849407129842468,0.0,4.65763611985138,0.0419790075619948,0.0413478152978493,1.3993433352864126,87.26236395808371,3.922686823727601,0.033413025778121,13.265623345873246,4.427345617112032,3.086087535261782,0.0053188451632192,1.4371389452676888,0.0,5.006880746387779,0.0406386273855751,0.0423227142633028,1.3552093601886417,87.85656437977977,3.7747016689551542,1.0,2548.0,861.4000000000001,421.0,3.0,226.0,0.0,872.0,5.299999999999999,5.799999999999998,194.18,12949.0,512.8649999687731,0.0069503436558807,17.709475635184184,5.98702602517569,2.926094679125801,0.0208510309676422,1.5707776662290525,0.0,6.060699667928025,0.036836821376168,0.0403119932041084,1.3496177310989266,3.5645879988562497,0.5660377358490567,Fulham,Newcastle Utd,2026-05-24T15:00:00Z,38,3.10196
242,Joe Gomez,2.0,1,1.3398971820673846,1.3739348418074238,1.4343213778237405,1.471195734191458,1.5252828948975592,1.3982776425588164,1.364558433783409,1.3824857175755458,,329.0,,386.0,368.0,593.0,49.0,,1.6,0.1,371.0,1.7948830310854702,1.7638612024277347,1.777071859288577,1.882232119440549,1.369070929853555,1.3107531840700402,1.284425194007207,1.240001898284402,0.021023150184388,1.8744929859969224,2.7043726014610043,0.7598273031757413,0.0,0.8371844860375913,0.0,1.4649425216626195,0.0139196628939112,0.01334935792705,0.5061584169789243,34.73895167107008,1.1266621717362142,0.0555905840990649,4.084297020718246,3.771819880669977,1.204276915661537,0.0,0.8115526641661616,0.0,1.8363410991848843,0.0147104724639683,0.0208903896538513,0.5238556188619787,35.148671279970266,1.477633613536833,0.0782251982365347,6.647730455842941,5.431256899963116,1.5730384773644968,0.0,0.7976274180096902,0.0,2.6580838315877857,0.0196073410464229,0.0260392904211428,0.5656055717153092,38.52014624038846,1.8016826922569231,0.0894774060979757,8.383154091681522,6.727105999215634,1.7914394116608474,0.0,0.7753522881942193,0.0,3.215547026952145,0.023556311129178,0.0281027855900038,0.6035332677552493,41.50035188603927,1.9965379183261969,2.0,564.0,454.6,112.0,0.0,41.0,0.0,208.0,1.5499999999999994,1.6299999999999994,36.24999999999999,2515.0,121.81613011078583,0.0715705765407554,20.182902584493043,16.26799204771372,4.007952286282307,0.0,1.4671968190854872,0.0,7.443339960238569,0.0554671968190854,0.0583300198807156,1.2972166998011925,4.359225331996313,0.0,Liverpool,Brentford,2026-05-24T15:00:00Z,38,1.8245248
243,Joe Knight,3.0,1,1.840832047565444,1.809043192946828,1.7503560523911208,1.6644300751948404,1.22773277493323,1.230558127920629,1.293397159421104,1.3794963287296922,,644.0,,651.0,650.0,1.0,45.0,,1.0,0.1,625.0,1.762636239900763,1.6748391389631525,1.603442310198164,1.570402702815339,1.869461537490808,1.6540549655741057,1.537646571454545,1.4721590521404917,0.0,3.0,0.0,1.0,0.0,0.0,0.0,0.0,0.0,0.0,0.0,1.0,1.0001266121134065,0.0,3.0,0.0,1.0,0.0,0.0,0.0,0.0,0.0,0.0,0.0,1.0,1.0001266121134065,0.0,3.0,0.0,1.0,0.0,0.0,0.0,0.0,0.0,0.0,0.0,1.0,1.0001266121134065,0.0,3.0,0.0,1.0,0.0,0.0,0.0,0.0,0.0,0.0,0.0,1.0,1.0001266121134065,0.0,3.0,0.0,1.0,0.0,0.0,0.0,0.0,0.0,0.0,0.0,1.0,1.0001266121134065,0.0,270.0,0.0,90.0,0.0,0.0,0.0,0.0,0.0,0.0,0.0,90.01139509020656,,Brighton,Manchester Utd,2026-05-24T15:00:00Z,38,1.4536698
244,Joe Rodon,2.0,0,0.9286294544735864,1.0856375066906117,1.1528129081947445,1.198210556571093,1.6522039078284754,1.568477982680725,1.610655951538412,1.6495020971055678,,271.0,,124.0,51.0,2862.0,39.0,,3.2,2.9,139.0,1.609218520546492,1.4557591011541449,1.3728565942724111,1.3255979439912915,0.9893991231128136,1.1564008437632494,1.3919395085176185,1.558113373678318,0.0,11.665984499704605,7.863490984928445,3.0625127394571385,0.0011424747089692,0.7876596670726624,0.0,9.08826517202501,0.035459105680334,0.0314632399950077,1.3882940415703768,77.61634129309685,3.8842580534454623,0.0,10.941774502133512,5.5722918104590615,3.0286555584924657,0.0125107300839366,1.0559734646541876,0.0,7.348210428961097,0.0353744417139952,0.0259091498428417,1.3315132613605003,78.99163062602996,3.708884628912472,0.0,10.96787245329531,4.211353639713141,3.0027872844641292,0.0284482821856737,1.253802282417355,0.0,6.448441267678536,0.0346922057275018,0.0198032746201306,1.349615638038311,79.84358101170474,3.516471292315934,0.0,11.250769158712108,3.516123119237697,2.984290669663427,0.0371828919699515,1.332373339090119,0.0,5.96012131289692,0.0331875365082672,0.0160066952505291,1.3617187112736824,79.4463951965887,3.3822815512017597,0.0,538.0,131.2,136.0,2.0,63.0,0.0,248.0,1.4,0.56,62.92999999999999,3590.0,148.61306534360773,0.0,13.487465181058496,3.289136490250696,3.4094707520891365,0.0501392757660167,1.5793871866295266,0.0,6.217270194986073,0.0350974930362117,0.0140389972144846,1.5776323119777156,3.725675732848104,1.4285714285714286,Leeds United,West Ham,2026-05-24T15:00:00Z,38,3.3727782
245,Joe Willock,3.0,0,0.6778779658843567,0.924018470010329,1.1073081949231147,1.2014107865787766,1.1735260962061695,1.2474230176816807,1.319555879612648,1.3684865116798042,,202.0,,297.0,365.0,882.0,50.0,,1.6,0.1,205.0,1.3275696596803437,1.3822876109761566,1.4569662457029895,1.5517182423639602,1.3846503455189316,1.4919863902684225,1.457703428287506,1.4015191720577116,0.2835940437587346,10.3991370534306,15.65030405302404,2.266495438944944,4.069328196405918e-07,0.9034582470361968,0.0,14.961803732897716,0.0629661127049485,0.1075631596334074,0.8687292781719763,52.45095010103448,2.2021631999050024,0.1817153160120818,8.03958788494665,11.90479737639703,1.844881716867512,0.0002860118122169,0.8268343956009693,0.0,11.438589140364106,0.0572270549432729,0.0711872752419157,0.7933428442686951,46.15430339284784,1.9265885146143105,0.1309842085664144,6.775206652311583,10.051620545544935,1.6496780503169357,0.0042080698200358,0.7439383091016404,0.0,9.408419063877894,0.056840006129183,0.0516814947147511,0.6925477212305937,41.04345182629786,1.802584963350776,0.1078226609569707,6.690799827123787,9.973182651111433,1.6245284318814197,0.0124683793875629,0.7220121666254979,0.0,9.25542833362852,0.0604072871674975,0.0466850826930242,0.646623461134645,39.32543230934373,1.8101207287902328,2.0,523.0,770.3,119.0,2.0,52.0,0.0,732.0,4.8599999999999985,3.479999999999998,44.21,2771.0,132.87578040305573,0.064958498736918,16.986647419704077,25.018765788523996,3.865030674846626,0.064958498736918,1.68892096715987,0.0,23.774810537712018,0.1578491519307109,0.1130277878022374,1.4359076145795742,4.315705606739449,0.4115226337448561,Newcastle Utd,Fulham,2026-05-24T15:00:00Z,38,2.2612543
246,Joe Worrall,2.0,1,0.6713781975253578,0.7368591485710255,0.7974005780690301,0.886711191832273,1.7556417034315248,1.7098595237868155,1.6962368721663368,1.692611722456014,,463.0,,388.0,315.0,496.0,38.0,,1.8,0.2,385.0,1.2263369208836392,1.164187970500853,1.1355576955050586,1.110642429159342,2.200639519999319,2.0840708534931074,2.001527327077107,1.8959364270068024,0.0,4.510653965285421,0.2840739307835166,2.06121905691417,0.0006053997204995,1.1630678092749611,0.0,2.5994794352917734,0.0117317161636769,0.0030379850975045,1.223837940991631,53.7872281755028,1.981098173340748,0.0,5.938622333483202,0.8034651684311227,1.980618440467461,0.0067804498011111,1.1791119723695518,0.0,2.7461834002063403,0.0144005813353394,0.0081442106604926,1.2280837300359906,55.0046615185503,2.0768112902048315,0.0,7.362795550502692,1.333503315245786,1.9495041907473731,0.0170218443308744,1.2567826432721083,0.0,3.2747569178564184,0.0189581064339962,0.0118448184387378,1.2902796143909747,58.12992925472408,2.1612867500706856,0.0,8.21577376000514,1.6589321217428987,1.9399836680016076,0.0248861419960259,1.325648190145533,0.0,3.685273636307155,0.0221305300565935,0.0135774068463939,1.344332441570125,60.567217318938475,2.213953981815557,0.0,264.0,58.099999999999994,58.0,1.0,41.0,0.0,121.0,0.7699999999999998,0.45,42.35,1903.0,65.8120276978592,0.0,12.485549132947977,2.747766684182869,2.743037309511298,0.047293746715712,1.9390436153441932,0.0,5.722543352601155,0.0364161849710982,0.0212821860220704,2.0028901734104045,3.1124973687899775,1.2987012987012991,Burnley,Wolves,2026-05-24T15:00:00Z,38,2.119476
247,Joelinton Cássio Apolinário de Lira,3.0,0,0.6778779658843567,0.924018470010329,1.1073081949231147,1.2014107865787766,1.1735260962061695,1.2474230176816807,1.319555879612648,1.3684865116798042,,136.0,,149.0,220.0,1950.0,59.0,,2.7,0.3,93.0,1.4094620746004292,1.4247640121978808,1.4810173345945978,1.5659125237330225,1.4808129318986645,1.5466515447454603,1.4817933166397663,1.411849220378826,0.0525558723019965,9.90699689383279,11.731268537346066,2.4478207229794577,0.0353842728240944,1.077780151908219,0.0,8.815015529960952,0.0931944457602958,0.0595304920406545,1.354229055622168,77.8696243489289,3.018827895392072,0.0564252111911036,10.983831930041369,11.440243860149227,2.6475921508974705,0.0701102401763461,1.0549084127392854,0.0,11.042426230551666,0.096787306632529,0.0533482477444548,1.2228894561905823,74.5172121328182,2.9915586830178063,0.0490286197018348,11.828887250870936,11.875979697572523,2.779463812284364,0.0959620522511418,1.067465277461296,0.0,13.04985574181629,0.1044127709631719,0.0544101016780934,1.1415853149903512,74.34036379636306,3.0073745957997,0.0433703020575618,12.52621119307626,12.71985729372667,2.768407010557889,0.1249917693039699,1.163718412584453,0.0,15.321831337640756,0.1158715525432375,0.0563753834134012,1.1575140649689393,74.27370884680568,2.9622253196043555,1.0,1621.0,1681.1,332.0,20.0,172.0,0.0,2405.0,17.41,7.599999999999998,162.32999999999998,9179.0,357.02254665384964,0.0098049896502887,15.893888223117989,16.483168101100336,3.2552565638958493,0.196099793005774,1.6864582198496567,0.0,23.58100010894433,0.1707048698115263,0.0745179213421941,1.591643969931365,3.5006023748607116,1.1487650775416427,Newcastle Utd,Fulham,2026-05-24T15:00:00Z,38,3.040503
248,John McGinn,3.0,0,2.0877065823215184,2.0313064824181177,1.9983975655290631,1.9899321472113032,0.7760600908270671,0.8320655962724971,0.902284812718804,0.9638814197680602,4.0,34.0,6.0,74.0,145.0,2132.0,53.0,,3.5,0.7,107.0,1.424659845595926,1.3770523245396504,1.3994154522796445,1.4275718895734348,1.7410900299291667,1.5638149433821844,1.4245896822370918,1.376900592278413,0.2822100938497469,19.98203550794349,27.752766142638144,4.41229354455481,0.3204848591245716,1.0899672974057022,0.0,16.848659848844186,0.0859849473660696,0.2577603967362019,1.0668794583725727,76.21909608236629,3.485501600497989,0.2200371903855841,17.461326107150317,23.983777950739945,4.009581005928748,0.2480632540314027,1.0377708178314755,0.0,13.934964004290634,0.1003894972057707,0.1980713753032816,1.075252740091177,72.67904406623259,3.448744084775994,0.1800794316205408,15.581978854533292,21.28680809657684,3.554730794797367,0.1814831132171629,1.0492037426290295,0.0,11.617436286742503,0.1028200720109994,0.1518095880521648,1.079933284438856,71.21091194461046,3.2824482424791612,0.1589434339678641,14.878520615712208,20.459081802255408,3.2613221464683333,0.1421581806130144,1.1508308842313768,0.0,10.656637212295884,0.1023471031921793,0.1295497205366293,1.1053958918800988,72.7232972711465,3.17259209655721,4.0,2215.0,3059.0,450.0,17.0,193.0,0.0,1551.0,13.269999999999998,16.449999999999996,166.03,11215.0,440.25132689489,0.0320998662505572,17.775300936246097,24.54837271511369,3.611234953187695,0.1364244315648685,1.5488185465893891,0.0,12.446723138653589,0.1064913062862237,0.1320106999554168,1.3323851983950066,3.5330021774890863,1.2810851544837982,Aston Villa,Manchester City,2026-05-24T15:00:00Z,38,2.8689
249,John Stones,2.0,1,1.939727876476741,1.639347092096446,1.5294458207117694,1.492088522256452,1.7928720239433336,1.6074334490457554,1.4533604505952842,1.39252795828722,,408.0,,425.0,400.0,359.0,54.0,,1.6,0.6,462.0,2.199541534877372,2.050995657307316,2.000994557693364,1.9900671433044912,0.9000938919172922,0.9037846867598018,0.9443603123998888,0.98772652802516,0.0,4.395886662942659,2.826931961219069,1.4537376253920966,0.0163685874371659,0.9493314765639344,0.0,0.76252097516753,0.0059913390058446,0.0065523240463257,0.5095587224736726,36.36688498828476,1.866777106054755,0.0,7.504945422458427,3.8772368012293126,2.0886119252284723,0.0577267090848605,0.9730083514332082,0.0,2.468199121467926,0.0247355230102746,0.011252002223522,0.6017801212894961,47.143055892921225,2.343246254740849,0.0,11.666300581544316,4.843574422587956,2.768973898075674,0.0962593241551216,0.8991595757491324,0.0,4.446102216639534,0.0408874961198529,0.0140730420165352,0.6337716005504356,55.31558455916385,2.802528406648696,0.0,15.59986685931085,5.395460239927143,3.28239560180702,0.1225671651623741,0.8444301373763082,0.0,5.984977303112999,0.0484902956818604,0.0146200936132353,0.6414171573881245,60.8947862221305,3.1606916207797755,0.0,1228.0,345.90000000000003,232.0,9.0,47.0,0.0,461.0,3.24,0.8499999999999995,38.62,4026.0,211.48462545552889,0.0,27.45156482861401,7.732488822652757,5.186289120715351,0.2011922503725782,1.0506706408345752,0.0,10.305514157973176,0.0724292101341281,0.0190014903129657,0.8633383010432191,4.7276741905110775,2.777777777777778,Manchester City,Aston Villa,2026-05-24T15:00:00Z,38,2.0570831
250,John Victor Maciel Furtado,1.0,1,1.5322076893718972,1.5176230765891512,1.5246329989409293,1.5307653860088308,0.8043382958227075,1.0216501233696416,1.230935744218627,1.342933417719982,,534.0,,410.0,365.0,437.0,40.0,,2.2,0.5,499.0,0.853698818398297,0.956762796982248,1.0344239990826072,1.104557422221152,1.4943901443544405,1.4980614209846148,1.4843846899152122,1.4558028813380437,0.0,3.9309852451213727,0.0,1.7996192289386006,0.0,1.901475487862922,1.2284626368396003,0.0,0.0,0.0,1.3068681580199903,86.13279390766301,2.5810758067420183,0.0,5.199970696686284,0.0,1.998876706307538,0.0,1.7457449146540989,1.2175771043442165,0.0,0.0,0.0,1.2674935899001245,86.82547434739077,2.785648776813286,0.0,5.809722600189805,0.0,2.099604780211658,0.0,1.6714716515103585,1.2094485295641255,0.0,0.0,0.0,1.2469052121768032,87.12667892432806,2.886779979377162,0.0,6.107401393961677,0.0,2.1498877979362505,0.0,1.6353716687715243,1.204868657101081,0.0,0.0,0.0,1.236480091125011,87.26670959881817,2.936771690143639,0.0,32.0,0.0,11.0,0.0,8.0,6.0,0.0,0.0,0.0,6.13,437.0,14.93145647477064,0.0,6.590389016018307,0.0,2.265446224256293,0.0,1.647597254004577,1.2356979405034323,0.0,0.0,0.0,1.262471395881007,3.0751283357651205,,Nottingham Forest,Bournemouth,2026-05-24T15:00:00Z,38,2.4558036
251,Jonah Kusi-Asare,4.0,1,1.6620557277442751,1.5440588498851775,1.534118610447418,1.5880412252299128,1.3077202764151454,1.442787751239562,1.4348180560487755,1.3914490500458117,,426.0,,480.0,496.0,49.0,45.0,,0.9,0.1,429.0,0.7466843216943071,1.017306753358098,1.1715370117059984,1.2378330494962144,1.2711345253221396,1.305460515817482,1.3540808944471718,1.387795196022857,0.0,2.9721254919745386,1.108461152232714,0.8380330736463613,0.0,0.2915404674365495,0.0,0.7048800634910352,0.0,0.0070488006349103,0.1811101213132278,7.167214654767497,0.8593481162484107,0.0,2.819352999819246,1.4150778479177142,0.8447392779533033,0.0,0.2949953718887236,0.0,0.9306327679478998,0.0,0.0086775217551898,0.1710894223170228,7.075915592604299,0.8709267501233044,0.0,2.761701252423997,1.5672497745509488,0.850412399624901,0.0,0.2916958207314434,0.0,1.039521631906658,0.0,0.0093826952490276,0.1644606832339578,7.036629574751587,0.8787096632773962,0.0,2.7368195152473804,1.6415830246958931,0.8536675193598166,0.0,0.289006649264362,0.0,1.0919924181073075,0.0,0.009702735179998,0.1608706208303535,7.0180605793012365,0.8829222996276691,0.0,19.0,12.0,6.0,0.0,2.0,0.0,8.0,0.0,0.07,1.1,49.0,6.2110089476229735,0.0,34.89795918367347,22.04081632653061,11.020408163265303,0.0,3.6734693877551017,0.0,14.693877551020408,0.0,0.1285714285714286,2.0204081632653064,11.407975618083013,,Fulham,Newcastle Utd,2026-05-24T15:00:00Z,38,1.5350106
252,Jordan Henderson,3.0,0,1.8359064248683763,1.78747508218593,1.7882183641372678,1.8851857440962256,1.8952567438828445,1.5796778656740686,1.420205125806682,1.3092227962416565,,109.0,,222.0,222.0,1852.0,50.0,,2.5,0.3,344.0,1.1748714775842306,1.3043720462789254,1.4045468873177778,1.4575194754261969,1.4066036186219488,1.3314196026761185,1.3311119711831043,1.3665151862017706,0.0048468287336837,7.3430927654486755,7.918529541970938,1.79713263068134,0.007042454024686,0.5767509844348401,0.0,1.220915947664525,0.0019114062356363,0.0392201183596644,0.625014361130505,46.246140462586126,1.8977714544771735,0.0291141826387873,8.65868925693418,9.059656524291812,2.0204156598413605,0.0213212163661178,0.6812724658805,0.0,1.3480291113553564,0.0061330113375305,0.0548346259963188,0.732430031514182,50.658512728403146,2.045333314485223,0.0580929476118804,9.738783282683372,10.18984958051418,2.2282382806519765,0.0287298666190606,0.7652325378256887,0.0,1.4885758912194864,0.0087248503324683,0.0649938864825277,0.7941948591741524,55.10281114949684,2.1708837260324447,0.076764587504529,10.336467730027469,10.813229387520348,2.3488857104553484,0.0307996730641412,0.8078006995978091,0.0,1.5505896468728382,0.0097080650236093,0.0690325007750162,0.8226427087427972,57.85061514686253,2.2399857333079582,3.0,349.0,364.4,79.0,1.0,27.0,0.0,51.0,0.33,2.29,27.07,1942.0,73.75486731167986,0.1390319258496395,16.1740473738414,16.887744593202882,3.6611740473738417,0.0463439752832131,1.251287332646756,0.0,2.363542739443872,0.0152935118434603,0.1061277033985582,1.2545314109165808,3.4180937477091593,3.0303030303030303,Brentford,Liverpool,2026-05-24T15:00:00Z,38,1.849708
253,Jordan Pickford,1.0,0,1.102564633914661,1.101499110685907,1.1983079937381895,1.3460357492674346,1.514817248864682,1.6447311599706276,1.6535870072693977,1.6169812358281417,,410.0,,170.0,14.0,3330.0,56.0,,3.6,13.0,464.0,1.7853839932665585,1.561905201609496,1.3826261767690258,1.2858406600181125,1.8345610229389568,1.547627383252877,1.3723106230104325,1.326665252713866,0.0,8.752881857378108,2.111257001343849,2.0028256858046283,0.0,2.067583048848333,2.3680764742086993,0.0343597383680202,0.0,0.0033262197441699,1.543487449529764,90.0,2.837019198873896,0.0,11.361462907241938,1.4861167193288356,2.643571337371,0.0,1.691828971190419,2.570686776330359,0.0627621463033091,0.0,0.0036273399058691,1.5263397400020422,90.0,3.508702924579674,0.0,13.826071066232814,0.9523518005798356,3.2869463544519744,0.0,1.4554158001359312,2.801329359900185,0.0569054221318097,0.0,0.0043414474546367,1.4742201878180368,90.0,4.022869199148457,0.0,15.845597590508785,0.7344996284230926,3.6911166881396458,0.0,1.386956992842621,3.037073558429005,0.0386378217737004,0.0,0.0053297860300447,1.4425176395455863,90.0,4.208107905154871,0.0,2927.0,117.0,590.0,0.0,238.0,528.0,2.0,0.0,0.9499999999999982,228.33,14130.0,638.4493047679321,0.0,18.643312101910823,0.7452229299363057,3.7579617834394905,0.0,1.515923566878981,3.363057324840764,0.0127388535031847,0.0,0.0060509554140127,1.4543312101910828,4.066556081324408,,Everton,Tottenham,2026-05-24T15:00:00Z,38,3.8085296
254,Jorge Cuenca Barreno,2.0,1,1.6620557277442751,1.5440588498851775,1.534118610447418,1.5880412252299128,1.3077202764151454,1.442787751239562,1.4348180560487755,1.3914490500458117,,345.0,,329.0,224.0,931.0,43.0,,2.8,0.1,391.0,1.5320673089880164,1.4747171442574307,1.40490590253925,1.352856426532994,1.7287891228326504,1.6100569580268491,1.5163200489220494,1.4720891531058713,0.0,7.641995772340713,3.067022569318383,1.978302778570285,0.0,0.8021958768278681,0.0,0.8443685417734872,0.0042398747444101,0.0499071721872318,0.961703273757754,52.23674381218302,2.1792358534307583,0.0,8.830279908939538,2.9320033071448877,2.2314534616972277,0.0,0.8523541741580228,0.0,0.8791762819396477,0.0040499292898221,0.0407084580020348,1.0609303893410926,59.15669428308985,2.531990077735205,0.0,8.999998286827582,2.6428385626801973,2.253337086652734,0.0,0.8617565729876233,0.0,0.8602791835277077,0.0036607761925985,0.0328751900824153,1.0790955047451365,59.80973727759845,2.600660268874006,0.0,8.934631775979586,2.453533930027567,2.2286662383901654,0.0,0.8634922599336035,0.0,0.8418939071846572,0.0034258315154473,0.0286748750929382,1.0785942927809429,59.26775042706856,2.5950520025999135,0.0,193.0,49.4,48.0,0.0,19.0,0.0,18.0,0.07,0.54,23.58,1280.0,56.38903068606998,0.0,13.5703125,3.4734374999999997,3.375,0.0,1.3359375,0.0,1.265625,0.004921875,0.03796875,1.6579687499999998,3.964853720114295,0.0,Fulham,Newcastle Utd,2026-05-24T15:00:00Z,38,2.227729
255,Jorrel Hato,2.0,0,1.2993027530090575,1.1556816927460971,1.0987727083015113,1.0838528074355682,1.4810645035741192,1.4785520139318924,1.401222411431172,1.340576268058851,,281.0,,339.0,286.0,1088.0,46.0,,0.9,0.2,367.0,0.8217437632716966,1.134546306254829,1.3856480673125384,1.5567381638705695,1.9461272212939953,1.726776355974721,1.5030031132035966,1.391311211572286,0.0,8.309873513899646,5.845694079584278,1.3963971821896617,0.0,1.5408669509792825,0.0,1.3060507553526308,0.0043396015555471,0.0233927313651143,1.160670588973875,77.04643641195149,1.8304540820439992,0.0,6.433404197625369,5.728462801315896,1.1721049533566206,0.0,1.4303905271712147,0.0,1.46217025867914,0.008974449673352,0.0269149334980584,0.99940100846012,65.17165451086788,1.6347819199865588,0.0,5.398384805150488,5.596395812398624,1.0553080659825338,0.0,1.321416173522945,0.0,1.5448259802561033,0.0117575458943211,0.0272572193743934,0.9055372580783292,58.26397351100255,1.5117657359914003,0.0,4.899365038245373,5.501020766995946,1.0014648769096004,0.0,1.2575548209072278,0.0,1.5836260398426587,0.013084890782516,0.0268978674332696,0.8592637995324198,54.92435165165358,1.4465786220896404,0.0,93.0,113.1,20.0,0.0,25.0,0.0,34.0,0.3,0.55,17.12,1088.0,28.99187066720103,0.0,7.693014705882353,9.355698529411764,1.6544117647058825,0.0,2.0680147058823533,0.0,2.8125,0.0248161764705882,0.0454963235294117,1.4161764705882354,2.398224595632438,0.0,Chelsea,Sunderland,2026-05-24T15:00:00Z,38,1.9381493
256,Josh Acheampong,2.0,0,1.2993027530090575,1.1556816927460971,1.0987727083015113,1.0838528074355682,1.4810645035741192,1.4785520139318924,1.401222411431172,1.340576268058851,,378.0,,384.0,358.0,652.0,37.0,,2.4,1.7,324.0,0.8217437632716966,1.134546306254829,1.3856480673125384,1.5567381638705695,1.9461272212939953,1.726776355974721,1.5030031132035966,1.391311211572286,0.0,4.3235070089259535,1.9671773728332376,1.5565634322402475,0.0138718404929019,0.5863995595537055,0.0,1.0805372959599984,0.0083611357775354,0.0056460891177995,0.6631323972526824,30.294625253858975,1.7745272119980642,0.0,5.024336652132851,2.237161880861745,1.7810606112499734,0.0317129528963992,0.6784222771874525,0.0,2.34548388751062,0.0216081519333392,0.0068432942739129,0.7602344059640482,33.643938081422455,2.0294195530629024,0.0,5.558151464377897,2.2076016875548303,1.9455346504941928,0.0409712347054529,0.7256296856805323,0.0,3.095489251127613,0.0303664657005765,0.0069400862746916,0.8204226604553122,36.44104470520956,2.234960983118987,0.0,5.8173698094026545,2.147488269408336,2.0249105995499463,0.0447402407693421,0.7455934073162594,0.0,3.447272155944442,0.0348035344698371,0.006844884745273,0.847007002519145,37.896323313530225,2.3414371689906868,0.0,127.0,43.3,44.0,1.0,16.0,0.0,79.0,0.8200000000000001,0.14,18.25,825.0,51.294019251019975,0.0,13.854545454545454,4.723636363636364,4.800000000000001,0.109090909090909,1.7454545454545454,0.0,8.618181818181819,0.0894545454545454,0.0152727272727272,1.990909090909091,5.595711191020361,1.2195121951219512,Chelsea,Sunderland,2026-05-24T15:00:00Z,38,2.02032
257,Josh Cullen,3.0,1,0.6713781975253578,0.7368591485710255,0.7974005780690301,0.886711191832273,1.7556417034315248,1.7098595237868155,1.6962368721663368,1.692611722456014,1.0,79.0,,81.0,61.0,1513.0,50.0,,3.9,1.8,171.0,1.1023451283637806,1.1309326529821613,1.1374317572851342,1.1112766001334735,1.9698988087375795,2.006181352100816,1.9533494019957716,1.8468677800973925,0.1360809153732825,15.383393387843409,10.944620690022347,2.7769527323691294,0.0517834063419323,1.402864381550272,0.0,5.213446171925759,0.0570853675062128,0.080521165929274,1.509951498675791,80.14478946849772,2.8027419258224957,0.1171073933899678,16.514107299132544,12.198056546583029,3.259904623297302,0.0887871421743741,1.5721503126151664,0.0,5.514113022540745,0.054734171782007,0.0776338127469256,1.7178264525195086,82.72319817767124,3.0534719703814424,0.1113684937918273,16.74932237505111,13.7187019251562,3.366534369501149,0.101099360911471,1.664727907862015,0.0,5.369392806954374,0.0472888893900958,0.079502167052213,1.7884498187476583,83.27822366164358,3.0308201962988455,0.1104853366047471,16.58131610408207,14.474218356169017,3.3149316357068574,0.1001098313487193,1.7222627174536755,0.0,5.118656045337464,0.0417393573548623,0.0818741746141284,1.8039570799687523,83.21485367256783,2.9436572554731506,2.0,696.0,644.8,137.0,4.0,77.0,0.0,204.0,1.5299999999999998,3.649999999999999,77.68,3568.0,120.91177980558888,0.0504484304932735,17.556053811659194,16.26457399103139,3.4557174887892375,0.100896860986547,1.9422645739910311,0.0,5.145739910313901,0.0385930493273542,0.0920683856502242,1.9594170403587443,3.0499047596701234,2.6143790849673207,Burnley,Wolves,2026-05-24T15:00:00Z,38,3.5147443
258,Josh Dasilva,3.0,0,1.8359064248683763,1.78747508218593,1.7882183641372678,1.8851857440962256,1.8952567438828445,1.5796778656740686,1.420205125806682,1.3092227962416565,,431.0,,489.0,518.0,2.0,49.0,,1.0,0.0,445.0,1.1748714775842306,1.3043720462789254,1.4045468873177778,1.4575194754261969,1.4066036186219488,1.3314196026761185,1.3311119711831043,1.3665151862017706,0.0,4.336676140354669,6.351324643887619,1.0363585720022923,0.0360304238752859,0.1671811667813268,0.0,4.10038477211608,0.0191499305664454,0.0354737652426653,0.1038946007291206,8.59862536105318,1.3287263859295666,0.0,5.716104138102382,6.4725306470619834,1.0841525745894942,0.0599895385728348,0.2885496805353352,0.0,4.688548419093225,0.0139330887066513,0.0329130723380378,0.1458828422727919,12.310783478872128,1.3980699927983096,0.0,6.455450814483141,6.632543690448531,1.1168788326941248,0.0721674090393318,0.3538007228153245,0.0,4.984367545364858,0.0118067394833616,0.031405465484818,0.1663209145612079,14.40991612018422,1.4429081530092462,0.0,6.817245774768886,6.729306097177328,1.1349468759916694,0.0779242984399192,0.3857739799641252,0.0,5.122278148731798,0.0108645818123393,0.0306806777945244,0.1758031837695529,15.477251294429715,1.46692346712689,0.0,86.0,82.00000000000001,15.0,1.0,5.0,0.0,63.0,0.13,0.3899999999999998,2.4,215.0,17.898921835493486,0.0,36.0,34.32558139534884,6.27906976744186,0.4186046511627906,2.0930232558139537,0.0,26.372093023255815,0.0544186046511627,0.1632558139534883,1.0046511627906978,7.492571931136808,7.692307692307692,Brentford,Liverpool,2026-05-24T15:00:00Z,38,1.502738
259,Josh King,3.0,1,1.6620557277442751,1.5440588498851775,1.534118610447418,1.5880412252299128,1.3077202764151454,1.442787751239562,1.4348180560487755,1.3914490500458117,,212.0,,231.0,305.0,1272.0,44.0,,2.0,1.6,99.0,0.5973474573554457,0.9155760777681654,1.1129563610472974,1.2066197953055773,1.2169076202577118,1.27491446415943,1.336375701205069,1.378016534811399,0.0732841259689211,7.156340620005896,7.651127929466552,1.688782267434702,0.0524375126762348,0.2227151124160337,0.0,7.839515839705245,0.0589090273557096,0.0230865033415933,0.5252651595113833,28.160437827827273,1.5399983865329088,0.1034826994819368,7.278433303708442,6.604522418681389,1.9660651730579477,0.0540314698115987,0.3374381793922569,0.0,9.16907326115542,0.0723047157018043,0.0212256723636127,0.5096001193764386,31.83456433898186,1.7864768981019723,0.1068409048321069,6.937261046831977,6.149124077984167,1.9645782816226716,0.0425044205872715,0.4119776320665287,0.0,9.28981528481369,0.072626391881435,0.0242551331339638,0.506867420320713,34.183423059533325,1.874755665694416,0.1034354390195268,6.665773194455321,6.0148008297573545,1.9169057111730292,0.0342283429243228,0.4431153487571915,0.0,9.20741944468934,0.0708704800401437,0.0281905381159698,0.5058841587572404,35.21134733357583,1.9068457882347576,3.0,248.0,232.6,72.0,1.0,18.0,0.0,353.0,2.6599999999999997,1.32,19.569999999999997,1398.0,75.26961860255508,0.1931330472103004,15.965665236051503,14.974248927038628,4.635193133047211,0.0643776824034334,1.158798283261803,0.0,22.725321888412015,0.171244635193133,0.0849785407725322,1.259871244635193,4.845683601022859,0.3759398496240602,Fulham,Newcastle Utd,2026-05-24T15:00:00Z,38,2.0551333
260,Josh Laurent,3.0,1,0.6713781975253578,0.7368591485710255,0.7974005780690301,0.886711191832273,1.7556417034315248,1.7098595237868155,1.6962368721663368,1.692611722456014,,213.0,,265.0,242.0,1752.0,48.0,,1.7,0.0,268.0,0.9851174926304958,0.9787764719265952,1.022008359547608,1.0484439670146557,2.2395555570645613,2.1477716373262017,2.054383025950329,1.939848177190176,0.0,3.3388980795191507,4.458793784147182,1.257319988367289,0.0045064559331547,0.8886712044036821,0.0,2.3330104237474245,0.0241017053275192,0.0099611530435094,0.8660956005432984,42.65542058789796,1.3447195377621666,0.0,5.035208293127292,5.813245062482984,1.4567172104254946,0.0172089938947663,1.067139586488349,0.0,2.9304528766516356,0.0284506380188909,0.0130786936558678,1.0453818294017874,48.94778565438104,1.5618739085537952,0.0,6.129824011839858,5.981452201723192,1.608684262142382,0.0256209321143941,1.1589202656438855,0.0,3.167677938614437,0.0281937360270064,0.0139159154251384,1.1253405617539916,51.5117213030933,1.7099668141540592,0.0,6.626983237739309,5.856047366542754,1.676789487208372,0.0287040712873279,1.2026538582595228,0.0,3.2672595592882336,0.0274031251719244,0.0142072834092119,1.1593855386677725,52.44201595373244,1.7775992608383369,0.0,232.0,185.1,57.0,1.0,41.0,0.0,111.0,0.87,0.48,39.2,1752.0,60.44316896004228,0.0,11.91780821917808,9.508561643835616,2.9280821917808217,0.0513698630136986,2.106164383561644,0.0,5.702054794520548,0.0446917808219178,0.0246575342465753,2.0136986301369864,3.104957309591213,1.1494252873563218,Burnley,Wolves,2026-05-24T15:00:00Z,38,1.9782827
261,Joshua Zirkzee,4.0,0,1.518380013408859,1.456497252041452,1.4401174887917136,1.467596997870272,0.9600736833072688,0.9970312171509038,1.1120476617581192,1.2267332376385045,,222.0,,267.0,333.0,591.0,58.0,,1.8,0.4,137.0,1.5510400594568043,1.6767146588237771,1.6845847107711722,1.6300722140718211,1.0346659686665372,1.1450645865745794,1.256207192705972,1.3635337208812568,0.0216023542722076,3.926284491694696,6.004352585190681,1.1230501521394167,0.0217187678238196,0.105043449596227,0.0,12.43859624336392,0.1391289800766721,0.0093286779621907,0.3592341674706014,18.6151803260551,1.5263426259400443,0.0382586878385189,5.108122033833839,6.669819254518001,1.453493269592618,0.0509459248610481,0.2488424539465621,0.0,10.342460685992917,0.1160516111517749,0.0133365356879906,0.3953882122136024,22.651643143828775,1.5766420482046934,0.0432211705667127,5.777440622959969,6.92966140195284,1.6702985971528337,0.068134480170446,0.4126224981942235,0.0,10.197009922414797,0.1175928186319192,0.0180167790188814,0.4870326342466001,28.769073229436643,1.7158989693825182,0.0439704039263368,6.136053037685479,6.995195810029074,1.7869866703194917,0.07825893387983,0.5059613354453485,0.0,10.40884677736251,0.1236557932296801,0.0214227941567778,0.5526841150789314,32.5218032141892,1.8167898142545496,1.0,360.0,387.9,105.0,5.0,32.0,0.0,596.0,7.379999999999999,1.3799999999999997,33.94,1976.0,106.25151569324716,0.0455465587044534,16.39676113360324,17.66751012145749,4.782388663967612,0.2277327935222672,1.45748987854251,0.0,27.14574898785425,0.3361336032388663,0.0628542510121457,1.5458502024291496,4.839390896959638,0.6775067750677508,Manchester Utd,Brighton,2026-05-24T15:00:00Z,38,1.9468089
262,José Malheiro de Sá,1.0,0,0.7880939941043962,0.88089881267518,0.9708858168980458,1.0216470235091468,1.9916444456516489,2.0329944594527656,2.001641049126402,1.9158268090481736,,437.0,,303.0,140.0,1980.0,42.0,,2.8,1.1,613.0,0.5892227469066972,0.7076212761886956,0.7867373521018872,0.8837968096905914,1.9445521292894057,1.788732804211168,1.7328812565570086,1.710429327457707,0.0,12.69627475686426,0.0386714550941941,3.2059893183860324,0.0,1.5288352182630531,2.9338267307791397,0.0,0.0,0.002069210977331,1.7200436343821726,89.99998753378495,3.720874463005377,0.0,13.317172330556549,0.2539113604279661,3.52819350698017,0.0,1.509433080394872,2.8390721086484474,0.0,0.0,0.0013712958870812,1.6472123099947538,89.98927087789319,3.808305058220563,0.0,13.291693282124175,0.5018014110431036,3.487204181051066,0.0,1.5492017337888042,2.79216351171432,0.0,0.0,0.001242796375323,1.577938598565758,89.81649577635527,3.786650296784032,0.0,14.396623719243546,0.6097785472162374,3.434477016467318,0.0,1.6162034711429771,3.009917480356593,0.0,0.0,0.0023520256439892,1.560406206862166,89.45931389068973,3.7963278400059415,0.0,2155.0,81.0,426.0,0.0,198.0,426.0,0.0,0.0,1.0499999999999998,184.75,10687.0,468.7244541177325,0.0,18.148217460465982,0.6821371760082343,3.5875362590062694,0.0,1.6674464302423506,3.5875362590062694,0.0,0.0,0.0088425189482548,1.5558622625619911,3.9473379686156944,,Wolves,Burnley,2026-05-24T15:00:00Z,38,3.8593147
263,João Maria Lobo Alves Palhares Costa Palhinha Gonçalves,3.0,1,1.6283071946132468,1.5057146814462412,1.3634947000475075,1.2786717611892149,2.0676488183511657,1.6928646449335476,1.4536958060334333,1.368632576429858,,272.0,,157.0,86.0,2102.0,55.0,,3.6,0.8,136.0,1.1282057923933262,1.1127767896515215,1.2087453529772576,1.3549376030724047,1.3935215610808525,1.605256844410009,1.6353545760796422,1.6071279849705744,0.0088868567332958,14.117237909502592,2.7726408352050913,3.391239144689856,0.1170887135010828,1.2750084714774674,0.0,10.345452689232973,0.114824857606898,0.0134202784951679,0.8219982157626354,65.62927628563841,3.399111509768541,0.0400393358521711,13.914016543356594,3.2868773815469243,3.290161792989224,0.115820045528827,1.2700176781901762,0.0,9.213085621938111,0.097196739644809,0.0154860970145801,0.9164425868877852,64.19836200704601,3.1335331601725933,0.067630977892984,14.244626592145798,3.609717228282684,3.361875857864567,0.1163289511082442,1.2329708375102153,0.0,8.369882978398678,0.0826823099920053,0.0175817886191587,0.964471119169728,64.47847760793017,3.0605889015928933,0.0816909338772673,14.557123106896867,3.764243017946624,3.447771014653868,0.1193447591871524,1.1993944321497705,0.0,7.978379341964256,0.0755512287985953,0.018808985450278,0.9865085825979732,64.98786564102016,3.056700809443406,3.0,478.0,124.7,114.0,4.0,37.0,0.0,245.0,2.22,0.64,32.19,2102.0,98.3754285084044,0.1284490960989533,20.466222645099904,5.339200761179829,4.881065651760228,0.1712654614652712,1.5842055185537582,0.0,10.49000951474786,0.0950523311132255,0.0274024738344433,1.3782588011417696,4.212078290083919,1.8018018018018016,Tottenham,Everton,2026-05-24T15:00:00Z,38,2.9898686
264,João Pedro Ferreira da Silva,3.0,1,1.5322076893718972,1.5176230765891512,1.5246329989409293,1.5307653860088308,0.8043382958227075,1.0216501233696416,1.230935744218627,1.342933417719982,,237.0,,237.0,202.0,11.0,55.0,,1.0,0.1,137.0,1.1570591320528427,1.1423774480785671,1.1862444101380347,1.2084601198802378,1.433376990909935,1.4487714954997313,1.395831731687383,1.3889789357221312,0.0,6.0,0.5,1.0,0.0,0.0,0.0,4.0,0.0,0.0,0.0,11.0,1.000366185472479,0.0,6.0,0.5,1.0,0.0,0.0,0.0,4.0,0.0,0.0,0.0,11.0,1.000366185472479,0.0,6.0,0.5,1.0,0.0,0.0,0.0,4.0,0.0,0.0,0.0,11.0,1.000366185472479,0.0,6.0,0.5,1.0,0.0,0.0,0.0,4.0,0.0,0.0,0.0,11.0,1.000366185472479,0.0,6.0,0.5,1.0,0.0,0.0,0.0,4.0,0.0,0.0,0.0,11.0,1.000366185472479,0.0,49.090909090909086,4.090909090909091,8.181818181818182,0.0,0.0,0.0,32.72727272727273,0.0,0.0,0.0,8.184814244774827,,Nottingham Forest,Bournemouth,2026-05-24T15:00:00Z,38,1.8227074
265,João Pedro Junqueira de Jesus,4.0,0,1.2993027530090575,1.1556816927460971,1.0987727083015113,1.0838528074355682,1.4810645035741192,1.4785520139318924,1.401222411431172,1.340576268058851,,65.0,,13.0,34.0,2568.0,75.0,,5.2,38.3,6.0,0.7771797040896207,1.149495895839456,1.4059455313703966,1.571061594817884,2.182659026617494,1.8075292844204467,1.5294772186811345,1.4013786355097777,0.1920941328190214,21.053236653119157,9.0003860257357,5.1852748895908185,0.4973704742412274,1.7630905716320215,0.0,31.03764764797854,0.4868796999751434,0.0428728008238954,1.1793288590068212,82.95276034159598,4.615461958342308,0.2642857426836602,22.132900065311368,10.49613232840337,5.477522344427841,0.523373002785781,1.4077995114735544,0.0,29.908603248351824,0.5059171196874539,0.0501933418128549,1.0885622516361968,77.99313919281947,4.767347568789343,0.2706878460218348,21.078194986168025,12.77442675584108,5.1936021805105135,0.4730151625182925,1.1984559295865185,0.0,27.9659223474368,0.4592939778102691,0.0650353032935398,1.0496320630259528,75.22272040388938,4.581564885001673,0.2677212288967655,19.53238276245141,14.661572477865512,4.78390004834822,0.4147187783492763,1.1462263125202417,0.0,27.29120625709345,0.4108471568156764,0.0830120152937862,1.0694622912363034,72.97051636703972,4.339907987587272,9.0,1822.0,1758.3,440.0,36.0,128.0,0.0,2964.0,36.89,11.499999999999998,129.35,7290.0,420.3725652432415,0.1111111111111111,22.49382716049383,21.707407407407405,5.432098765432099,0.4444444444444444,1.580246913580247,0.0,36.592592592592595,0.455432098765432,0.1419753086419753,1.5969135802469137,5.189784756089401,0.9758742206560044,Chelsea,Sunderland,2026-05-24T15:00:00Z,38,4.694994
266,João Victor Gomes da Silva,3.0,0,0.7880939941043962,0.88089881267518,0.9708858168980458,1.0216470235091468,1.9916444456516489,2.0329944594527656,2.001641049126402,1.9158268090481736,,107.0,3.0,135.0,134.0,2829.0,53.0,,3.1,0.3,211.0,0.5892227469066972,0.7076212761886956,0.7867373521018872,0.8837968096905914,1.9445521292894057,1.788732804211168,1.7328812565570086,1.710429327457707,0.086018125096931,15.462816567604236,8.843643025293547,3.2220955410451513,0.0335620329295108,1.7359593454034354,0.0,4.351019726360932,0.0271434334262053,0.06451256141588,1.5883654633814797,86.41524866950482,3.309790504086043,0.0986604453695179,16.196830440889187,9.539195012477114,3.326030783963947,0.0442267848213501,1.6348087481962794,0.0,5.0072393890164015,0.0349002401613306,0.0689074061048381,1.5387344241680398,83.51298925202204,3.338017217656358,0.0838520479782165,15.567661779851708,10.181082962007329,3.0845581320628184,0.0442497196223633,1.569588123053942,0.0,5.357430886838965,0.043146582546369,0.0665013083209934,1.4521636442633938,81.84994555888565,3.1775671470462963,0.0712770097906398,14.606362654188649,10.686943774883824,2.8317521430027055,0.0498230743171425,1.5791562271118549,0.0,5.620135511732929,0.0511787341643425,0.0642588150513063,1.424167961892821,80.9341810494477,2.9709845090345737,2.0,1461.0,1228.9,282.0,7.0,184.0,0.0,649.0,6.329999999999998,6.4899999999999975,158.29,8731.0,293.8407673103202,0.0206161951666475,15.060130569236057,12.667621120146604,2.9068835184973083,0.0721566830832665,1.896689955331577,0.0,6.6899553315771385,0.0652502577024395,0.0668995533157713,1.6316687664643226,3.028939303393519,1.1058451816745658,Wolves,Burnley,2026-05-24T15:00:00Z,38,3.3380618
267,João Victor de Souza Menezes,2.0,1,1.6283071946132468,1.5057146814462412,1.3634947000475075,1.2786717611892149,2.0676488183511657,1.6928646449335476,1.4536958060334333,1.368632576429858,,377.0,,440.0,459.0,142.0,40.0,,0.8,0.0,391.0,1.0632371539751335,1.155835820080549,1.2832322596835266,1.4205216667532137,2.3735273412745115,2.035463212137941,1.8022402311889416,1.6732203546710127,0.0,-0.2466124661246611,7.091327913279131,0.7289972899728997,0.0,0.7831978319783198,0.0,4.999999999999999,0.0067750677506775,0.0065040650406504,0.6372899728997289,38.2520325203252,0.5791532073310017,0.0,-0.125327129979645,7.570136667635939,0.7382960162838035,0.0,0.7644664146554231,0.0,4.60599011340506,0.0058156440825821,0.0070660075603373,0.6444780459435884,36.7592323349811,0.585459323981532,0.0,-0.0627042690117591,7.781181980524949,0.7439266821658411,0.0,0.756730348057549,0.0,4.423329627008997,0.0053910172175612,0.0072980895582735,0.6483965093163516,36.10178914383908,0.5898390368111834,0.0,-0.0313150199343768,7.880165396517669,0.7469165595253064,0.0,0.7532436455371736,0.0,4.335514014901099,0.0051914551892244,0.0074026906338847,0.650426713281608,35.794130410976685,0.5922517273260866,0.0,0.0,31.9,3.0,0.0,3.0,0.0,17.0,0.02,0.03,2.61,142.0,2.3791442175015445,0.0,0.0,20.218309859154928,1.9014084507042253,0.0,1.9014084507042253,0.0,10.774647887323942,0.0126760563380281,0.0190140845070422,1.6542253521126762,1.507908306867176,0.0,Tottenham,Everton,2026-05-24T15:00:00Z,38,1.5349618
268,Joél Drakes-Thomas,3.0,1,1.5307612174333038,1.704751939684622,1.7738301193564938,1.7869121026055728,0.4657699536268272,0.6514597285203065,0.7347335178883116,0.7858168606284246,,435.0,,469.0,463.0,7.0,45.0,,1.0,0.0,701.0,0.9015493724553804,1.1357927707712552,1.3175022539570636,1.3614390071625369,1.5100737332797205,1.3267237073014946,1.2394582163078889,1.23689582771636,0.0,3.0,0.5,1.0,0.0,0.4444444444444445,0.0,0.0,0.0,0.0,0.3966666666666667,3.4444444444444446,1.0001266121134065,0.0,3.0,0.5,1.0,0.0,0.4736842105263158,0.0,0.0,0.0,0.0,0.38,3.473684210526316,1.0001266121134065,0.0,3.0,0.5,1.0,0.0,0.4871794871794871,0.0,0.0,0.0,0.0,0.3723076923076923,3.4871794871794872,1.0001266121134065,0.0,3.0,0.5,1.0,0.0,0.4936708860759493,0.0,0.0,0.0,0.0,0.3686075949367088,3.4936708860759493,1.0001266121134065,0.0,6.0,1.0,2.0,0.0,1.0,0.0,0.0,0.0,0.0,0.73,7.0,2.0002532242268125,0.0,77.14285714285714,12.857142857142856,25.71428571428571,0.0,12.857142857142856,0.0,0.0,0.0,0.0,9.385714285714286,25.717541454344733,,Crystal Palace,Arsenal,2026-05-24T15:00:00Z,38,1.3211839
269,Joël Piroe,4.0,0,0.9286294544735864,1.0856375066906117,1.1528129081947445,1.198210556571093,1.6522039078284754,1.568477982680725,1.610655951538412,1.6495020971055678,,383.0,3.0,412.0,472.0,232.0,49.0,3.0,1.1,0.3,284.0,1.609218520546492,1.4557591011541449,1.3728565942724111,1.3255979439912915,0.9893991231128136,1.1564008437632494,1.3919395085176185,1.558113373678318,0.0,2.4876693634692,2.672239152118495,1.0091168641632096,0.0,0.2070904490048706,0.0,2.6470119074243392,0.0446962786787163,0.0082760649715921,0.3470657683568542,8.103139373991727,1.212849986174284,0.0,2.5027061306271583,2.571940776741169,1.0288081312015869,0.0,0.3214881327500659,0.0,4.098857409871083,0.0482137435115224,0.0082346672906678,0.3654869223219801,10.54620925454747,1.24648772104364,0.0,2.512931662705941,2.5381470824324546,1.0454319927789408,0.0,0.3914323418110021,0.0,5.1785783313628535,0.0517794516386581,0.0083624406270626,0.3855838842464563,12.724991263450594,1.2777580258219363,0.0,2.521611981223888,2.531676331846076,1.0555067725519882,0.0,0.4286102850513259,0.0,5.799908698992405,0.054065142685537,0.008490757264641,0.3976454538213312,14.03424694106358,1.2973607619458063,0.0,38.0,38.0,16.0,0.0,7.0,0.0,97.0,0.85,0.13,6.16,232.0,19.79182231081755,0.0,14.741379310344827,14.741379310344827,6.206896551724138,0.0,2.7155172413793105,0.0,37.62931034482759,0.3297413793103448,0.0504310344827586,2.389655172413793,7.6778621033343954,0.0,Leeds United,West Ham,2026-05-24T15:00:00Z,38,1.7743112
270,Joël Veltman,2.0,1,1.840832047565444,1.809043192946828,1.7503560523911208,1.6644300751948404,1.22773277493323,1.230558127920629,1.293397159421104,1.3794963287296922,,323.0,,334.0,274.0,1047.0,43.0,,1.9,0.1,322.0,1.8979750167610736,1.6183302800534345,1.5159138462337038,1.5053512875565596,0.950092104134086,0.996701352389878,1.117944961587651,1.2325660053177352,0.0,8.20023177728382,2.0172219519209893,2.154010282350008,0.0088048362566937,0.2195135133124218,0.0,1.626465041125537,0.04202740448407,0.0164014436732909,0.4650002199773763,39.190126423952535,1.8807353952782144,0.0,7.6557656188581955,2.7461088391261734,1.9880562742400945,0.0238410623237772,0.399283430645278,0.0,2.283813367453499,0.0425764799892911,0.0138004638375327,0.591241870976166,41.46030824764203,1.9342105354588075,0.0,8.81551733201013,3.987917575834439,2.1072020187265332,0.0320713682054355,0.6604038139649232,0.0,3.0029787798160403,0.0415260766293044,0.019282964684859,0.7578694102844536,50.09881203532933,2.188277808168152,0.0,11.136449930901586,5.500067739350598,2.3042427075300025,0.0372864466091975,0.899464082692615,0.0,3.7747420301135,0.0393484766891234,0.0261924234356537,0.8768518657648876,58.38780385130924,2.4676559809879173,0.0,1755.0,983.8,314.0,5.0,136.0,0.0,584.0,4.609999999999999,4.089999999999998,117.61,8153.0,341.34840425408163,0.0,19.373236845333007,10.860051514779837,3.466208757512572,0.0551944069667607,1.501287869495891,0.0,6.44670673371765,0.0508892432233533,0.0451490248988102,1.2982828406721454,3.768104548370826,1.084598698481562,Brighton,Manchester Utd,2026-05-24T15:00:00Z,38,1.8637763
271,Joško Gvardiol,2.0,1,1.939727876476741,1.639347092096446,1.5294458207117694,1.492088522256452,1.7928720239433336,1.6074334490457554,1.4533604505952842,1.39252795828722,,284.0,,228.0,192.0,1358.0,58.0,,4.6,3.2,159.0,2.199541534877372,2.050995657307316,2.000994557693364,1.9900671433044912,0.9000938919172922,0.9037846867598018,0.9443603123998888,0.98772652802516,0.1160073700197253,15.449207078462129,5.747755671499407,3.707029012046835,0.086198773088448,0.4496872690074384,0.0,16.851252313529393,0.1690721843354565,0.0361928588854417,0.7073768917889709,68.41712323053957,4.174686206141092,0.1179972788833242,17.133622169814394,6.676273885022495,4.35899681047269,0.1042345157557132,0.661607122671424,0.0,14.750898470753873,0.1483448555849178,0.0406910586839614,0.8726827046490977,76.82297619026278,4.644321368853067,0.1177835527037892,17.634362680571318,8.503205633064425,4.501350827211108,0.1081385281015398,0.8089577287739371,0.0,13.493835590882073,0.1321455568027156,0.0503086512580336,0.981381988537136,81.92153176203985,4.719271337632795,0.1176836606972732,17.663292184612377,10.192140804363277,4.421732927088421,0.1131813640236375,0.8973841356379032,0.0,13.218966481242834,0.1247470695234212,0.0599293026274242,1.0282272939476442,83.96604981869346,4.666360742125325,2.0,1388.0,944.4,331.0,9.0,76.0,0.0,1031.0,9.06,5.569999999999998,82.04,6693.0,358.37154735707526,0.0268937696100403,18.664276109367997,12.699238009861048,4.450918870461677,0.1210219632451815,1.021963245181533,0.0,13.863738233975797,0.1218287763334827,0.0748991483639623,1.1031824294038548,4.818980914707422,0.9933774834437088,Manchester City,Aston Villa,2026-05-24T15:00:00Z,38,3.5684156
272,Julio Soler Barreto,2.0,0,2.1739274766868766,1.800014640187395,1.4843813892721411,1.3253187290721609,1.2760144320047273,1.197664595650709,1.2623114361549288,1.3267371701590465,,411.0,,451.0,453.0,34.0,40.0,,1.0,0.2,399.0,1.4998213603443402,1.4882835144275974,1.5180487182114468,1.5262945590904071,1.849523384178692,1.7194855799393678,1.5665734932579665,1.497131963329302,0.0,0.5245901639344263,0.8770491803278687,1.0,0.0,0.7377049180327868,0.0,0.6557377049180328,0.0,0.0,0.65,12.147540983606556,0.9271647838198848,0.0,0.5977859778597786,0.8560885608856088,1.0,0.0,0.7011070110701106,0.0,0.6642066420664207,0.0,0.0,0.5915129151291514,11.7380073800738,0.9320776752440318,0.0,0.6327782646801051,0.8448729184925503,1.0,0.0,0.6836108676599474,0.0,0.6660823838737949,0.0,0.0,0.5649430324276951,11.53461875547765,0.9343499953373272,0.0,0.6498611407818842,0.8391369365520188,1.0,0.0,0.6750694296090578,0.0,0.6665242469557786,0.0,0.0,0.5522751548814356,11.43366801965392,0.9354426676751716,0.0,2.0,2.5,3.0,0.0,2.0,0.0,2.0,0.0,0.0,1.62,34.0,2.8095219888834557,0.0,5.294117647058823,6.61764705882353,7.9411764705882355,0.0,5.294117647058823,0.0,5.294117647058823,0.0,0.0,4.288235294117648,7.436969970573854,,Bournemouth,Nottingham Forest,2026-05-24T15:00:00Z,38,1.4767574
273,Jun'ai Byfield,2.0,1,1.6283071946132468,1.5057146814462412,1.3634947000475075,1.2786717611892149,2.0676488183511657,1.6928646449335476,1.4536958060334333,1.368632576429858,,458.0,,491.0,487.0,1.0,40.0,,1.0,0.0,568.0,1.3037305983548482,1.3055782675684036,1.3880738118759413,1.4904847757130502,1.6853917742710534,1.5737310672190057,1.5401755351716786,1.5345505278561944,0.0,3.0,0.5,1.0,0.0,0.0,0.0,0.0,0.0,0.0,0.0,1.0,0.9935276952383476,0.0,3.0,0.5,1.0,0.0,0.0,0.0,0.0,0.0,0.0,0.0,1.0,0.9935276952383476,0.0,3.0,0.5,1.0,0.0,0.0,0.0,0.0,0.0,0.0,0.0,1.0,0.9935276952383476,0.0,3.0,0.5,1.0,0.0,0.0,0.0,0.0,0.0,0.0,0.0,1.0,0.9935276952383476,0.0,3.0,0.5,1.0,0.0,0.0,0.0,0.0,0.0,0.0,0.0,1.0,0.9935276952383476,0.0,270.0,45.0,90.0,0.0,0.0,0.0,0.0,0.0,0.0,0.0,89.41749257145128,,Tottenham,Everton,2026-05-24T15:00:00Z,38,1.4976646
274,Junior Kroupi,4.0,0,2.1739274766868766,1.800014640187395,1.4843813892721411,1.3253187290721609,1.2760144320047273,1.197664595650709,1.2623114361549288,1.3267371701590465,,145.0,,77.0,113.0,1591.0,47.0,2.0,3.5,6.7,46.0,1.665259611714872,1.5751367596388566,1.5522578466798904,1.5446869163772212,0.7554228697783842,1.0240556929622369,1.2430957966446117,1.3519282732907731,0.0,17.292770069329425,9.066375155445336,4.997068621601937,0.5745119142564513,0.2388319750335155,0.0,19.66547112385441,0.3321659546657221,0.0810263865944965,0.8376069522337284,67.73840511086314,3.884669880795823,0.0,15.48126971773971,10.610657576071862,4.225175108500769,0.4769189343604798,0.3409482087081514,0.0,18.236396089864236,0.306411490633349,0.0710902592741086,0.8451337802795734,62.419070937269254,3.527878122345055,0.0,14.640656142342214,10.95130571682834,3.7821896144442224,0.423639113227133,0.41486284689856,0.0,17.219099481259732,0.2802282842738414,0.0625326895019785,0.8281030384676694,58.72979072771283,3.3051016809225113,0.0,14.27673040912212,10.959040951619649,3.5653982581235177,0.3984252353271382,0.4566014552391763,0.0,16.741210202189105,0.2657574147788014,0.0574231582713703,0.8126999245236087,56.71648257232399,3.194013485251858,0.0,335.0,260.79999999999995,84.0,9.0,12.0,0.0,392.0,6.289999999999999,1.2999999999999998,19.840000000000003,1367.0,74.14639865757437,0.0,22.055596196049745,17.170446232626187,5.530358449158742,0.592538405267008,0.7900512070226774,0.0,25.80833942940746,0.4141185076810533,0.08558888076079,1.3062179956108269,4.881620979650104,1.4308426073131957,Bournemouth,Nottingham Forest,2026-05-24T15:00:00Z,38,3.1300907
275,Jurriën Timber,2.0,0,1.0829318651843192,1.067014294422874,1.145889565874812,1.235301562856742,1.967837344196661,1.6830638340953552,1.4810949370442836,1.36834061592233,,57.0,,46.0,77.0,2452.0,63.0,,5.0,25.8,66.0,2.060163581053274,2.0236483650588255,1.9262384607857572,1.8573737564013333,0.8147142106381755,0.840778454821834,0.8246811271150569,0.8318188962522275,0.281662904719424,16.5219845782843,13.359208842415097,5.193660240613605,0.1287782989789812,0.6346877653005389,0.0,3.83987314228015,0.0784991249012636,0.0575077941108139,0.7136011604781524,75.49432933519088,4.421654691634906,0.229998744822602,16.41132560521919,12.94550218415193,4.879987472363116,0.0922374800830762,0.7094441923500621,0.0,6.450427251249599,0.1024007286898532,0.0547650069001556,0.657946509503818,80.02335257987282,4.621854174030957,0.2094662308277053,16.378544348757806,12.349549436746896,4.696028919009775,0.0763448330198512,0.7015503812162419,0.0,8.594286544401534,0.1130796680970807,0.0507405451189715,0.6292132346039022,80.95431401309895,4.708037939452254,0.2031814415387143,16.137481818921454,11.887484173646817,4.533875192050052,0.0704524062437598,0.6838250830604315,0.0,9.473392841279642,0.1090741285642728,0.0483839345339228,0.6227796476535625,80.63972751107914,4.6398772134436195,6.0,962.0,704.1,265.0,4.0,41.0,0.0,608.0,5.9399999999999995,2.849999999999999,38.82,4937.0,274.93292072047893,0.1093781648774559,17.536965768685437,12.835527648369457,4.830868948754304,0.0729187765849706,0.747417459995949,0.0,11.083654040915537,0.1082843832286813,0.0519546283167915,0.7076767267571399,5.011943055467512,0.6734006734006734,Arsenal,Crystal Palace,2026-05-24T15:00:00Z,38,4.2202544
276,Justin Devenny,3.0,1,1.5307612174333038,1.704751939684622,1.7738301193564938,1.7869121026055728,0.4657699536268272,0.6514597285203065,0.7347335178883116,0.7858168606284246,,290.0,2.0,333.0,375.0,695.0,43.0,4.0,1.7,1.1,198.0,1.042314123985154,1.0745531084029618,1.1732749824670858,1.2591142718431043,1.2808528911051271,1.2686539156810763,1.2519691241326567,1.2479814673510403,0.0,6.916415823300179,5.574240358170989,2.2718686313664014,0.0419731952444719,1.2083737779818864,0.0,6.9497892586748184,0.1068217495849622,0.013543771940928,1.1123391571999202,56.11699795419099,2.7063175603410987,0.0,5.8629758532314655,5.3105297291816695,1.9652520202569832,0.049905269895659,0.8751134133531902,0.0,7.684007735563084,0.117091834669958,0.0154831881131,0.8265509386512809,43.56580905581198,2.3674130522832937,0.0,5.470748650555248,4.923747636750538,1.7716545368306311,0.0467665624256329,0.6764656029363809,0.0,7.249169982629271,0.1010189279548268,0.0163456570803922,0.6482763449043948,35.2144694647992,2.059127044453619,0.0,5.405948408845041,4.794488090726846,1.6917545936135585,0.0458538287863687,0.5815232919536696,0.0,6.751956749853789,0.0882067476645194,0.0171013664565221,0.5695487144759528,31.34767153879247,1.897010634780799,0.0,230.0,201.6,69.0,2.0,21.0,0.0,258.0,3.1499999999999995,0.7699999999999997,21.48,1189.0,73.9231684133499,0.0,17.40958788898234,15.259882253994952,5.222876366694702,0.1513877207737594,1.5895710681244744,0.0,19.529015979814968,0.2384356602186711,0.0582842724978973,1.6259041211101766,5.595529989235905,0.634920634920635,Crystal Palace,Arsenal,2026-05-24T15:00:00Z,38,1.9045504
277,Justin Kluivert,3.0,0,2.1739274766868766,1.800014640187395,1.4843813892721411,1.3253187290721609,1.2760144320047273,1.197664595650709,1.2623114361549288,1.3267371701590465,4.0,139.0,3.0,268.0,345.0,928.0,69.0,1.0,2.1,0.6,252.0,1.665259611714872,1.5751367596388566,1.5522578466798904,1.5446869163772212,0.7554228697783842,1.0240556929622369,1.2430957966446117,1.3519282732907731,0.0,9.404492649161062,20.78932164630648,2.3871297359638937,0.1404508847232093,1.5241789626771507,0.0,8.959393932941362,0.2130614047043527,0.0853244821445505,1.19870029002168,55.747156774277535,2.9758707588417925,0.0,9.437999702594931,18.982446880142557,2.5257242633788586,0.1391541081923805,1.2350604882409837,0.0,9.582276731121818,0.1765839936531374,0.0905986278599402,1.0914460391057277,56.73501517932128,2.888845917735407,0.0,10.458594785936327,17.80129107654585,2.991084693617534,0.1854417022411141,1.0379018607102783,0.0,12.606667588259718,0.1850345337911354,0.0939663809715029,1.0114321933730532,58.78172005157252,3.0599370845661573,0.0,10.99987306519739,16.631483632695428,3.3233161818611867,0.2245336304137091,0.932373947235591,0.0,15.41547185456317,0.203238210064782,0.0906642626863087,0.9745338985586663,60.35819863607821,3.212448574577121,0.0,906.0,1241.7,294.0,21.0,71.0,0.0,1518.0,18.05,6.879999999999998,80.12,5177.0,272.4865986989353,0.0,15.750434614641684,21.58644002317945,5.111068186208229,0.3650762990148735,1.2343055823836198,0.0,26.38980104307514,0.3137917712961174,0.1196059493915394,1.3928530036700792,4.737066618293254,1.1634349030470914,Bournemouth,Nottingham Forest,2026-05-24T15:00:00Z,38,2.4807703
278,Jérémy Doku,3.0,1,1.939727876476741,1.639347092096446,1.5294458207117694,1.492088522256452,1.7928720239433336,1.6074334490457554,1.4533604505952842,1.39252795828722,,12.0,,22.0,106.0,1760.0,65.0,3.0,4.1,6.5,30.0,2.359633227901898,2.14589609158091,2.0509452912077135,2.0153983924474415,0.7200751135338337,0.8134062180797018,0.897141860619187,0.9629522605076414,0.1172273590873783,23.160296329768155,32.20627767870492,6.959714350129083,0.38885176171362,0.6860470283906996,0.0,29.49368072441028,0.1207946195047151,0.1673432566369113,0.9155613705989736,66.9184740183567,4.014538431323803,0.1786686451492266,20.98785755932724,29.746802130097468,5.711135014896224,0.2973442347380015,0.6648769351553756,0.0,25.57397173323979,0.1048084018600316,0.1794009254374908,0.8604604457943094,63.39522373797118,3.7505736866893464,0.2247475416163154,18.59180533013491,27.349246733665023,4.7224657197123765,0.2080122814165737,0.6208231012237867,0.0,23.457869916861327,0.091895338676049,0.1810461618440372,0.7711064883828641,60.050114781424746,3.4753697054993253,0.250323409366052,17.32216289929728,25.74752506295612,4.214437576195285,0.1633799168975633,0.605032822813289,0.0,23.46667070486513,0.0839698367704867,0.17831326913369,0.7009121507916809,58.158314554321144,3.2985065910294504,8.0,1340.0,1994.1,313.0,11.0,51.0,0.0,2036.0,6.349999999999999,14.339999999999998,51.38,4626.0,256.20955178258123,0.1556420233463035,26.07003891050584,38.795719844357976,6.089494163424124,0.2140077821011673,0.9922178988326849,0.0,39.61089494163424,0.1235408560311283,0.278988326848249,0.9996108949416342,4.984621630011308,1.7322834645669294,Manchester City,Aston Villa,2026-05-24T15:00:00Z,38,4.159495
279,Jørgen Strand Larsen,4.0,1,1.5307612174333038,1.704751939684622,1.7738301193564938,1.7869121026055728,0.4657699536268272,0.6514597285203065,0.7347335178883116,0.7858168606284246,,201.0,,168.0,264.0,2225.0,58.0,2.0,2.1,1.5,58.0,0.8536648314803988,0.9633492160206902,1.1009359698913324,1.2156295095884035,1.959796680245826,1.6478487045487895,1.45378389198278,1.3520910246488829,0.0056313270043077,6.199882388988272,5.108965516183016,2.1815947089545253,0.0683858426743152,1.0929735692246367,0.0,13.278181572237072,0.1536056770916953,0.0676234614972514,0.8459836903317387,53.68112809500797,2.448730738861326,0.018957279045132,6.830751002155675,5.540974610694981,2.252141030700438,0.121143181902284,0.985787273987498,0.0,12.76454502388335,0.1514466065505492,0.0477869702273828,0.8731315982824368,55.82976580973204,2.376239112812537,0.0261289365199588,7.868800659712367,5.940263799776485,2.455616766716191,0.1638477358742684,1.0170070390130836,0.0,14.01992522218886,0.1677876791967879,0.0365065805179897,0.9294218504536128,59.39285877327705,2.4877092797661713,0.0278786937663919,9.178868257825316,6.407814393423395,2.7233394327908074,0.2033012840683738,1.1123757709970716,0.0,15.893481246146374,0.1893948579043587,0.0320398921722357,1.0003389820626785,63.02380469923353,2.677596837869295,1.0,784.0,501.7999999999999,220.0,18.0,91.0,0.0,1311.0,15.37,2.11,78.41999999999999,4812.0,209.50282438494816,0.0187032418952618,14.663341645885287,9.385286783042392,4.114713216957606,0.3366583541147132,1.701995012468828,0.0,24.51995012468828,0.2874688279301746,0.0394638403990024,1.4667082294264338,3.918382002212247,1.1711125569290826,Crystal Palace,Arsenal,2026-05-24T15:00:00Z,38,2.2767768
280,Kaden Rodney,3.0,1,1.5307612174333038,1.704751939684622,1.7738301193564938,1.7869121026055728,0.4657699536268272,0.6514597285203065,0.7347335178883116,0.7858168606284246,,457.0,,639.0,635.0,3.0,44.0,,1.0,0.0,606.0,0.9015493724553804,1.1357927707712552,1.3175022539570636,1.3614390071625369,1.5100737332797205,1.3267237073014946,1.2394582163078889,1.23689582771636,0.0,2.0,0.1,1.0,0.0,0.0,0.0,0.0,0.0,0.0,0.65,3.0,1.0000890890176035,0.0,2.0,0.1,1.0,0.0,0.0,0.0,0.0,0.0,0.0,0.65,3.0,1.0000890890176035,0.0,2.0,0.1,1.0,0.0,0.0,0.0,0.0,0.0,0.0,0.65,3.0,1.0000890890176035,0.0,2.0,0.1,1.0,0.0,0.0,0.0,0.0,0.0,0.0,0.65,3.0,1.0000890890176035,0.0,2.0,0.1,1.0,0.0,0.0,0.0,0.0,0.0,0.0,0.65,3.0,1.0000890890176035,0.0,60.0,3.0,30.0,0.0,0.0,0.0,0.0,0.0,0.0,19.5,30.002672670528103,,Crystal Palace,Arsenal,2026-05-24T15:00:00Z,38,1.324587
281,Kai Havertz,4.0,0,1.0829318651843192,1.067014294422874,1.145889565874812,1.235301562856742,1.967837344196661,1.6830638340953552,1.4810949370442836,1.36834061592233,,297.0,,327.0,362.0,532.0,73.0,,2.9,0.6,184.0,1.6634515217916297,1.7830577107642605,1.8145583965856904,1.80715560782024,0.5822124420335341,0.7238441428036401,0.7734040602432958,0.806032190476869,0.1767359330495141,14.378602238656862,11.932817182910112,3.760630763241093,0.3315018724917017,0.3334837591978872,0.0,24.412709213575088,0.3252928135625966,0.0794385232299715,0.5525965217375864,51.771588827376405,3.282010167964268,0.1807762117764643,13.143580757135236,10.759382522065827,3.5908139104342323,0.2926422545397291,0.4326966166820931,0.0,23.519691049552712,0.3277128498631155,0.0636278172657868,0.5880246488026568,56.963989654244095,3.3252597745223347,0.1815770833018172,13.66674566377456,11.804817546366566,3.947211235428974,0.3159799987407394,0.5485332754010823,0.0,26.104847043300555,0.346608381736855,0.0712991304140609,0.6495194024577118,64.70442288611277,3.6794806549396024,0.1817597950508808,13.910032760579282,12.879060529484006,4.1663331474638365,0.3265549020830475,0.6130223125505653,0.0,27.94674608038836,0.3469865463754299,0.0785960206130573,0.6979516826573333,68.19928879080548,3.8914663172160298,2.0,1365.0,1381.9,421.0,31.0,66.0,0.0,2963.0,32.66,8.189999999999998,79.86999999999999,7010.0,395.5019513322098,0.0256776034236804,17.524964336661913,17.741940085592013,5.405135520684736,0.3980028530670471,0.847360912981455,0.0,38.041369472182595,0.4193152639087018,0.1051497860199714,1.025435092724679,5.077771129800126,0.949173300673607,Arsenal,Crystal Palace,2026-05-24T15:00:00Z,38,4.1679263
282,Karl Darlow,1.0,0,0.9286294544735864,1.0856375066906117,1.1528129081947445,1.198210556571093,1.6522039078284754,1.568477982680725,1.610655951538412,1.6495020971055678,,565.0,,300.0,133.0,1890.0,40.0,,3.3,6.8,533.0,1.609218520546492,1.4557591011541449,1.3728565942724111,1.3255979439912915,0.9893991231128136,1.1564008437632494,1.3919395085176185,1.558113373678318,0.0,20.011740959445156,0.0,5.287942928989593,0.0,0.7951222267849165,3.3217582128749914,0.0,0.0,0.0021312188941332,1.465590119250446,90.0,5.433421161421902,0.0,17.79693486536966,0.0,4.273187029663139,0.0,1.0786728739305746,3.0407190992357687,0.0,0.0,0.0020988253929135,1.3435767261667462,90.0,4.750224521416213,0.0,17.16044887291159,0.0,3.643468318844965,0.0,1.3726807340282718,3.080035241529426,0.0,0.0,0.001763202315832,1.319646173257102,90.0,4.358704968542609,0.0,17.207231965347184,0.0,3.360508440056084,0.0,1.5480066121395386,3.176353801960827,0.0,0.0,0.0014835688454034,1.3188909232269554,90.0,4.191037744466539,0.0,735.0,0.0,135.0,0.0,72.0,139.0,0.0,0.0,0.05,56.849999999999994,3870.0,170.7194851897007,0.0,17.093023255813954,0.0,3.13953488372093,0.0,1.6744186046511629,3.2325581395348837,0.0,0.0,0.0011627906976744,1.322093023255814,3.970220585806993,,Leeds United,West Ham,2026-05-24T15:00:00Z,38,3.8019905
283,Kaye Furo,4.0,0,1.8359064248683763,1.78747508218593,1.7882183641372678,1.8851857440962256,1.8952567438828445,1.5796778656740686,1.420205125806682,1.3092227962416565,,744.0,,750.0,750.0,1.0,45.0,,1.0,0.0,731.0,1.08573668372536,1.2770025261858722,1.3983894602671452,1.4562881533125045,1.2603181540967947,1.273357533988987,1.3087097152013107,1.3585238323498363,0.0,2.0,0.0,1.0,0.0,0.0,0.0,0.0,0.0,0.0,0.02,1.0,1.0000890890176035,0.0,2.0,0.0,1.0,0.0,0.0,0.0,0.0,0.0,0.0,0.02,1.0,1.0000890890176035,0.0,2.0,0.0,1.0,0.0,0.0,0.0,0.0,0.0,0.0,0.02,1.0,1.0000890890176035,0.0,2.0,0.0,1.0,0.0,0.0,0.0,0.0,0.0,0.0,0.02,1.0,1.0000890890176035,0.0,2.0,0.0,1.0,0.0,0.0,0.0,0.0,0.0,0.0,0.02,1.0,1.0000890890176035,0.0,180.0,0.0,90.0,0.0,0.0,0.0,0.0,0.0,0.0,1.8,90.00801801158431,,Brentford,Liverpool,2026-05-24T15:00:00Z,38,1.3523006
284,Keane Lewis-Potter,2.0,0,1.8359064248683763,1.78747508218593,1.7882183641372678,1.8851857440962256,1.8952567438828445,1.5796778656740686,1.420205125806682,1.3092227962416565,,128.0,1.0,134.0,204.0,1872.0,48.0,,3.1,1.6,87.0,1.1748714775842306,1.3043720462789254,1.4045468873177778,1.4575194754261969,1.4066036186219488,1.3314196026761185,1.3311119711831043,1.3665151862017706,0.1703990183159875,11.501127142397792,12.300726012079412,3.278017797712394,0.0217930261119152,1.4043307017825255,0.0,14.550549986094392,0.1101637636155841,0.1029155509193091,1.417361856810523,80.58123728226094,4.189905441967642,0.1375051336529558,11.200499218229313,11.817400259470835,3.2614050910368753,0.0561219272627737,1.1190653557806916,0.0,13.132998548582778,0.1071691668933814,0.0969244002865332,1.1487519204039909,68.80604959036233,3.920298646020889,0.1102426877006704,10.626638682138864,10.828466806539751,3.1051811920667545,0.0699649387845221,1.0018012374342893,0.0,11.57696905839691,0.0993702546452592,0.0888926427861876,1.0340875287075697,63.46843078907404,3.5311514554306807,0.0969972707144642,10.283194092663496,10.33631437225044,2.9331787511992564,0.0696277248336008,1.0088928342266623,0.0,11.428831284495551,0.101440904834813,0.0883377982860925,1.0176966553417262,63.21370369622364,3.27116683173986,3.0,979.0,983.7,277.0,7.0,109.0,0.0,1312.0,12.36,8.929999999999998,102.52,6392.0,310.3199819473442,0.0422403003754693,13.78441802252816,13.850594493116397,3.9001877346683353,0.0985607008760951,1.5347309136420524,0.0,18.473091364205256,0.1740300375469336,0.125735294117647,1.4434918648310389,4.369336416655347,0.5663430420711975,Brentford,Liverpool,2026-05-24T15:00:00Z,38,2.788615
285,Kenny Tete,2.0,1,1.6620557277442751,1.5440588498851775,1.534118610447418,1.5880412252299128,1.3077202764151454,1.442787751239562,1.4348180560487755,1.3914490500458117,,165.0,,160.0,117.0,1791.0,45.0,,3.7,0.5,239.0,1.300523077752331,1.374520886325225,1.3629236772804931,1.3346226259550116,1.4664250386128963,1.494146135396382,1.4659741674845168,1.4485388539055932,0.0,14.155637164394802,10.725196281436144,3.4273910679603796,0.0137457240698409,0.9705671598849392,0.0,4.6558837848557655,0.0645648650587335,0.0775146849818036,1.071901562504343,79.4907652075563,4.410291915741422,0.0,13.404691663323735,10.34379835080999,3.391299176395695,0.0286737567576821,1.1043396534902987,0.0,4.929716418724971,0.0557685340753379,0.06861331037166,1.125933260543895,78.82685740992972,4.082205361659412,0.0,13.009442401157836,10.083236257488164,3.1301964559406197,0.0312091110146208,1.1921734229190244,0.0,5.283615292966146,0.0500820528583252,0.0585270108441731,1.184657256309475,78.40866372536455,3.7391161548635625,0.0,13.17862992613919,10.581036463434849,2.824254059825263,0.0297456301439651,1.2927088773001734,0.0,5.611706450065584,0.0480083546798735,0.053189881368071,1.242537790266429,77.25248569557833,3.441595177417925,0.0,1063.0,922.2,182.0,2.0,110.0,0.0,450.0,3.3999999999999995,3.8499999999999983,99.81,5647.0,228.2214011667633,0.0,16.94173897644767,14.69771560120418,2.900655215158491,0.0318753320347086,1.7531432619089784,0.0,7.171949707809456,0.0541880644590047,0.0613600141668142,1.5907384451921376,3.6373164698085168,0.5882352941176472,Fulham,Newcastle Utd,2026-05-24T15:00:00Z,38,2.956152
286,Kevin Danso,2.0,1,1.6283071946132468,1.5057146814462412,1.3634947000475075,1.2786717611892149,2.0676488183511657,1.6928646449335476,1.4536958060334333,1.368632576429858,,366.0,,292.0,187.0,1399.0,42.0,,2.4,0.2,306.0,1.1282057923933262,1.1127767896515215,1.2087453529772576,1.3549376030724047,1.3935215610808525,1.605256844410009,1.6353545760796422,1.6071279849705744,0.0,9.438905918950011,4.769917204434733,2.9181419858986426,0.0,1.2772552531075674,0.0,6.228489722989243,0.029888364142087,0.0119673383454926,0.8652580460947281,80.17870427206032,2.7873568622602853,0.0,8.915254357645829,3.5157760629096892,2.6383652282195516,0.0,1.2662562272408215,0.0,5.238349488539717,0.0268453685781966,0.0119650031922634,0.9456449856479558,73.01311366142603,2.7313092237495216,0.0,8.773912085449384,2.8591509143800553,2.398795783284486,0.0,1.2787338211352886,0.0,4.690388293228752,0.0248834371628427,0.0118542598627459,1.0185130462687495,69.52865321784063,2.639015160219913,0.0,8.80820200817027,2.6334904763784066,2.269793951378472,0.0,1.2901104944454056,0.0,4.546585115738214,0.024509036468166,0.0118077321064267,1.0659701804153254,68.40513976229909,2.586119560147554,0.0,295.0,83.1,71.0,0.0,43.0,0.0,150.0,0.8199999999999998,0.3899999999999999,36.93,2241.0,83.75538695818528,0.0,11.847389558232932,3.3373493975903616,2.85140562248996,0.0,1.7269076305220885,0.0,6.024096385542169,0.0329317269076305,0.0156626506024096,1.483132530120482,3.3636701589632643,0.0,Tottenham,Everton,2026-05-24T15:00:00Z,38,2.2677798
287,Kevin Santos Lopes de Macedo,3.0,1,1.6620557277442751,1.5440588498851775,1.534118610447418,1.5880412252299128,1.3077202764151454,1.442787751239562,1.4348180560487755,1.3914490500458117,4.0,173.0,,236.0,295.0,971.0,57.0,,1.8,0.1,147.0,0.5973474573554457,0.9155760777681654,1.1129563610472974,1.2066197953055773,1.2169076202577118,1.27491446415943,1.336375701205069,1.378016534811399,0.0407413574438877,6.257678207295958,6.197839851802125,1.5566554396554608,0.0657845269159996,0.4356852690052756,0.0,9.0423370328679,0.0456206144946708,0.0418771165652107,0.5818570406336685,36.668829132851585,1.4751698275249714,0.0721657685503534,6.7984246725047655,7.903806799699047,1.7812987312823294,0.0636159782791662,0.5526836904276161,0.0,9.344989021075964,0.0490739115721476,0.0522412245588518,0.6024534821634276,38.11101294309999,1.6749291084350386,0.0809986580490219,6.912459340293839,8.732285967010617,1.829162953838254,0.0535406706517439,0.5865712923775456,0.0,9.466931002584255,0.0490342953894747,0.056445407949281,0.5989024683920827,38.77997765506213,1.7623662824190145,0.0817866386195517,6.900298667490924,9.082764629485483,1.824555092568731,0.0469692771121468,0.595735704030577,0.0,9.44971168129617,0.0482053431670073,0.0576127749373918,0.5905110922084967,38.90898290456179,1.7881997575056614,2.0,171.0,234.3,45.0,1.0,15.0,0.0,234.0,1.17,1.45,14.44,971.0,44.94486465932455,0.1853759011328527,15.849639546858906,21.716786817713697,4.170957775489186,0.0926879505664263,1.3903192584963957,0.0,21.68898043254377,0.1084449021627188,0.1343975283213182,1.3384140061791965,4.165847393758197,0.8547008547008548,Fulham,Newcastle Utd,2026-05-24T15:00:00Z,38,2.0157075
288,Kevin Schade,3.0,0,1.8359064248683763,1.78747508218593,1.7882183641372678,1.8851857440962256,1.8952567438828445,1.5796778656740686,1.420205125806682,1.3092227962416565,,97.0,,45.0,124.0,2654.0,68.0,3.0,3.5,1.4,20.0,1.1748714775842306,1.3043720462789254,1.4045468873177778,1.4575194754261969,1.4066036186219488,1.3314196026761185,1.3311119711831043,1.3665151862017706,0.0824020694251651,4.968091886514478,5.939323482618611,2.490878455399923,0.0427611211584325,1.0102373574479937,0.0,12.442384656879348,0.1921341482549363,0.0280010988189296,1.1344193022251023,69.6564691617527,3.1173358253293557,0.1174768279802358,7.866372541573924,8.43171941292655,3.020411585362878,0.11979174833634,0.9777417175141792,0.0,17.50965498817399,0.2676857678471917,0.044224953438194,1.107534679285221,73.51663538074453,3.5909404491355748,0.1348861203458728,10.156646200063289,9.810455009156788,3.417276965774648,0.1896146857941566,0.9552793170366154,0.0,21.19857702984407,0.2942787183054851,0.0531248320593906,1.0526979547942463,73.84100914718934,3.7717030863531193,0.1419236513032044,11.065518285175974,9.933185041775388,3.5344805805984394,0.2188122643098848,0.9217856537068478,0.0,22.120021492967428,0.2783241662933157,0.0554280433721384,0.9646717023694836,69.85940863041115,3.660808471979201,5.0,1020.0,863.9,316.0,20.0,79.0,0.0,1959.0,21.22,5.121099999999998,74.9202,5603.0,303.9684782857215,0.0803141174370872,16.384079957165802,13.87667321077994,5.075852222023916,0.3212564697483491,1.268963055505979,0.0,31.467071211850794,0.3408531144029983,0.0822593253614135,1.203429948242013,4.88259201244243,0.942507068803016,Brentford,Liverpool,2026-05-24T15:00:00Z,38,3.056144
289,Ki-Jana Hoever,2.0,0,0.7880939941043962,0.88089881267518,0.9708858168980458,1.0216470235091468,1.9916444456516489,2.0329944594527656,2.001641049126402,1.9158268090481736,,191.0,,297.0,266.0,423.0,38.0,,1.2,1.4,343.0,0.5645010650784607,0.6649646261909521,0.8287675171288784,0.9503956734120088,2.2032145479134697,2.0485119223749195,1.88627747729992,1.7858053976357573,0.0,6.8356790529335925,9.37855995597605,1.6172354775488569,0.0,1.4522784578688328,0.0,1.1101088245760595,0.0020293816352378,0.0267604204679597,1.4473612293323597,55.902066296969195,1.4844663357766528,0.0,6.344619822526027,8.011916131997419,1.5144475154246315,0.0,1.2277298231824734,0.0,1.3730828348811075,0.0035937981007396,0.0264614442407972,1.4041319084506914,50.70630197266262,1.529469757066938,0.0,6.157855645346531,7.312315634762013,1.4645413963946443,0.0,1.0891686320996188,0.0,1.4887622022481652,0.004568204476863,0.0258035563093368,1.3707709647324198,48.02573556409538,1.558281255880069,0.0,6.075729808033599,7.01334841902542,1.4375102044423658,0.0,1.0201129353641565,0.0,1.5417227235652873,0.0050357071200839,0.0255525876176508,1.3494154794562363,46.7478079755043,1.5702971707574078,0.0,132.0,148.9,31.0,0.0,21.0,0.0,35.0,0.12,0.56,29.160000000000004,1002.0,34.74728723260898,0.0,11.856287425149702,13.37425149700599,2.784431137724551,0.0,1.8862275449101795,0.0,3.143712574850299,0.0107784431137724,0.0502994011976047,2.6191616766467067,3.121013823288232,0.0,Wolves,Burnley,2026-05-24T15:00:00Z,38,1.985977
290,Kieran Trippier,2.0,0,0.6778779658843567,0.924018470010329,1.1073081949231147,1.2014107865787766,1.1735260962061695,1.2474230176816807,1.319555879612648,1.3684865116798042,4.0,55.0,2.0,202.0,249.0,1586.0,49.0,,2.6,1.4,413.0,1.3275696596803437,1.3822876109761566,1.4569662457029895,1.5517182423639602,1.3846503455189316,1.4919863902684225,1.457703428287506,1.4015191720577116,0.0826826124960299,7.932024951469906,17.693840056412306,1.8891959037106247,4.470087653197799e-06,1.1156075393916085,0.0,0.7132833447838837,0.0029530763547527,0.0641567602265809,0.9580058223633452,63.946830107856954,2.417853953043447,0.0736710071282764,10.08202515092546,21.428843309562,2.1399877698639416,0.0006876627837013,1.265635297970525,0.0,0.8909544103849836,0.0046041774882416,0.0790213102926543,1.0143672887684374,68.73982606898272,2.742901965990529,0.0617575714782308,12.474082634231188,24.161660695671763,2.407929982374207,0.006145242671536,1.279798960744969,0.0,1.263531883172578,0.0071836195365346,0.0927917002498201,0.9989841137586876,68.49462280901935,2.958724963958133,0.0547849653532941,14.633496336399054,27.074804121444895,2.6698329664529847,0.0163850534512707,1.295980329935024,0.0,1.714708651712611,0.0102932751377996,0.1156559237476831,1.0268454542804035,68.75387135235455,3.1240437308555133,1.0,1436.0,2607.8,251.0,3.0,109.0,0.0,189.0,1.1899999999999995,12.709999999999996,90.55,5832.0,274.3510334187399,0.015432098765432,22.160493827160497,40.24382716049383,3.873456790123457,0.0462962962962963,1.682098765432099,0.0,2.9166666666666665,0.0183641975308641,0.1961419753086419,1.3973765432098766,4.233812244116357,2.521008403361345,Newcastle Utd,Fulham,2026-05-24T15:00:00Z,38,2.790577
291,Kiernan Dewsbury-Hall,3.0,0,1.102564633914661,1.101499110685907,1.1983079937381895,1.3460357492674346,1.514817248864682,1.6447311599706276,1.6535870072693977,1.6169812358281417,3.0,37.0,,39.0,72.0,2546.0,53.0,,5.0,8.1,61.0,1.7853839932665585,1.561905201609496,1.3826261767690258,1.2858406600181125,1.8345610229389568,1.547627383252877,1.3723106230104325,1.326665252713866,0.2912869495962992,20.205977952859776,23.5933381043376,4.605284470824073,0.227839816895648,1.920833782466772,0.0,15.75557632117662,0.1673244234955802,0.1957101092817045,1.4929072529155183,88.66725747075924,4.411853333586478,0.2705675139019277,19.783873551472674,19.672621887789393,4.847160223163763,0.2572319479941789,1.5371841645987812,0.0,15.538506865433478,0.1612811435755285,0.1713658188413329,1.3828684402451417,84.44432371147694,4.414596356609494,0.2536458539889367,18.01939927390638,17.498437780869413,4.464891215535901,0.2278943119597132,1.2589760695778591,0.0,13.607976702667695,0.1352675235458967,0.1502912636090038,1.2568218582724129,77.91110974796234,4.039890765994227,0.2437127729622429,16.343001222699076,16.3970757593903,3.988849675066001,0.1882549932871124,1.114054121317771,0.0,11.88383556066452,0.1119045402166188,0.1342795534573658,1.2152942360843533,73.07978064205226,3.64100717592544,7.0,949.0,1020.9,227.0,9.0,66.0,0.0,660.0,5.76,7.799999999999999,83.19999999999999,4572.0,208.38099140947816,0.1377952755905512,18.68110236220472,20.09645669291339,4.468503937007874,0.1771653543307086,1.2992125984251968,0.0,12.99212598425197,0.1133858267716535,0.1535433070866141,1.6377952755905512,4.101988019871617,1.5625,Everton,Tottenham,2026-05-24T15:00:00Z,38,4.0678053
292,Kobbie Mainoo,3.0,0,1.518380013408859,1.456497252041452,1.4401174887917136,1.467596997870272,0.9600736833072688,0.9970312171509038,1.1120476617581192,1.2267332376385045,,114.0,,204.0,205.0,1563.0,47.0,,2.6,1.4,308.0,1.5510400594568043,1.6767146588237771,1.6845847107711722,1.6300722140718211,1.0346659686665372,1.1450645865745794,1.256207192705972,1.3635337208812568,0.0282432735069058,19.77985936522049,15.317737846549976,4.380248364071823,0.1280008573497068,1.104100009720296,0.0,3.975885487391682,0.0242422939529841,0.0635732368706628,1.3279554776422342,86.91168473178335,4.238626845966452,0.060306526550785,16.556251913677347,14.20001082595211,3.5732624709787797,0.0814134733480455,0.9741545892653394,0.0,3.7209355112260702,0.0201221719323918,0.0613054884920586,1.1174453957820838,76.84809317698358,3.513387862687122,0.0721759250310048,13.48970634169923,12.79424438188488,2.8872527809288244,0.050878571332654,0.948365366771078,0.0,3.812095871479412,0.0200776533499399,0.0587850521849572,1.011831915746023,68.00894950054153,2.896247003474216,0.0745399867735719,12.031456056887205,11.821776098970378,2.566008237912928,0.0409300858044512,0.9860512940906144,0.0,4.0539825017117215,0.0211463066829963,0.0585745797820901,1.0360568289871015,65.47370502651023,2.5851173704720423,2.0,830.0,800.5,177.0,3.0,78.0,0.0,322.0,1.6199999999999994,4.349999999999999,85.16,4900.0,174.95141607912956,0.036734693877551,15.244897959183676,14.703061224489796,3.2510204081632654,0.0551020408163265,1.43265306122449,0.0,5.914285714285714,0.0297551020408163,0.0798979591836734,1.5641632653061222,3.2133933565554407,1.8518518518518523,Manchester Utd,Brighton,2026-05-24T15:00:00Z,38,2.7276583
293,Konstantinos Mavropanos,2.0,1,1.4873748164371934,1.4101831854236713,1.3542056928734252,1.3172760593840596,0.7915192984902504,1.0407607451397949,1.3223124000649034,1.5182899044580005,,342.0,,112.0,38.0,2442.0,45.0,,3.8,2.1,113.0,0.9107868180919828,1.0951527852122245,1.16085576712912,1.203309571343217,1.3152548847855938,1.4094199807491106,1.5375319051139422,1.6147602101157532,0.0,16.37885827228737,4.060568436401366,4.540172633323824,0.1730150505836062,1.6406914579392542,0.0,11.301492019530547,0.0813911335535938,0.0309938403324866,1.4201419848133836,86.52964130033646,4.606398358191016,0.0,15.009054717515998,3.415449540584968,4.411447106310969,0.1659903633396489,1.4812879271003958,0.0,11.009383582841762,0.0898923801889197,0.0263667360902059,1.32551719967701,82.49840927354902,4.473248675068447,0.0,12.480308182322371,2.728500470976162,3.644342284423879,0.1150232214499747,1.4037824542715935,0.0,9.34901857001031,0.0809880790340052,0.0213901094195871,1.2649090998176662,77.69777300012626,3.8703641719423256,0.0,10.969081687766,2.4064288704533565,3.014861289930173,0.0784889000063344,1.3658319578024154,0.0,8.084754572822254,0.0725027936323154,0.0178370610551793,1.2556151145056875,74.70598632362426,3.3462438520720097,0.0,825.0,182.5,199.0,4.0,110.0,0.0,566.0,5.27,1.1699999999999997,105.91,5977.0,230.471010871084,0.0,12.422620043500082,2.748034130834867,2.996486531704869,0.0602308850593943,1.6563493391333446,0.0,8.522670235904299,0.079354191065752,0.0176175338798728,1.594763259160114,3.4703682413246706,0.7590132827324478,West Ham,Leeds United,2026-05-24T15:00:00Z,38,3.2778323
294,Kristoffer Ajer,2.0,0,1.8359064248683763,1.78747508218593,1.7882183641372678,1.8851857440962256,1.8952567438828445,1.5796778656740686,1.420205125806682,1.3092227962416565,,352.0,,253.0,176.0,1805.0,44.0,,2.8,0.2,217.0,1.1748714775842306,1.3043720462789254,1.4045468873177778,1.4575194754261969,1.4066036186219488,1.3314196026761185,1.3311119711831043,1.3665151862017706,0.0026065553086558,6.348731209954245,1.938645680341368,2.4197809127594727,1.0861631114236048e-06,1.514880383603611,0.0,2.952426826479418,0.0041340234005343,0.0108404072984667,1.4526834573245602,66.16554221306824,2.82256320674272,0.0192396599565723,7.001607001505107,2.328707667989629,2.6012202979506855,0.0005016865134851,1.3425349913232472,0.0,4.286598932730144,0.0131807380894167,0.0154511755507996,1.3109553830932743,66.89464851368983,2.957529733015786,0.0412156558065187,7.58613869076697,2.985188778663637,2.586399719742754,0.0063091525401933,1.2395333639075587,0.0,5.5574694428635505,0.0237552113672891,0.0225109748095415,1.1592077996242889,65.2974335900375,2.927949093286057,0.0564751547593213,8.740185325777349,3.892271670816484,2.5769597688574244,0.0169636557327956,1.238535763099031,0.0,6.607480007234328,0.0317231735716842,0.0320611178886041,1.0745105755552642,64.71769917367672,2.89641282923298,2.0,1038.0,477.3,247.0,3.0,122.0,0.0,730.0,3.6799999999999993,4.449999999999998,95.1,6069.0,271.0380355406277,0.0296589223924864,15.392980721700445,7.078101828966881,3.6628769154720713,0.0444883835887296,1.8091942659416709,0.0,10.825506673257538,0.0545724172021749,0.0659911023232822,1.4102817597627284,4.019348030755724,0.815217391304348,Brentford,Liverpool,2026-05-24T15:00:00Z,38,1.9927248
295,Kyle Walker,2.0,1,0.6713781975253578,0.7368591485710255,0.7974005780690301,0.886711191832273,1.7556417034315248,1.7098595237868155,1.6962368721663368,1.692611722456014,,178.0,,215.0,132.0,3005.0,44.0,,1.9,1.1,383.0,0.9851174926304958,0.9787764719265952,1.022008359547608,1.0484439670146557,2.2395555570645613,2.1477716373262017,2.054383025950329,1.939848177190176,0.0114833448036644,6.887352523722378,6.572152173028901,1.359843280633198,2.085924857819211e-11,1.8123163238553772,0.0,0.4486125138498716,0.0038820231524168,0.035655677941866,1.6445155627772192,83.15394328158334,2.374236787048177,0.0320355311450039,6.819209332853547,7.031385171618062,1.525588273201215,1.9364103858599986e-06,1.8089204661119729,0.0,0.5267783196092948,0.0031633764245373,0.0361963528189499,1.6992196464750249,82.39784405102486,2.385277614701222,0.0457891207800691,7.697310102317382,7.93161161253075,1.7431877951693415,0.0002550157975151,1.7418344196523563,0.0,1.0307757909106408,0.0042087627902429,0.0434864453726414,1.6692424200587432,82.19287030512248,2.5311118315437913,0.0520781059927062,9.927907601080252,9.501310506084993,2.077028147597892,0.0019747732911204,1.5957188545277146,0.0,1.8826007179208484,0.0063060282513622,0.0535866955672474,1.5245538278302564,82.06983074392453,2.8178575467357505,2.0,1513.0,1241.7,303.0,1.0,141.0,0.0,363.0,1.0699999999999996,6.769999999999999,134.74,9012.0,363.25945391106086,0.0199733688415446,15.109853528628497,12.400466045272973,3.025965379494008,0.0099866844207723,1.4081225033288949,0.0,3.6251664447403464,0.0106857523302263,0.0676098535286284,1.3456058588548605,3.6277575290718462,0.9345794392523368,Burnley,Wolves,2026-05-24T15:00:00Z,38,3.1713288
296,Kyle Walker-Peters,2.0,1,1.4873748164371934,1.4101831854236713,1.3542056928734252,1.3172760593840596,0.7915192984902504,1.0407607451397949,1.3223124000649034,1.5182899044580005,,265.0,,288.0,254.0,1288.0,42.0,,2.1,0.3,270.0,1.4231044032687232,1.352040475585104,1.2862680615764632,1.2660248619682006,0.9925857574774896,1.2832345441276034,1.4903395780549042,1.5953416319700449,0.0,12.210632547456251,5.93802934966691,2.494063800940691,0.0137439494695972,1.1225587877777343,0.0,3.16812335707141,0.0155431298790278,0.020579937047066,1.2757531740178492,67.03181102820562,3.22489683476835,0.0,10.441401481553754,6.430194781974631,2.2571124977717036,0.0283253608682964,1.2669036356213497,0.0,4.348792284476766,0.034126792412218,0.0225815119472819,1.323973882321919,65.07075775558152,2.882912720669597,0.0,9.786947811286058,7.966830883853993,2.055846376278149,0.0287949474640834,1.583032875749422,0.0,5.8819120873964374,0.0391651621476577,0.0322916298328954,1.5175489520416192,69.16754153358424,2.683785325943351,0.0,11.040123303062511,9.863783140470485,2.062301349224739,0.0251543738394466,1.8818011641897732,0.0,7.910540968809885,0.0361701034684079,0.044829494636962,1.6743811633693335,74.42619782863103,2.665631728939684,0.0,1398.0,1174.9,231.0,2.0,206.0,0.0,1051.0,2.839999999999999,5.769999999999999,172.76,7963.0,271.39264426868635,0.0,15.80057767173176,13.279040562602034,2.6108250659299257,0.0226045460253673,2.328268240612834,0.0,11.878688936330528,0.0320984553560215,0.0652141152831847,1.952580685671229,3.0673537591588316,0.7042253521126763,West Ham,Leeds United,2026-05-24T15:00:00Z,38,2.5925364
297,Ladislav Krejcí,2.0,0,0.7880939941043962,0.88089881267518,0.9708858168980458,1.0216470235091468,1.9916444456516489,2.0329944594527656,2.001641049126402,1.9158268090481736,,257.0,,161.0,112.0,2291.0,45.0,,2.3,0.1,127.0,0.5892227469066972,0.7076212761886956,0.7867373521018872,0.8837968096905914,1.9445521292894057,1.788732804211168,1.7328812565570086,1.710429327457707,0.0018491453665265,6.626333876640132,3.830050926075321,2.096074865397478,0.0117791752131169,1.6665669870356612,0.0,10.855238693668834,0.0373887932321157,0.0320836132504759,1.7601737000559268,83.50065741654198,2.6627417991772613,0.0116174506108159,7.37224277117032,3.7311706039824606,2.5147321633689192,0.0346102129403065,1.583667816431187,0.0,9.66026739879865,0.0475000754653253,0.0362474789134025,1.619495386750588,83.38724290266936,2.881580353469986,0.0227145295346977,7.754446362671811,4.187868467055843,2.6243870968528933,0.052739639985609,1.6011436680357594,0.0,9.591523043298992,0.0613083630182584,0.0438554985171293,1.5414817923916917,83.91589327882771,2.9915733801395468,0.0296661837465278,7.896607532534576,4.581450262201524,2.6390220641905953,0.0631355714237524,1.6291808270237442,0.0,9.729317308137016,0.0703733283971598,0.0491687682589727,1.5050924238232737,84.34372699681911,3.0348271047655775,1.0,216.0,136.9,71.0,2.0,45.0,0.0,269.0,2.17,1.49,39.73,2291.0,82.84549164920436,0.039284155390659,8.485377564382365,5.378000872981231,2.789175032736796,0.0785683107813181,1.7677869925796597,0.0,10.567437800087298,0.0852466171977302,0.058533391532082,1.5607594936708855,3.2545151673628947,0.9216589861751152,Wolves,Burnley,2026-05-24T15:00:00Z,38,2.7896023
298,Lamare Bogarde,2.0,0,2.0877065823215184,2.0313064824181177,1.9983975655290631,1.9899321472113032,0.7760600908270671,0.8320655962724971,0.902284812718804,0.9638814197680602,,352.0,,392.0,355.0,970.0,40.0,,1.4,0.5,407.0,1.2808248069949075,1.3078359161516613,1.3678054318897854,1.412844796939809,1.676362537411458,1.5153499370888617,1.3943046342017076,1.3608698584092551,0.0,3.691858028883035,1.8563708873363276,1.3276444167880035,0.0,1.024837665614179,0.0,0.567159896703165,7.926031431747045e-06,0.0061960231809803,0.6627498107256365,49.18032725061114,1.7707531505668,0.0,3.8115203672324207,1.9184853929296684,1.311269806868529,0.0,0.8804821405344739,0.0,0.5927751265536766,0.0001565262656255,0.0068612331246147,0.627854626477292,43.8937243839939,1.6941545758553893,0.0,3.8787422264419433,2.1472928302315437,1.2854386886687938,0.0,0.7994492178028292,0.0,0.6610492126777398,0.0004890340876545,0.0077146648849579,0.630931187446189,41.36394091225003,1.6599930694821767,0.0,3.914716003751386,2.3509948395239424,1.2718241025116133,0.0,0.7759820818039724,0.0,0.7320698935119985,0.0007761596647471,0.0084555436191553,0.6458695130925686,40.9049255799989,1.6619516392540885,0.0,138.0,91.3,44.0,0.0,27.0,0.0,29.0,0.04,0.3299999999999999,23.44,1443.0,58.82518102081493,0.0,8.607068607068607,5.694386694386694,2.7442827442827444,0.0,1.683991683991684,0.0,1.8087318087318087,0.0024948024948024,0.0205821205821205,1.4619542619542618,3.668930209198436,0.0,Aston Villa,Manchester City,2026-05-24T15:00:00Z,38,1.4101512
299,Leandro Trossard,3.0,0,1.0829318651843192,1.067014294422874,1.145889565874812,1.235301562856742,1.967837344196661,1.6830638340953552,1.4810949370442836,1.36834061592233,,44.0,,48.0,131.0,1997.0,66.0,4.0,3.8,2.0,43.0,1.6634515217916297,1.7830577107642605,1.8145583965856904,1.80715560782024,0.5822124420335341,0.7238441428036401,0.7734040602432958,0.806032190476869,0.1585961530744968,15.839163710739356,17.100637804681092,3.7339520556698487,0.1722693450642888,0.2571544664077239,0.0,19.58761633911058,0.1421330942772277,0.145360212027909,0.4571158895540046,66.88575538772726,3.66978762500598,0.1652163529389484,14.451360212104396,16.980119546606563,3.6543992396305662,0.1589282149569272,0.4031647589516148,0.0,17.609321147148766,0.1493836523559283,0.1271975313817002,0.4712136468221776,64.26639477356628,3.5095753627410633,0.1768145823843536,14.48769096111802,17.042178393822738,3.9808552247260542,0.1868277227783684,0.5000057266461025,0.0,18.29758424564563,0.1700590792981331,0.1192849188860934,0.5121850178580761,64.97027003441141,3.5900962611556437,0.1848054729416247,14.259078171787603,16.67490438386762,4.1423006667146085,0.2116079651363057,0.5458058107914285,0.0,19.482717691949944,0.1822722011482496,0.1139198360490045,0.5533040820876644,64.58728400297905,3.6036090008419177,6.0,2041.0,2655.1,636.0,34.0,96.0,0.0,3360.0,28.489999999999995,16.989999999999995,109.26,10254.0,551.9362740979474,0.0526623756582797,17.91398478642481,23.303978935049734,5.582211819777648,0.2984201287302516,0.8425980105324752,0.0,29.49093036863663,0.2500585137507314,0.1491222937390286,0.9589818607372732,4.844379234329556,1.1934011934011937,Arsenal,Crystal Palace,2026-05-24T15:00:00Z,38,4.8272023
300,Leny Yoro,2.0,0,1.518380013408859,1.456497252041452,1.4401174887917136,1.467596997870272,0.9600736833072688,0.9970312171509038,1.1120476617581192,1.2267332376385045,,312.0,,275.0,217.0,1714.0,41.0,,1.8,1.2,250.0,1.6735000929012562,1.7366847639833465,1.7086813665971816,1.6378410489484108,1.116665576041464,1.191437761205794,1.2866564808515693,1.383140468768257,0.0003097918127724,5.995789621443076,2.35786731207293,1.706836516170694,0.0,0.990690880855484,0.0,5.986561062528469,0.0702781313883975,0.0358224059080533,0.8779443862399833,50.97821058384049,2.5931932145453125,0.0048969576327141,6.202592940230468,2.4042245554105026,1.7006233615126154,0.0,1.0083573821803755,0.0,5.320646146237852,0.0609167216702501,0.0290391872104939,0.8751900768218331,54.11184821377891,2.542978164431841,0.0141902699520207,5.925795319612308,2.574661728213847,1.6283928778332155,0.0,1.0423361589698388,0.0,4.39516495136411,0.0488945722103704,0.0221859767689169,0.8682429835303503,54.90086966033789,2.3834562361303,0.0220609612108177,5.66366225668416,2.657123309123014,1.5649664512201384,0.0,1.068848119371277,0.0,3.863223934289605,0.0429890092392928,0.0181374387848047,0.8728437196205908,55.2188724579747,2.281799048709228,1.0,276.0,138.6,77.0,0.0,57.0,0.0,178.0,2.04,0.7399999999999995,45.870000000000005,2874.0,113.5626197664637,0.0313152400835073,8.643006263048017,4.340292275574113,2.4112734864300625,0.0,1.7849686847599169,0.0,5.5741127348643005,0.0638830897703549,0.0231732776617953,1.4364300626304802,3.556240702498863,0.0,Manchester Utd,Brighton,2026-05-24T15:00:00Z,38,2.0094619
301,Leon Bailey,3.0,0,2.0877065823215184,2.0313064824181177,1.9983975655290631,1.9899321472113032,0.7760600908270671,0.8320655962724971,0.902284812718804,0.9638814197680602,4.0,230.0,,372.0,417.0,360.0,55.0,,1.3,0.1,334.0,1.2808248069949075,1.3078359161516613,1.3678054318897854,1.412844796939809,1.676362537411458,1.5153499370888617,1.3943046342017076,1.3608698584092551,0.0703719216314178,4.8722830487935775,11.898388091234477,1.2832572655099383,0.0029531034560719,0.5526724116720199,0.0,3.790347708099712,0.0175335450288426,0.1060386680603462,0.3983555292881467,22.300916460572672,1.4950279750422577,0.082290176368772,5.481763843220399,11.43229136344891,1.496226557995351,0.0189296554395643,0.6788875290876697,0.0,7.151647410749944,0.0392985480182264,0.1107243214294294,0.4924793551317934,31.016620525964232,1.7354641947770264,0.0841725138233933,6.93449213673519,12.474168030119149,1.9392278492341104,0.0545418043994788,0.7589214606390773,0.0,10.412014363877915,0.0669734796035555,0.1258912371266022,0.6108672604536842,39.80727333397815,2.1071947653994556,0.0840734857323089,8.279972750522944,13.833091203836512,2.365470080421892,0.0915276918633546,0.8036918983118884,0.0,12.714670152289258,0.0897662999579723,0.1391453371407946,0.7298010301648178,45.58613470538291,2.401758446391505,1.0,880.0,1376.8000000000002,259.0,12.0,77.0,0.0,1399.0,10.439999999999998,13.439999999999998,82.67,4663.0,244.1932099133191,0.0193008792622775,16.9847737508042,26.57345056830367,4.998927728929874,0.23161055114733,1.486167703195368,0.0,27.001930087926223,0.201501179498177,0.2594038172850096,1.5956036886124814,4.713143661204958,1.149425287356322,Aston Villa,Manchester City,2026-05-24T15:00:00Z,38,1.706401
302,Lesley Ugochukwu,3.0,1,0.6713781975253578,0.7368591485710255,0.7974005780690301,0.886711191832273,1.7556417034315248,1.7098595237868155,1.6962368721663368,1.692611722456014,,230.0,,205.0,172.0,2256.0,50.0,,2.8,0.1,174.0,0.9851174926304958,0.9787764719265952,1.022008359547608,1.0484439670146557,2.2395555570645613,2.1477716373262017,2.054383025950329,1.939848177190176,0.1878832870412101,10.312295546290027,3.9064196010686727,2.5288571731366685,0.0037942691260911,1.5623066745903391,0.0,3.3865658578642157,0.0198556407800257,0.0118728569814763,1.4472340565572557,67.89495402261277,2.274443226050348,0.1406300131131477,10.168246969235156,4.402272180441034,2.5675586975396216,0.0263951638759273,1.573913760139149,0.0,4.067249145938091,0.0358479385313274,0.0111453760909562,1.5034691976816352,68.1831808898448,2.382236946927007,0.1134448789596836,10.06196086269574,5.082175570557102,2.5585964965276458,0.0516826175278459,1.5191722491204231,0.0,4.7045387752470615,0.0482440146306984,0.0122768175119147,1.5082770995514212,67.04037150786858,2.3877465612202413,0.1003102404079277,9.625577345634222,5.527356346513674,2.4250890563780008,0.0595519816661079,1.4437110723643871,0.0,4.661634420360419,0.0497192072241603,0.0137304100198223,1.470288058158064,64.12829051674792,2.2677845396660983,3.0,629.0,420.0,155.0,4.0,95.0,0.0,293.0,3.1799999999999997,1.099999999999999,99.09,4204.0,146.05236187645323,0.0642245480494766,13.465746907706944,8.991436726926736,3.318268315889629,0.0856327307326356,2.0337773549000953,0.0,6.272597526165556,0.0680780209324452,0.0235490009514747,2.1213368220742153,3.126715644357943,1.257861635220126,Burnley,Wolves,2026-05-24T15:00:00Z,38,2.8633142
303,Levi Samuels Colwill,2.0,0,1.2993027530090575,1.1556816927460971,1.0987727083015113,1.0838528074355682,1.4810645035741192,1.4785520139318924,1.401222411431172,1.340576268058851,,452.0,,466.0,439.0,135.0,47.0,,2.5,0.1,457.0,0.7771797040896207,1.149495895839456,1.4059455313703966,1.571061594817884,2.182659026617494,1.8075292844204467,1.5294772186811345,1.4013786355097777,0.0,9.555555555555555,3.0333333333333337,2.6666666666666665,0.0,1.0,0.0,0.888888888888889,0.0,0.01,0.7377777777777778,70.0,2.0826268310020004,0.0,9.263157894736842,3.121052631578948,2.578947368421053,0.0,1.0,0.0,0.9473684210526316,0.0,0.01,0.7494736842105263,68.6842105263158,2.0062160019383275,0.0,9.12820512820513,3.1615384615384614,2.5384615384615388,0.0,1.0,0.0,0.9743589743589745,0.0,0.01,0.7548717948717949,68.07692307692308,1.9709494654474011,0.0,9.063291139240503,3.181012658227848,2.5189873417721516,0.0,1.0,0.0,0.9873417721518988,0.0,0.01,0.7574683544303797,67.78481012658227,1.9539858149834113,0.0,18.0,6.4,5.0,0.0,2.0,0.0,2.0,0.0,0.02,1.52,135.0,3.8748925115620425,0.0,12.0,4.2666666666666675,3.333333333333333,0.0,1.3333333333333337,0.0,1.3333333333333337,0.0,0.0133333333333333,1.0133333333333332,2.583261674374695,,Chelsea,Sunderland,2026-05-24T15:00:00Z,38,2.1543114
304,Lewis Cook,3.0,0,2.1739274766868766,1.800014640187395,1.4843813892721411,1.3253187290721609,1.2760144320047273,1.197664595650709,1.2623114361549288,1.3267371701590465,4.0,215.0,,333.0,301.0,871.0,49.0,,2.3,0.0,420.0,1.665259611714872,1.5751367596388566,1.5522578466798904,1.5446869163772212,0.7554228697783842,1.0240556929622369,1.2430957966446117,1.3519282732907731,0.0429092708817693,11.06003600133621,9.242626139748149,2.4374872238305976,2.854495398633044e-06,0.9673781916134402,0.0,0.404499135745092,0.0019808343228964,0.0382340671063997,0.8454650925000844,51.80190840512463,2.5729562074882435,0.0574028711170089,11.54615443262716,11.085590805156492,2.3730203681461433,0.0005154373662611,1.1178720675899674,0.0,0.8189107800187124,0.0059275204145816,0.0420110780434097,0.922365369254539,58.59660649907046,2.5009609418855248,0.0600070202106816,11.95111820774009,13.684770267408416,2.2774940911480286,0.0038945295906741,1.1870725257321613,0.0,1.3912494705081608,0.0111225023650148,0.0558750099740548,1.0250937234328152,65.11494384221827,2.412742741637815,0.0598702503453564,12.516234802578516,16.07411972839999,2.294033026487487,0.0079508842993893,1.2401913008652048,0.0,1.8448127196510749,0.0145236805043467,0.0697335266545475,1.1297538758529904,70.89690666588675,2.404866810182276,1.0,1133.0,1592.6,203.0,1.0,114.0,0.0,193.0,1.4299999999999995,7.1999999999999975,109.55,6634.0,204.78979925170196,0.0135664757310823,15.370817003316253,21.60596924932167,2.7539945734097073,0.0135664757310823,1.5465782333433824,0.0,2.6183298160988846,0.0194000602954476,0.0976786252637925,1.4862074163400665,2.7782758415214315,0.6993006993006996,Bournemouth,Nottingham Forest,2026-05-24T15:00:00Z,38,2.1796877
305,Lewis Dunk,2.0,1,1.840832047565444,1.809043192946828,1.7503560523911208,1.6644300751948404,1.22773277493323,1.230558127920629,1.293397159421104,1.3794963287296922,,276.0,3.0,148.0,68.0,2747.0,45.0,,3.1,0.9,169.0,1.8979750167610736,1.6183302800534345,1.5159138462337038,1.5053512875565596,0.950092104134086,0.996701352389878,1.117944961587651,1.2325660053177352,0.0003097304035288,17.203292518050212,4.748548112364548,4.753219101693575,0.1600001253936566,0.7454005572973638,0.0,11.98255037518244,0.1170638286339627,0.0141602482189333,0.8784863037378275,78.62957487710399,5.160480884556731,0.0048776104169499,15.541801416659004,4.382628587388172,3.9636309014436018,0.0901971669078806,0.9351040768339184,0.0,9.378578826405269,0.0841754830820283,0.018546092789798,1.0888688059062048,82.1483831344388,4.597665471245104,0.0140108371034423,14.134198167370808,4.239255716074247,3.2624837981712425,0.0526429205044286,1.1707686388083316,0.0,7.914303651724487,0.0646924164149444,0.0231980246399358,1.2261558424956078,84.25059450817535,4.024913526609045,0.0216078087020293,14.532853091191251,4.463705680293619,2.9598678708499784,0.0473304510634896,1.3456108349646,0.0,8.300468930808,0.0589438248579616,0.0295238462173124,1.2846955707874332,85.40152674458638,3.71845548483443,1.0,2328.0,648.0,417.0,10.0,192.0,0.0,1465.0,8.439999999999998,4.989999999999998,169.10000000000002,11664.0,485.93314110732194,0.007716049382716,17.962962962962962,5.0,3.217592592592592,0.0771604938271604,1.4814814814814816,0.0,11.304012345679013,0.0651234567901234,0.038503086419753,1.304783950617284,3.7494841134824224,1.184834123222749,Brighton,Manchester Utd,2026-05-24T15:00:00Z,38,3.126583
306,Lewis Hall,2.0,0,0.6778779658843567,0.924018470010329,1.1073081949231147,1.2014107865787766,1.1735260962061695,1.2474230176816807,1.319555879612648,1.3684865116798042,2.0,80.0,1.0,104.0,107.0,2086.0,53.0,,2.7,3.3,188.0,1.3275696596803437,1.3822876109761566,1.4569662457029895,1.5517182423639602,1.3846503455189316,1.4919863902684225,1.457703428287506,1.4015191720577116,0.0082302016586896,9.662991164275889,15.262933319466692,1.745207267638931,0.0268435484269556,1.117522984679698,0.0,10.154543443931288,0.0433655608733553,0.0761745392742733,1.3892117087874216,74.34013801634833,2.6807837711132505,0.0309078508832725,10.900035400238496,15.723368003877482,2.2906309753389893,0.0387617215895037,1.267937590359844,0.0,7.959446681654385,0.0363935748949652,0.0883260169115186,1.3884978594263906,75.13475544205184,2.8708966292943887,0.0497793232150822,12.139327825732131,15.738446471515916,2.723479132327712,0.0323169784156745,1.2761708252580222,0.0,6.75862879933871,0.031676356397191,0.096841983882929,1.2878848424609064,74.67035016841756,3.0751816873070164,0.0597280720532233,12.66600138816625,15.348551543283904,2.89730797984675,0.023741560923686,1.1985380358427014,0.0,6.030932672228618,0.0276559495512948,0.0992450315776769,1.1828150311044543,72.46687217872525,3.118833848293576,2.0,908.0,1023.8,209.0,1.0,75.0,0.0,376.0,1.6099999999999997,6.869999999999999,74.75999999999999,4849.0,215.8886311224586,0.0371210558878119,16.85295937306661,19.00226850897092,3.8791503402763454,0.0185605279439059,1.392039595792947,0.0,6.97875850690864,0.0298824499896885,0.1275108269746339,1.387585069086409,4.007006970719999,0.6211180124223604,Newcastle Utd,Fulham,2026-05-24T15:00:00Z,38,2.9469447
307,Lewis Miley,3.0,0,0.6778779658843567,0.924018470010329,1.1073081949231147,1.2014107865787766,1.1735260962061695,1.2474230176816807,1.319555879612648,1.3684865116798042,,158.0,,209.0,197.0,1493.0,44.0,,3.1,1.9,234.0,1.0118275932505365,1.249737791321129,1.4010700602607706,1.5290139799493971,1.6010161648733303,1.6073906052761522,1.5071511191577591,1.422445949477917,0.1585788167610353,15.091881497075752,11.1499626209833,3.117135755049508,0.0090481834956967,1.3093151811025372,0.0,4.377890167434561,0.0505574605119553,0.072984106005238,1.4049385935301442,82.69924169899407,3.2792046466352875,0.1758710022548912,14.797980525477614,10.891188454312523,3.11571465584741,0.0278368915224988,1.1430693749587486,0.0,5.4060750672916456,0.0605347177889613,0.0850448071176986,1.1670544587968903,72.65851536586288,3.2288982587177832,0.1776894547660981,13.459348649228955,9.79817254219618,2.865314514981379,0.041871537513223,1.0084569774365737,0.0,5.5230052480252345,0.0586880088993302,0.0776776799769864,1.023534275101663,62.63662116255835,2.896586790899025,0.1765012064110237,12.60075210087155,9.147457506491676,2.679211982637582,0.048769043623692,0.9779564214780874,0.0,5.578861053406066,0.057685061511018,0.0702248371237335,1.005803378247049,57.76809199630649,2.6661322006400674,4.0,656.0,478.1,138.0,3.0,55.0,0.0,318.0,3.2299999999999995,3.4799999999999995,57.97,3014.0,135.60202310256582,0.119442601194426,19.588586595885864,14.276376907763767,4.120769741207697,0.0895819508958195,1.6423357664233575,0.0,9.495686794956868,0.0964499004644989,0.1039150630391506,1.731021897810219,4.049164591649278,0.9287925696594428,Newcastle Utd,Fulham,2026-05-24T15:00:00Z,38,3.1327147
308,Liam Delap,4.0,0,1.2993027530090575,1.1556816927460971,1.0987727083015113,1.0838528074355682,1.4810645035741192,1.4785520139318924,1.401222411431172,1.340576268058851,,335.0,,312.0,411.0,1087.0,62.0,,1.6,0.9,88.0,0.8217437632716966,1.134546306254829,1.3856480673125384,1.5567381638705695,1.9461272212939953,1.726776355974721,1.5030031132035966,1.391311211572286,0.0225946188055247,1.7559657038594465,2.6409459008874543,1.452852567901172,0.0072871499537703,0.8205211374883482,0.0,7.872339163706819,0.1231256982501173,0.0067012473938551,0.8970902184682387,51.422868147867455,1.6192757104221902,0.0542758738957065,3.4366218709293053,2.808883871807886,1.6457915589385224,0.0319026767891929,0.7609683512481238,0.0,10.274834669526763,0.1489822440887409,0.0077185247695887,0.7532090886914349,44.35642996000492,1.8344358325474603,0.0685671287794546,5.454984420838491,3.5151000345003056,1.9814895495630336,0.0814487702810721,0.8805782771802283,0.0,13.13508592833258,0.1735746339739693,0.0127251010275649,0.8088307166359613,46.18250165469679,2.122737789902059,0.0726764871042326,7.125751647177227,4.369347703184802,2.3144839593249564,0.1320481636268783,1.0266773380972054,0.0,15.190081783027098,0.1926065179715076,0.0181228981593492,0.9296662958381696,50.46859437208259,2.375478852951344,2.0,596.0,364.4,180.0,13.0,80.0,0.0,1136.0,14.079999999999998,1.6099999999999994,73.4,3721.0,175.94017947686208,0.0483740929857565,14.415479709755443,8.813759742004837,4.353668368718087,0.3144316044074173,1.934963719430261,0.0,27.476484815909703,0.3405536146197258,0.0389411448535339,1.7753292125772644,4.255473300972208,0.9232954545454548,Chelsea,Sunderland,2026-05-24T15:00:00Z,38,2.156648
309,Lisandro Martínez,2.0,0,1.518380013408859,1.456497252041452,1.4401174887917136,1.467596997870272,0.9600736833072688,0.9970312171509038,1.1120476617581192,1.2267332376385045,,302.0,,332.0,247.0,1139.0,48.0,,2.6,0.4,402.0,1.5510400594568043,1.6767146588237771,1.6845847107711722,1.6300722140718211,1.0346659686665372,1.1450645865745794,1.256207192705972,1.3635337208812568,0.0,16.14036752422572,6.050639239597932,2.805558764406905,0.0059088544829683,1.1624276906959088,0.0,2.319377275219076,0.0208463876043352,0.0397332020408481,1.307221008001911,82.30338152184677,3.754002681726567,0.0,14.7065103769772,6.194280573324996,2.8976542392466573,0.0273410917552124,1.089098666617594,0.0,2.5087110429061488,0.0197421169673103,0.0426465569979634,1.152356365447622,78.07967208154598,3.451733367484685,0.0,13.948336583592956,6.285731299492916,2.8866730361167834,0.0413067237771857,1.0874152767948575,0.0,3.202133853181229,0.0248806459588879,0.0429796651363471,1.1329852143521464,75.65808995970946,3.207670713324737,0.0,13.62787801337572,6.239523995340777,2.809455766683222,0.0439557576146057,1.1028040815156728,0.0,3.5675030927301385,0.0282902916055346,0.0417790924406534,1.1483691503803377,74.60152036979473,3.0397278616248165,0.0,642.0,293.2,128.0,2.0,54.0,0.0,181.0,1.4799999999999998,1.8799999999999992,56.25,3533.0,136.21671082002118,0.0,16.354373054061703,7.469006510048117,3.2606849702802148,0.0509482026606283,1.3756014718369658,0.0,4.610812340786866,0.0377016699688649,0.0478913105009906,1.4329181998301728,3.4699982943113237,1.3513513513513515,Manchester Utd,Brighton,2026-05-24T15:00:00Z,38,2.619586
310,Lorenzo Lucca,4.0,1,1.5322076893718972,1.5176230765891512,1.5246329989409293,1.5307653860088308,0.8043382958227075,1.0216501233696416,1.230935744218627,1.342933417719982,,423.0,,437.0,438.0,126.0,53.0,,2.2,0.0,356.0,2.5217616823232456,1.8642156149346971,1.481307544578573,1.3156958315386158,0.8062725500073848,0.9971167542503055,1.1798069031268834,1.290272146013368,0.0,6.132791327913279,3.3818428184281837,1.9105691056910568,0.1734417344173442,0.2710027100271002,0.0,8.823848238482384,0.1728726287262872,0.002710027100271,0.4577235772357723,27.314363143631436,2.054644726851445,0.0,7.212271009014248,3.330008723466124,2.0834544925850533,0.2119802268101192,0.2617039837161966,0.0,9.284966560046524,0.1861703983716197,0.0026170398371619,0.4670689153823786,29.556266356498988,2.1569766621953717,0.0,7.737221604501498,3.292728865527814,2.1676943293237643,0.2311061693453283,0.2560733178341588,0.0,9.517874591461975,0.1920765524444893,0.0025607331783415,0.4701960982512888,30.56450689039388,2.203398192968214,0.0,7.9952181830718,3.271958841494328,2.209106136867849,0.2405874456012556,0.2530834404746936,0.0,9.634128139715036,0.1948476429576693,0.0025308344047469,0.4714423322612437,31.041186896442632,2.2254293274242736,0.0,33.0,13.0,9.0,1.0,1.0,0.0,39.0,0.79,0.01,1.89,126.0,8.986739614336628,0.0,23.571428571428573,9.285714285714285,6.428571428571428,0.7142857142857142,0.7142857142857142,0.0,27.857142857142858,0.5642857142857143,0.0071428571428571,1.35,6.419099724526163,1.2658227848101264,Nottingham Forest,Bournemouth,2026-05-24T15:00:00Z,38,2.0165768
311,Loum Tchaouna,3.0,1,0.6713781975253578,0.7368591485710255,0.7974005780690301,0.886711191832273,1.7556417034315248,1.7098595237868155,1.6962368721663368,1.692611722456014,,183.0,4.0,279.0,327.0,1185.0,48.0,,1.9,0.0,218.0,0.9851174926304958,0.9787764719265952,1.022008359547608,1.0484439670146557,2.2395555570645613,2.1477716373262017,2.054383025950329,1.939848177190176,0.0007570429713305,10.305924932148208,17.40915953344838,2.5757942741508764,0.1305583796430016,1.3249274619504916,0.0,8.716141575588741,0.0533514388610393,0.0409871663264845,1.1292694045614249,56.78779277480407,2.4240819109641674,0.0075754386664411,8.31557112249228,12.55736416663865,2.186891622210041,0.0983022926785026,1.0859000589809626,0.0,7.1280274075314605,0.0482111048522314,0.0374137108965056,0.9504458263371186,46.95865333480692,2.0713131911667384,0.0181972814151782,7.486438224573351,9.977915671706016,2.039675697510817,0.0827230650106951,0.9479925374232252,0.0,6.422800185677562,0.0460578340699601,0.0344993261437496,0.8797510042749442,43.85972282527318,1.919111600195896,0.0261427166104949,7.18383453800445,8.794561785368986,1.992773886315518,0.0764705493741303,0.882140645019402,0.0,6.133443163255444,0.0452453245058075,0.0328122165214422,0.8549226460229288,42.9242855383455,1.857119827359469,1.0,195.0,216.8,55.0,2.0,23.0,0.0,165.0,1.25,0.87,23.44,1185.0,50.55845679849281,0.0759493670886076,14.81012658227848,16.46582278481013,4.177215189873418,0.1518987341772152,1.7468354430379749,0.0,12.531645569620252,0.0949367088607594,0.0660759493670886,1.780253164556962,3.8398827948222394,1.6,Burnley,Wolves,2026-05-24T15:00:00Z,38,2.4546301
312,Luca Netz,2.0,1,1.5322076893718972,1.5176230765891512,1.5246329989409293,1.5307653860088308,0.8043382958227075,1.0216501233696416,1.230935744218627,1.342933417719982,,396.0,,428.0,421.0,326.0,45.0,,1.7,0.0,425.0,2.2174093458585955,1.7777940416108506,1.457231199250763,1.30762240589473,0.845018040005908,0.9974050788647442,1.1708124605074612,1.2828488912433935,0.0,4.236880909012056,6.307953855494839,1.7372712290745076,0.0,1.203486859224564,0.0,1.7779512533610893,0.0,0.0412559632231763,1.751886546968514,64.1019169051956,2.0806372104355173,0.0,4.611365911229962,5.636408435223738,1.7106895823151405,0.0,1.0052095894006945,0.0,1.7199498889147364,0.0,0.0542421338614774,1.5055297198431783,59.12622743347155,2.0252004402010044,0.0,4.739048782186795,5.2978890203613656,1.6903337177236992,0.0,0.9158836268637728,0.0,1.6925325344242304,0.0,0.0611926600255666,1.391781961657813,56.69338914042069,1.9949872321542752,0.0,4.790068275035136,5.131027302591007,1.678852775465628,0.0,0.8737610196708502,0.0,1.6793879953197006,0.0,0.0647444187086559,1.3375015354316508,55.5029042241326,1.979689966411287,0.0,29.0,29.8,10.0,0.0,5.0,0.0,10.0,0.0,0.41,7.71,326.0,11.786408432984569,0.0,8.006134969325153,8.226993865030675,2.7607361963190185,0.0,1.3803680981595092,0.0,2.7607361963190185,0.0,0.1131901840490797,2.128527607361963,3.253916438554022,,Nottingham Forest,Bournemouth,2026-05-24T15:00:00Z,38,1.9814216
313,Lucas Bergvall,3.0,1,1.6283071946132468,1.5057146814462412,1.3634947000475075,1.2786717611892149,2.0676488183511657,1.6928646449335476,1.4536958060334333,1.368632576429858,,286.0,,324.0,331.0,955.0,52.0,,2.1,0.2,233.0,1.1602572404916578,1.1253075440578808,1.219732057328785,1.3640692282745794,1.4919019513510654,1.6725076049034162,1.668794615755819,1.6227478154999757,0.1169678765138036,4.3426133016506,3.2216651703640804,1.5526685381001362,0.0028823448997181,0.7630393686117712,0.0,3.1940274573541396,0.030661874019693,0.0096421445319431,0.4828218803933053,25.05313075640402,1.4198616859504185,0.1227021950815532,5.551042785825267,4.341162687010721,1.7728411475670545,0.0135784977015367,0.883873384067765,0.0,4.196499620845986,0.0393928525228847,0.0151119372563615,0.5997080112318235,34.84382311639474,1.6705721531602014,0.1261884081686698,6.6556908282454925,5.376402775591458,1.8942274313506196,0.0204404717177305,0.911560851610094,0.0,4.911740272540995,0.0423835779503591,0.0195988508976042,0.687926879510751,40.829926303914945,1.8073194323051376,0.1282614116012684,7.191297429315916,5.975408131370191,1.9065125234842688,0.0215226660065257,0.8997442321511542,0.0,5.046980625262852,0.0415544661103663,0.0222753669544488,0.730733287545549,42.81115201575506,1.8324463786615852,3.0,377.0,324.9,93.0,1.0,43.0,0.0,244.0,1.9299999999999995,1.2499999999999991,37.760000000000005,2155.0,90.32133671555694,0.1252900232018561,15.744779582366588,13.56890951276102,3.883990719257541,0.0417633410672853,1.7958236658932714,0.0,10.190255220417631,0.0806032482598607,0.0522041763341066,1.5769837587006963,3.7721207909049297,0.5181347150259069,Tottenham,Everton,2026-05-24T15:00:00Z,38,1.8241982
314,Lucas Digne,2.0,0,2.0877065823215184,2.0313064824181177,1.9983975655290631,1.9899321472113032,0.7760600908270671,0.8320655962724971,0.902284812718804,0.9638814197680602,2.0,69.0,2.0,143.0,178.0,1842.0,45.0,,3.1,1.5,248.0,1.424659845595926,1.3770523245396504,1.3994154522796445,1.4275718895734348,1.7410900299291667,1.5638149433821844,1.4245896822370918,1.376900592278413,0.386296928815377,10.95631837283632,15.986480629582864,2.948744167779584,3.291009114750347e-08,1.1069518866946908,0.0,2.789547245083269,0.0182137490647021,0.1152447290711478,0.9729447522617952,61.31593104257627,2.796256880765644,0.3046071159741433,11.712425700632007,15.761307636084537,3.004294846197892,6.26580881034904e-05,0.9752715000289304,0.0,3.376533987791686,0.018956289914782,0.1136195192256732,0.9253845188167216,59.354219719033615,2.9933006736206216,0.2616495655491411,12.3018983749641,16.076155380051304,2.973155004789979,0.0013812404450053,0.9480983118037462,0.0,3.8614809184910217,0.0213628658137768,0.1089966967526004,0.9357691100816828,61.23160451030664,3.110602164160004,0.2424769618281507,12.802844114417216,17.049688298073896,2.871797873515613,0.0044175777948659,1.0136175446847893,0.0,4.351278587607071,0.0241231139468003,0.1089804958848196,0.9840742914290856,64.63439634155124,3.1146992488215974,7.0,1883.0,2616.1,358.0,1.0,157.0,0.0,702.0,3.5999999999999988,15.519999999999998,141.70999999999998,9310.0,401.77068616932536,0.0676691729323308,18.20300751879699,25.289903329752956,3.460794844253491,0.0096670247046186,1.5177228786251342,0.0,6.78625134264232,0.0348012889366272,0.150032223415682,1.3699140708915143,3.883927148790471,0.2777777777777779,Aston Villa,Manchester City,2026-05-24T15:00:00Z,38,2.1003904
315,Lucas Estella Perri,1.0,0,0.9286294544735864,1.0856375066906117,1.1528129081947445,1.198210556571093,1.6522039078284754,1.568477982680725,1.610655951538412,1.6495020971055678,,656.0,,269.0,108.0,1440.0,45.0,,2.7,0.3,632.0,1.419091044895435,1.4093499372464793,1.3263859589248208,1.2927880547003667,1.2395548776278766,1.5504891214706498,1.7024513201889806,1.7447481403900236,0.0,9.955547887039929,0.0,2.8124512370944608,0.0,1.7874361597952555,2.4720899532453235,0.0,0.0,0.0,1.725255148642468,90.0,3.5486039677972028,0.0,9.758710089046188,0.0,2.73245452099494,0.0,1.7709861949155454,2.460150470233926,0.0,0.0,0.0,1.6890977394115652,90.0,3.458667365980602,0.0,9.640480980090183,0.0,2.699219586024356,0.0,1.7889208348549372,2.4290651955723077,0.0,0.0,0.0,1.678278484173103,90.0,3.421691309485222,0.0,9.594550263430609,0.0,2.6901413807564465,0.0,1.800575518723847,2.404958388300272,0.0,0.0,0.0,1.6731026632686854,90.0,3.4105801680241923,0.0,153.0,0.0,43.0,0.0,29.0,38.0,0.0,0.0,0.0,26.68,1440.0,54.491189997964646,0.0,9.5625,0.0,2.6875,0.0,1.8125,2.375,0.0,0.0,0.0,1.6675,3.4056993748727904,,Leeds United,West Ham,2026-05-24T15:00:00Z,38,3.2920892
316,Lucas Pires Silva,2.0,1,0.6713781975253578,0.7368591485710255,0.7974005780690301,0.886711191832273,1.7556417034315248,1.7098595237868155,1.6962368721663368,1.692611722456014,3.0,161.0,,281.0,289.0,1315.0,38.0,,1.2,0.3,325.0,0.9851174926304958,0.9787764719265952,1.022008359547608,1.0484439670146557,2.2395555570645613,2.1477716373262017,2.054383025950329,1.939848177190176,0.0,4.860032598684308,11.703058915400996,1.022230658214527,0.0,1.2835601753592525,0.0,1.7475556396517644,0.0047178631028917,0.0664628228092708,1.1331590126014104,64.45757198023436,1.8618776756163804,0.0,5.466412462582172,13.135922957425043,1.1107231797145365,0.0,1.4219415903496655,0.0,2.529972554818528,0.0102207402887934,0.0682504421643141,1.255386670474648,66.56815832502168,1.9901800629193875,0.0,5.692472609652558,13.625184417619897,1.1650543449016548,0.0,1.483440562091417,0.0,3.012303063525831,0.0137959452487661,0.0709635955705729,1.3217516382112149,68.08466990083801,2.086942857042106,0.0,5.759555891044768,13.787687007122496,1.1897121959022048,0.0,1.5076314421360564,0.0,3.250306440392712,0.0156159084323501,0.0725624211956959,1.3502745531378633,68.72755833057887,2.13439247006737,0.0,110.0,264.0,23.0,0.0,29.0,0.0,66.0,0.33,1.41,26.1,1315.0,41.36615449711051,0.0,7.528517110266159,18.068441064638783,1.5741444866920151,0.0,1.9847908745247147,0.0,4.517110266159696,0.0225855513307984,0.0965019011406844,1.7863117870722434,2.8311436537946353,0.0,Burnley,Wolves,2026-05-24T15:00:00Z,38,2.1085348
317,Lucas Tolentino Coelho de Lima,3.0,1,1.4873748164371934,1.4101831854236713,1.3542056928734252,1.3172760593840596,0.7915192984902504,1.0407607451397949,1.3223124000649034,1.5182899044580005,3.0,27.0,2.0,43.0,73.0,1513.0,59.0,1.0,3.8,1.9,99.0,0.8771415328865868,1.0087910042181265,1.090377295817252,1.172193855191504,2.110682975189072,1.9582835408150132,1.8461756162599885,1.7712495817799117,0.2056476588795991,15.162431478727234,19.893959447110294,4.171218656881479,0.2065146244155688,1.5086130703225025,0.0,8.915052833127906,0.1711573228257042,0.1099651266598187,1.2740945870635496,78.44070948310019,3.5659402125676873,0.1621706318422457,14.87009433915714,20.74432911970378,3.5976112403007003,0.1804793041281445,1.596447477606369,0.0,8.983009995431482,0.1478086506169729,0.1123456101212323,1.2704622764760902,79.62171617785182,3.3369902738739685,0.1367266465153666,14.02069596585861,20.888449163882463,3.2229797291986353,0.162510122926093,1.6405249093359886,0.0,8.976198718671895,0.1467251375679253,0.1132400598775138,1.3022546150923786,78.8658901468633,3.248566984436771,0.1238078517026974,13.414520283430756,21.016971910377197,3.069777819865218,0.1518681756150739,1.6525440207801798,0.0,9.205968682831887,0.1521169419212216,0.1161141091044313,1.3562351015132814,78.44926086642032,3.228662911709104,2.0,1106.0,1823.4,259.0,12.0,139.0,0.0,823.0,13.72,10.579999999999997,123.21,6759.0,275.77647663438785,0.0266311584553928,14.727030625832224,24.279627163781623,3.448735019973369,0.1597869507323568,1.8508655126498004,0.0,10.95872170439414,0.1826897470039946,0.1408788282290279,1.640612516644474,3.6721235237601575,0.8746355685131196,West Ham,Leeds United,2026-05-24T15:00:00Z,38,3.6605659
318,Luis Guilherme Lira dos Santos,3.0,1,1.4873748164371934,1.4101831854236713,1.3542056928734252,1.3172760593840596,0.7915192984902504,1.0407607451397949,1.3223124000649034,1.5182899044580005,,340.0,,409.0,406.0,121.0,49.0,,1.0,0.0,371.0,1.641134815732161,1.3598664211949834,1.263884305205921,1.267644173641373,1.8350606869999824,1.7978165184185328,1.7484975635876885,1.7152775199989976,0.0,2.996720760441218,3.3725584536833533,1.0,0.0,0.435481546624942,0.0,1.8709428897535776,0.0281405389134902,0.0079165921144461,0.3176433648125412,21.30776851287661,1.1646216597112902,0.0,3.166682122473085,3.4698446462005084,1.0,0.0,0.4277886805487885,0.0,2.174885045312491,0.0314108771372944,0.0080340325879927,0.2900235099812428,18.41760845724596,1.18132623569517,0.0,3.288838323071072,3.5991731669996723,1.0,0.0,0.42158372342068,0.0,2.1901591255973347,0.0308034524989837,0.0086139742170375,0.2752654742045159,16.83944531210754,1.1800314798144216,0.0,3.3513073432082208,3.671107586288041,1.0,0.0,0.4171618297201805,0.0,2.163577009867073,0.0299612531608702,0.0089955000515144,0.2678795054609575,16.05656864356415,1.1769665433037408,0.0,58.0,63.6,17.0,0.0,7.0,0.0,36.0,0.4899999999999999,0.16,4.43,260.0,19.932979472717555,0.0,20.076923076923077,22.015384615384615,5.884615384615385,0.0,2.4230769230769234,0.0,12.461538461538462,0.1696153846153845,0.0553846153846153,1.5334615384615384,6.899877509786846,0.0,West Ham,Leeds United,2026-05-24T15:00:00Z,38,1.6549886
319,Lukas Nmecha,4.0,0,0.9286294544735864,1.0856375066906117,1.1528129081947445,1.198210556571093,1.6522039078284754,1.568477982680725,1.610655951538412,1.6495020971055678,,268.0,,190.0,253.0,975.0,50.0,2.0,2.4,0.5,67.0,1.609218520546492,1.4557591011541449,1.3728565942724111,1.3255979439912915,0.9893991231128136,1.1564008437632494,1.3919395085176185,1.558113373678318,0.021501453990798,6.598660484370549,7.981684980337032,1.561512885236768,0.0500148891985046,0.4016875497805799,0.0,12.55252200026402,0.1236251905774389,0.0303593367664807,0.5934487099211141,29.78772790149929,1.775154787091065,0.0364113639001058,7.704260822855674,6.40991616285102,2.0282211772996144,0.1212960758728304,0.5359420787970784,0.0,13.614453255560896,0.1739474778994841,0.0371398845535059,0.6203517040435935,31.80357659433285,2.1647117236188262,0.038118569630732,8.304918378430717,5.375065969610103,2.259901133966645,0.1646478531143217,0.611875228794158,0.0,13.968103841585217,0.2039136290963604,0.0375458018573941,0.6392781557775286,32.5600507923272,2.367702867630146,0.0364737226483865,8.514286973507023,4.820040323064463,2.34469146629267,0.1839596012626073,0.6434442187361521,0.0,13.974768474478878,0.2172745359527591,0.0363779575988068,0.6431069549195381,32.6532519746516,2.4452875263023777,1.0,259.0,128.2,72.0,6.0,20.0,0.0,415.0,6.85,1.03,19.23,975.0,74.94030963407985,0.0923076923076923,23.907692307692308,11.833846153846151,6.6461538461538465,0.5538461538461539,1.8461538461538465,0.0,38.30769230769231,0.6323076923076922,0.095076923076923,1.775076923076923,6.917567043145833,0.8759124087591241,Leeds United,West Ham,2026-05-24T15:00:00Z,38,2.5497394
320,Luke O'Nien,2.0,1,1.0573950106173575,1.221091675632897,1.4163659335031855,1.5678551940989556,1.7569017770351965,1.6540987203742674,1.4778527368431342,1.381497105747743,,450.0,,434.0,408.0,475.0,40.0,,1.8,0.1,407.0,0.8739904195180044,0.946034418834362,0.9799623012717682,1.0016999219902454,1.6013696707264908,1.5329499585552229,1.426295372575658,1.3551781333246342,0.0,7.998702710216093,0.8240458619933078,2.4921916499149823,0.0,1.030958675933212,0.0,2.3180291913614117,0.0137402811648144,0.0152826933638506,1.1242892668767928,62.79873307284179,2.8576204256116373,0.0,7.145814672756334,0.7335899443967852,2.1773277883579203,0.0,0.7766077368194024,0.0,1.8906121146839432,0.0096474821124872,0.0134322680406893,0.9413033322227128,53.4416227629766,2.4937581504414643,0.0,6.63160097174528,0.6810814943569005,2.0000292632663936,0.0,0.656003735003948,0.0,1.669361949890564,0.0078907716329602,0.0122125120348501,0.8482580809162217,48.314986417475666,2.2831768493414164,0.0,6.362963578181221,0.6541820315219907,1.9092388128283515,0.0,0.5992772403256772,0.0,1.5606645278884803,0.0070977550488724,0.0115660925802972,0.8029946274978484,45.736139304673465,2.1747057148795523,0.0,67.0,6.9,20.0,0.0,6.0,0.0,16.0,0.07,0.12,8.35,475.0,22.722626941195173,0.0,12.694736842105264,1.3073684210526315,3.789473684210526,0.0,1.136842105263158,0.0,3.031578947368421,0.0132631578947368,0.0227368421052631,1.582105263157895,4.305339841489611,0.0,Sunderland,Chelsea,2026-05-24T15:00:00Z,38,2.1728148
321,Luke Shaw,2.0,0,1.518380013408859,1.456497252041452,1.4401174887917136,1.467596997870272,0.9600736833072688,0.9970312171509038,1.1120476617581192,1.2267332376385045,3.0,129.0,,153.0,101.0,3139.0,45.0,,2.9,1.1,286.0,1.5510400594568043,1.6767146588237771,1.6845847107711722,1.6300722140718211,1.0346659686665372,1.1450645865745794,1.256207192705972,1.3635337208812568,0.0003869567219852,15.747106371776692,6.313321907186888,4.572968407943046,0.2000000216553139,1.0907578564251512,0.0,5.6892415492922845,0.0329270140430189,0.0770204380423677,1.397308878146703,85.25306894862938,3.8068517004525257,0.0053417839898796,13.912446132300786,7.584844452280308,3.8019461129903087,0.1000601631475853,1.0946567415382669,0.0,4.246176001984112,0.0284699413515714,0.0646744949149762,1.271323901701128,83.80430241038945,3.6549594152422538,0.0139880107473199,13.052430843549294,10.18824366700737,3.1695338988009496,0.0518124037201214,1.1383223650477825,0.0,3.465303748686549,0.0220604783530899,0.0662100257369947,1.213173587989759,82.51664300896601,3.376477975647379,0.0202344477527324,13.8834752760679,14.703162254649255,2.842130070431601,0.0325456949408515,1.1832352620616802,0.0,3.4776624660690136,0.0167559388345452,0.0770432969455332,1.2189756120204036,81.56612189976411,3.1817723363017936,1.0,1473.0,2035.8,234.0,2.0,111.0,0.0,377.0,0.97,8.639999999999999,111.12,7144.0,270.87186113119105,0.0125979843225083,18.556830907054874,25.6469764837626,2.947928331466965,0.0251959686450167,1.3983762597984322,0.0,4.749440089585667,0.0122200447928331,0.1088465845464725,1.3998880179171334,3.4124394599394168,2.061855670103093,Manchester Utd,Brighton,2026-05-24T15:00:00Z,38,2.7609217
322,Lutsharel Geertruida,2.0,1,1.0573950106173575,1.221091675632897,1.4163659335031855,1.5678551940989556,1.7569017770351965,1.6540987203742674,1.4778527368431342,1.381497105747743,,259.0,,295.0,259.0,1591.0,45.0,,2.0,0.1,277.0,0.8739904195180044,0.946034418834362,0.9799623012717682,1.0016999219902454,1.6013696707264908,1.5329499585552229,1.426295372575658,1.3551781333246342,0.0,11.460923194053164,6.642745078613827,2.707765447914941,0.0,0.8216210120415776,0.0,8.701307832846966,0.059596628577872,0.0310176912711859,1.1028143221161668,77.03069411800628,3.6821753844817033,0.0,9.860871449884492,6.233972274929648,2.3935914527782427,0.0,0.8730208048975457,0.0,6.2102813517175095,0.041339354231053,0.0316029615251656,1.1511737836730545,69.40674192364175,3.210843426682556,0.0,9.15896569279128,5.720828864053049,2.2040388758423712,0.0,0.8645082555834643,0.0,4.868409662348828,0.0336592339258873,0.0312124613939397,1.1494295146837803,64.54451698119932,2.9553924973129706,0.0,8.832395846357384,5.371618467217955,2.1028486524585435,0.0,0.8449952821236671,0.0,4.27719205159628,0.030975847891728,0.0308393126558606,1.1355448934392822,61.81724890415714,2.8272758169679713,0.0,230.0,134.3,54.0,0.0,22.0,0.0,102.0,0.79,0.82,30.03,1591.0,72.9458430165657,0.0,13.010685103708358,7.597108736643621,3.0546825895663106,0.0,1.2445003142677562,0.0,5.769956002514142,0.044688874921433,0.0463859208045254,1.6987429289754872,4.126414752665565,0.0,Sunderland,Chelsea,2026-05-24T15:00:00Z,38,2.7126286
323,Lyle Foster,4.0,1,0.6713781975253578,0.7368591485710255,0.7974005780690301,0.886711191832273,1.7556417034315248,1.7098595237868155,1.6962368721663368,1.692611722456014,,241.0,,250.0,283.0,1361.0,49.0,,2.2,0.7,124.0,0.7313968657881189,0.8653071737706837,0.9705104204265952,1.0234707637268334,2.2994444463307016,2.1641907106375924,2.057246663678675,1.9382695169252095,0.1045606897011119,4.557942424922368,3.474300764929505,1.8337081286226744,0.0265582521263387,0.935391388176132,0.0,11.36474838578908,0.0976529368759402,0.0124249706676101,0.8512072718217317,39.340910160722075,1.6891657215374782,0.0896331715253126,5.812372564747256,4.719954206336524,1.9952684619224577,0.0671839628054739,1.0611290934587136,0.0,11.44846527038096,0.1180339267506678,0.0158356237705701,0.9641202216902988,46.22012389550635,1.9006589555814557,0.0813285343759045,7.002067746789695,6.198143767675076,2.23878881416155,0.1044176929470559,1.2076816159699604,0.0,12.424311443363226,0.1330590550199591,0.0222988870550036,1.1296097035894497,54.09643251377899,2.12262444225058,0.0785111192874261,7.775448269278956,7.196905641947207,2.4365689981984544,0.1298820792176402,1.3219824418546802,0.0,13.398266826326449,0.1422784176097809,0.0273281186517393,1.246084580456412,59.51182538693278,2.2637179774534673,2.0,431.0,410.4,134.0,8.0,73.0,0.0,729.0,7.58,1.6399999999999997,68.38,3259.0,120.03809630860296,0.0552316661552623,11.902424056459036,11.333537895059832,3.7005216324025776,0.2209266646210494,2.015955814667076,0.0,20.131942313593125,0.2093280147284443,0.0452899662473151,1.8883706658484196,3.314952030614994,1.0554089709762533,Burnley,Wolves,2026-05-24T15:00:00Z,38,2.5132172
324,Mads Hermansen,1.0,1,1.4873748164371934,1.4101831854236713,1.3542056928734252,1.3172760593840596,0.7915192984902504,1.0407607451397949,1.3223124000649034,1.5182899044580005,,412.0,,328.0,177.0,1530.0,42.0,,4.1,0.9,616.0,0.9107868180919828,1.0951527852122245,1.16085576712912,1.203309571343217,1.3152548847855938,1.4094199807491106,1.5375319051139422,1.6147602101157532,0.2046073478783101,13.452186936695952,2.8193589503366736,3.7771921418829217,0.0,1.68045563211317,2.927820872030565,0.0,0.0,6.481903360264325e-05,1.464404673076812,89.98259052033532,3.9058821735142906,0.12001514355834,13.51335006871587,1.6726178686692414,3.718435366812325,0.0,1.6890723875419575,3.122018359839725,0.0,0.0,0.0002951664426728,1.5016868784949289,89.76218732024331,4.137136576818778,0.0859284196137591,12.430603988483291,1.0147587488469083,3.43335000178302,0.0,1.8115959850506884,3.289680768786524,0.0,0.0,0.0005128218551804,1.6082753430214145,89.40232891174401,4.008672627060535,0.0714790487511906,11.67730959045572,0.7111839720849268,3.2214107267942076,0.0,1.8882906560663415,3.399494744885559,0.0,0.0,0.0006150172278894,1.6834981751477032,89.17572280685759,3.870968410869772,1.0,483.0,20.2,132.0,0.0,86.0,155.0,0.0,0.0,0.03,77.48,3915.0,163.30759976677857,0.0229885057471264,11.10344827586207,0.464367816091954,3.0344827586206895,0.0,1.9770114942528736,3.563218390804598,0.0,0.0,0.0006896551724137,1.7811494252873563,3.754197695788013,,West Ham,Leeds United,2026-05-24T15:00:00Z,38,3.25903
325,Malick Thiaw,2.0,0,0.6778779658843567,0.924018470010329,1.1073081949231147,1.2014107865787766,1.1735260962061695,1.2474230176816807,1.319555879612648,1.3684865116798042,,282.0,,71.0,18.0,2873.0,49.0,,3.7,4.8,70.0,1.3275696596803437,1.3822876109761566,1.4569662457029895,1.5517182423639602,1.3846503455189316,1.4919863902684225,1.457703428287506,1.4015191720577116,0.0,10.83147979192082,2.000564813219418,2.4012378102822445,0.0235843741029133,1.3023792824189648,0.0,10.367537027786463,0.1754987591674391,0.0169706823399369,1.4638987413280224,86.90256957300738,4.098207026311085,0.0,11.28899322976923,2.876454805674008,2.9766920157699945,0.0658428052624511,1.4378099181851205,0.0,11.922861186698324,0.1735056862017148,0.023545784098595,1.5110820774253098,85.90820370647018,4.214025881692305,0.0,11.891229537620564,3.2331238141339385,3.353241347708942,0.0951857328880072,1.476654870317346,0.0,12.259948094451468,0.1604077894539695,0.0263209917191666,1.4724652800140847,85.40929463873846,4.2752490931313725,0.0,12.226842915867158,3.3116304463301196,3.5288849985124267,0.1081316749892255,1.479648866170632,0.0,12.215533851637828,0.1511462790241536,0.0272880925628968,1.4368352702084004,85.03441104837852,4.298855533930567,0.0,426.0,112.5,125.0,4.0,50.0,0.0,409.0,4.8,0.95,47.4,2873.0,146.70547535751282,0.0,13.344935607379046,3.5241907413853113,3.915767490428124,0.1253045596936999,1.5663069961712497,0.0,12.81239122868082,0.1503654716324399,0.0297598329272537,1.4848590323703446,4.595716248582024,0.8333333333333334,Newcastle Utd,Fulham,2026-05-24T15:00:00Z,38,3.6375191
326,Malo Gusto,2.0,0,1.2993027530090575,1.1556816927460971,1.0987727083015113,1.0838528074355682,1.4810645035741192,1.4785520139318924,1.401222411431172,1.340576268058851,,67.0,,115.0,152.0,2171.0,48.0,,2.9,1.8,171.0,0.7771797040896207,1.149495895839456,1.4059455313703966,1.571061594817884,2.182659026617494,1.8075292844204467,1.5294772186811345,1.4013786355097777,0.0453376502391322,8.861009477128139,20.548312248765228,1.7906495115040395,0.0038267770671659,1.714875923218814,0.0,6.897592494133321,0.0223435770226798,0.1042219990091367,1.1818799532845237,77.84835576406277,2.374911912138764,0.0692946026815861,10.059027438655033,16.978670970946407,2.1848118553525007,0.0214869801746029,1.4159164275666656,0.0,6.155928215013864,0.0294851310575797,0.097178727853728,1.1082651624498177,71.11095924197491,2.5920944374242647,0.0812547239554105,10.992622354498549,14.829789364560154,2.47837329474794,0.0338191482617909,1.1538917731816418,0.0,5.776695627816695,0.0373778350741218,0.0843763908997495,1.0417116852067052,65.99332736721793,2.7903380502870823,0.0865447056866766,11.421555663118864,14.275128062295476,2.5293302675864444,0.0324819096482326,1.0296206100338328,0.0,5.527085217459687,0.0412078913564337,0.0793966865749981,1.003333040196341,63.76934782087402,2.841133849728854,3.0,1062.0,1295.0,220.0,2.0,87.0,0.0,471.0,3.8399999999999994,7.219999999999999,87.38,5644.0,251.96724700342057,0.0478384124734231,16.93479801559178,20.65024805102764,3.5081502480510274,0.031892274982282,1.38731396172927,0.0,7.510630758327428,0.0612331679659815,0.1151311126860382,1.3933734939759037,4.017904363980838,0.5208333333333334,Chelsea,Sunderland,2026-05-24T15:00:00Z,38,2.9369605
327,Mamadou Sarr,2.0,0,1.2993027530090575,1.1556816927460971,1.0987727083015113,1.0838528074355682,1.4810645035741192,1.4785520139318924,1.401222411431172,1.340576268058851,,500.0,,496.0,483.0,100.0,45.0,,1.0,0.0,435.0,0.8217437632716966,1.134546306254829,1.3856480673125384,1.5567381638705695,1.9461272212939953,1.726776355974721,1.5030031132035966,1.391311211572286,0.0,1.622950819672131,0.0327868852459016,1.0,0.0,0.9180327868852456,0.0,2.295081967213114,0.1147540983606557,0.0,0.532622950819672,33.393442622950815,1.9890433204808229,0.0,1.4723247232472323,0.033210332103321,1.0,0.0,0.96309963099631,0.0,2.324723247232473,0.1162361623616236,0.0,0.5394464944649446,33.4760147601476,2.0028359508295814,0.0,1.401402278702892,0.0333041191936897,1.0,0.0,0.9824715162138477,0.0,2.331288343558282,0.116564417177914,0.0,0.5417090271691497,33.42857142857143,2.0060829037971,0.0,1.367015594958342,0.0333262123477889,1.0,0.0,0.9914548173467208,0.0,2.3328348643452252,0.1166417432172612,0.0,0.5425955992309336,33.386455885494556,2.006938196021075,0.0,4.0,0.1,3.0,0.0,3.0,0.0,7.0,0.35,0.0,1.63,100.0,6.0219883353780155,0.0,3.6,0.09,2.6999999999999997,0.0,2.6999999999999997,0.0,6.300000000000001,0.3149999999999999,0.0,1.467,5.419789501840214,0.0,Chelsea,Sunderland,2026-05-24T15:00:00Z,38,1.8222929
328,Manuel Ugarte Ribeiro,3.0,0,1.518380013408859,1.456497252041452,1.4401174887917136,1.467596997870272,0.9600736833072688,0.9970312171509038,1.1120476617581192,1.2267332376385045,,300.0,,349.0,311.0,876.0,47.0,,1.7,0.1,335.0,1.9248048689477653,1.8733673031427136,1.7682542368568488,1.6612888798191892,1.2903624532059843,1.2749489179842162,1.3371126954606956,1.414147642719942,0.0,8.456819757031388,4.722893728216449,1.8749557725164927,0.0,0.8938411078245371,0.0,3.668938050021303,0.0735573161094595,0.0057997814569626,0.8617349268971943,37.49840822639228,2.3342875290896963,0.0,8.348202589962543,4.124480623095133,1.7902028927278242,0.0,0.9481750043628178,0.0,3.056547805177033,0.0532860126755566,0.0069751675717143,0.8092237056737096,38.514880253312974,2.150591814149465,0.0,8.357593348938622,3.91503364822491,1.758646406130017,0.0,0.9959764874548258,0.0,2.6428416443488296,0.0425741885038262,0.0072828536692819,0.8117920948578211,39.30469609178398,2.0631011519789304,0.0,8.347086257708222,3.844359810421935,1.743073212765851,0.0,1.0212163784652182,0.0,2.4149059988799952,0.037471318585217,0.0073167885870092,0.8187695780379063,39.61035302138141,2.019370690586057,0.0,183.0,83.6,38.0,0.0,23.0,0.0,48.0,0.72,0.16,18.22,876.0,43.47864857595606,0.0,18.801369863013697,8.58904109589041,3.904109589041095,0.0,2.363013698630137,0.0,4.931506849315069,0.073972602739726,0.0164383561643835,1.871917808219178,4.466984442735211,0.0,Manchester Utd,Brighton,2026-05-24T15:00:00Z,38,1.9384011
329,Marc Cucurella Saseta,2.0,0,1.2993027530090575,1.1556816927460971,1.0987727083015113,1.0838528074355682,1.4810645035741192,1.4785520139318924,1.401222411431172,1.340576268058851,,41.0,,59.0,97.0,2616.0,61.0,,3.1,14.5,105.0,0.8217437632716966,1.134546306254829,1.3856480673125384,1.5567381638705695,1.9461272212939953,1.726776355974721,1.5030031132035966,1.391311211572286,0.1503726798049993,7.654429864958491,18.18887151167471,1.950227340902083,0.0173105189471196,1.61667598263241,0.0,12.590055707382216,0.0696737141145462,0.0520533723324499,1.3450764177784773,84.57558139622817,2.54394604648457,0.1301666915071171,10.18786733359708,17.925539256888666,2.4266295733086065,0.0371243038099445,1.4073462685351772,0.0,11.847337375029811,0.0834721245147551,0.0705828592381062,1.2540167203023502,80.82983018793972,3.0403073256883633,0.1206327433765866,12.751539948189436,16.451599855000296,2.9698750044514166,0.0557504187118641,1.2312613212541623,0.0,10.847277636670864,0.0818600940092044,0.0794572421275809,1.204037352636338,80.36433501094959,3.5185093996113017,0.1192263372557619,14.03712627953902,15.05249924051572,3.2025641419965902,0.0671369182182524,1.174469258916044,0.0,10.09559939077521,0.0780097399445542,0.0796668055164821,1.193908764394663,80.95601487196326,3.66462011769618,4.0,1276.0,1169.4,274.0,6.0,104.0,0.0,785.0,6.289999999999999,6.469999999999999,105.72,7117.0,308.03592654915934,0.0505831108613179,16.136012364760433,14.78797246030631,3.464943094000281,0.0758746662919769,1.315160882394267,0.0,9.926935506533653,0.0795419418294225,0.0818181818181818,1.336911620064634,3.895353855476232,0.9538950715421304,Chelsea,Sunderland,2026-05-24T15:00:00Z,38,3.3752165
330,Marc Guiu Paz,4.0,0,1.2993027530090575,1.1556816927460971,1.0987727083015113,1.0838528074355682,1.4810645035741192,1.4785520139318924,1.401222411431172,1.340576268058851,,368.0,,410.0,449.0,265.0,40.0,,1.3,5.4,288.0,0.9018432876400322,1.2956739454899502,1.5024337612731429,1.6265593036515869,1.7229047290898338,1.5278139313657777,1.370610165072563,1.3180527065897398,0.1147177215592111,2.2819950488640655,5.869029828070547,1.2251116434775675,0.0,0.3421110648191756,0.0,8.262402429722211,0.1469088749220121,0.032907014435988,0.5508549024933125,28.208540397723073,1.5880422295379517,0.1119262811002182,2.295442079181087,4.901004079992935,1.2517372249927423,0.0,0.3451467300425703,0.0,7.900130490867647,0.1382159442364981,0.029511104067827,0.5651698968375237,27.26387487858723,1.6014001328149967,0.1068345287468838,2.297679734047083,4.425459677860414,1.24615914538549,0.0,0.3609507218991217,0.0,7.5362690552696225,0.1294319621500519,0.0268279805907261,0.5673614840541559,26.59394068209014,1.581476426290258,0.1035965712747661,2.301403246898591,4.202337289324875,1.2394953082417444,0.0,0.3719225293584113,0.0,7.316542107497962,0.1241660901345475,0.0253567619377895,0.5669018795565198,26.22652983940712,1.5656578726836108,1.0,30.0,51.900000000000006,16.0,0.0,5.0,0.0,92.0,1.54,0.31,7.35,336.0,20.105795724214463,0.2678571428571428,8.035714285714286,13.901785714285715,4.285714285714286,0.0,1.3392857142857142,0.0,24.642857142857142,0.4125,0.0830357142857143,1.96875,5.385480997557445,0.0,Chelsea,Sunderland,2026-05-24T15:00:00Z,38,1.9387987
331,Marc Guéhi,2.0,1,1.939727876476741,1.639347092096446,1.5294458207117694,1.492088522256452,1.7928720239433336,1.6074334490457554,1.4533604505952842,1.39252795828722,,138.0,,47.0,11.0,3150.0,51.0,,5.1,32.7,73.0,2.359633227901898,2.14589609158091,2.0509452912077135,2.0153983924474415,0.7200751135338337,0.8134062180797018,0.897141860619187,0.9629522605076414,0.1049589592834962,20.80093087358329,9.880536044657834,6.575683809400995,0.054436038946552,0.7849735171581708,0.0,8.414278133734722,0.0907860407685366,0.0401813234996619,1.2599838098093696,89.99996705984957,5.8009951156870745,0.1000154699898025,20.198585133790793,9.9124099851886,5.816450385184491,0.0684266244621164,0.8888196477795958,0.0,10.558483842178711,0.1124859711039708,0.0513700767838819,1.2396241321010926,89.98529624029533,5.694085782312036,0.1122310614580589,19.09617372695344,9.118947920159608,5.195707035227101,0.0725499532944676,0.9954151413811484,0.0,10.658770847773612,0.1072764796224439,0.0610496332210027,1.2330552845571896,89.68519836092077,5.288123045844902,0.1255791295533412,18.432004453918314,8.11092882635479,4.610883958972573,0.0724449886811729,1.0991909457947695,0.0,9.626586582932449,0.0907183720990306,0.0605901722569619,1.2246957973529382,88.96447751759179,4.761537455154667,5.0,2470.0,822.7,494.0,9.0,166.0,0.0,1067.0,8.95,6.059999999999998,157.07999999999998,11541.0,531.8332103420922,0.0389914218871848,19.261762412269302,6.4156485573173905,3.85235248245386,0.0701845593969326,1.294515206654536,0.0,8.32076943072524,0.0697946451780608,0.0472576033272679,1.2249545100077983,4.147386615612885,1.005586592178771,Manchester City,Aston Villa,2026-05-24T15:00:00Z,38,3.7394311
332,Marco Bizot,1.0,0,2.0877065823215184,2.0313064824181177,1.9983975655290631,1.9899321472113032,0.7760600908270671,0.8320655962724971,0.902284812718804,0.9638814197680602,,627.0,,418.0,353.0,495.0,42.0,,2.3,0.4,599.0,1.1387324389524105,1.235994385227896,1.3436808463048011,1.4048922461642226,1.537994476102192,1.3861453087674405,1.311911459332269,1.318912905248464,0.0,11.187960794518172,0.0,2.180848295602394,0.0,1.3674212854540724,3.0576806314511233,0.0,0.0,0.0,1.4785905108855928,80.24199843871975,2.8883723113835416,0.0,10.915703251885036,0.0,2.235029099857222,0.0,1.4459865246425745,2.935290966559174,0.0,0.0,0.0,1.549981475118395,81.35647805292396,2.935606732674289,0.0,10.851400240850026,0.0,2.279345390934203,0.0,1.4761050102337965,2.881725496913169,0.0,0.0,0.0,1.5828341755770383,81.93116433829442,2.9799290650532764,0.0,10.836744357820615,0.0,2.305222019436675,0.0,1.4888225746833372,2.856886986370016,0.0,0.0,0.0,1.5983924382842394,82.2169745488017,3.006550722788466,0.0,65.0,0.0,14.0,0.0,9.0,17.0,0.0,0.0,0.0,9.68,495.0,18.215117462312207,0.0,11.81818181818182,0.0,2.5454545454545454,0.0,1.6363636363636362,3.090909090909091,0.0,0.0,0.0,1.76,3.3118395386022197,,Aston Villa,Manchester City,2026-05-24T15:00:00Z,38,2.087196
333,Marcos Senesi Barón,2.0,0,2.1739274766868766,1.800014640187395,1.4843813892721411,1.3253187290721609,1.2760144320047273,1.197664595650709,1.2623114361549288,1.3267371701590465,,103.0,,38.0,4.0,3198.0,52.0,,4.8,21.4,179.0,1.665259611714872,1.5751367596388566,1.5522578466798904,1.5446869163772212,0.7554228697783842,1.0240556929622369,1.2430957966446117,1.3519282732907731,0.2374253748379111,19.467712220469195,7.667102969800394,6.26432885601166,0.0,0.8056753696629713,0.0,3.887657745455508,0.0290941649287632,0.0827053927618535,1.4355630198464182,89.953165049811,5.411725883615957,0.1920631529085756,17.514117100004523,8.197821210562038,5.582059346351881,0.0,1.0245847847623584,0.0,5.101009808149972,0.0411497606875529,0.097885469643765,1.486403966962418,89.64519149759853,5.244364075490477,0.171609120667938,16.282558774873394,9.04533756035424,5.140938299930246,0.0,1.2314685116657962,0.0,5.545660089251591,0.044459453141061,0.11381995546619,1.498279530309685,89.26862201376076,5.1288211007036555,0.1668153628786428,15.81662774374482,9.602674729976458,4.966605388198193,0.0,1.3435912288855618,0.0,5.605202063714281,0.0441781668559798,0.1227084457107529,1.4913554390724086,89.0446777406555,5.098266805193384,6.0,560.0,365.5,175.0,0.0,52.0,0.0,199.0,1.53,4.7,53.04,3198.0,183.7690929671769,0.1688555347091932,15.75984990619137,10.286116322701687,4.924953095684803,0.0,1.4634146341463417,0.0,5.600375234521576,0.0430581613508442,0.1322701688555347,1.4926829268292685,5.17173807599935,0.0,Bournemouth,Nottingham Forest,2026-05-24T15:00:00Z,38,3.3241136
334,Marcus Edwards,3.0,1,0.6713781975253578,0.7368591485710255,0.7974005780690301,0.886711191832273,1.7556417034315248,1.7098595237868155,1.6962368721663368,1.692611722456014,4.0,150.0,3.0,223.0,309.0,1043.0,47.0,,2.3,0.1,140.0,0.8303076027939363,0.944823686253427,1.0199824308216343,1.0509967688581203,2.4053819473917217,2.1903589069355776,2.0606629383824777,1.9343100136839713,0.0772152918930173,6.724065609047305,5.758910604304247,2.3658867772771135,0.0216344706976519,0.8365066466535069,0.0,7.952389998463113,0.0446538455695817,0.030189171632252,1.3203105202402403,46.78582945811976,1.997230231131586,0.1165963412332194,7.769753088215184,8.982868043836792,2.4527089872345247,0.0386766033693425,0.9063846490074436,0.0,9.45208482651721,0.060704497169312,0.0527399133468784,1.292816204743917,50.629353997445385,2.2082520090865896,0.1306186877361518,8.113696391228633,10.54057697001395,2.4414844303958994,0.0442547398167074,0.8841030823132601,0.0,9.85564944884744,0.0655892422153175,0.065967338667768,1.2162110170515896,50.087128901137135,2.259408175778987,0.1346389489846838,8.186231028004814,11.159128984120832,2.4111576402005017,0.0454451013442876,0.8560304461417241,0.0,9.9268579762573,0.0668340779130093,0.0720302778337758,1.1608732026347648,49.00243648215296,2.2623288310370055,3.0,180.0,255.7,52.0,1.0,18.0,0.0,218.0,1.48,1.7,24.12,1043.0,49.48584119518519,0.2588686481303931,15.532118887823586,22.06423777564717,4.487056567593481,0.0862895493767977,1.5532118887823587,0.0,18.811121764141895,0.1277085330776605,0.146692233940556,2.0813039309683603,4.2701109372643025,0.6756756756756757,Burnley,Wolves,2026-05-24T15:00:00Z,38,2.5161114
335,Marcus Tavernier,3.0,0,2.1739274766868766,1.800014640187395,1.4843813892721411,1.3253187290721609,1.2760144320047273,1.197664595650709,1.2623114361549288,1.3267371701590465,2.0,19.0,2.0,27.0,76.0,2642.0,53.0,4.0,3.8,4.3,37.0,1.665259611714872,1.5751367596388566,1.5522578466798904,1.5446869163772212,0.7554228697783842,1.0240556929622369,1.2430957966446117,1.3519282732907731,0.0458756963888612,16.67066139598138,30.16246656922624,3.61144067663647,0.106623280299005,0.7374566311785484,0.0,19.33702393192407,0.2590575884653578,0.2145968110826844,1.1447282403603918,84.48656931481486,4.337625558620929,0.0937379628625396,16.114548425016206,26.492124492799743,3.763234941267586,0.1390436172126033,0.9901634915385712,0.0,18.967783438840783,0.2887674583032027,0.175002270611416,1.1778981305860468,82.0859124136491,4.349462199430741,0.1143491827214155,15.253670387414063,24.060541537957743,3.703911950675581,0.1502432505153469,1.1395627703773064,0.0,17.544139970068475,0.26468661862994,0.150630851904465,1.1480558156126972,78.62130466618713,4.124570575307351,0.1198714850911061,14.278229867356371,22.985130180221383,3.5647708594105016,0.1453890111303608,1.176757848809963,0.0,16.615231209342287,0.2341451965083094,0.1397414250831464,1.0971733026423711,75.6325700137807,3.874991181908544,4.0,1200.0,2060.8,310.0,12.0,110.0,0.0,1475.0,18.209999999999997,12.339999999999998,97.17,6692.0,326.19889158506055,0.0537955768081291,16.138673042438732,27.715481171548117,4.169157202630006,0.1613867304243873,1.4793783622235506,0.0,19.83711894799761,0.2449043634190077,0.1659593544530782,1.3068290496114765,4.387014381747677,0.6589785831960462,Bournemouth,Nottingham Forest,2026-05-24T15:00:00Z,38,3.6209455
336,Marshall Munetsi,3.0,0,0.7880939941043962,0.88089881267518,0.9708858168980458,1.0216470235091468,1.9916444456516489,2.0329944594527656,2.001641049126402,1.9158268090481736,,215.0,,123.0,166.0,872.0,54.0,,2.9,0.1,53.0,0.3994161427313682,0.6515289796788952,0.8529151647058058,0.9722503867152352,2.021903413893494,1.9307433776828036,1.809185584928965,1.74168830467174,0.0782028855811029,8.735079606930586,3.2834774314112742,2.689158676508417,0.0943237687774342,1.1745381053118928,0.0,15.861678165585197,0.1303441146759719,0.027162995431586,0.8551282642389287,55.35505779906615,2.7810788828017428,0.118007992326425,9.718829654416664,5.164112383035411,3.017370294870394,0.1060588931462292,1.232619501671669,0.0,15.62853192399846,0.140943065294068,0.0410542094585165,0.9627256533553548,64.60955436504169,3.0012419329540534,0.1370396724306701,9.866611002313284,6.2682486337238,3.1489258345791766,0.1090637170086975,1.1961043601622454,0.0,15.30871268032988,0.156085212549861,0.0488041660844229,1.009370165008187,68.88286391866606,3.117703359239852,0.145782538513801,9.859523600718733,6.774733962909961,3.206675158422776,0.1101509507808264,1.15880188345346,0.0,15.181495666173248,0.1682688949601786,0.0519153534521909,1.0256269084759335,70.69096442037494,3.1842210071744828,2.0,265.0,194.7,88.0,3.0,30.0,0.0,408.0,4.959999999999999,1.4599999999999995,27.95,1949.0,87.93638609808761,0.0923550538737814,12.23704463827604,8.990764494612622,4.0636223704463825,0.1385325808106721,1.3853258081067217,0.0,18.840430990251413,0.2290405336069778,0.0674191893278604,1.2906618778860954,4.060684837777263,0.6048387096774195,Wolves,Burnley,2026-05-24T15:00:00Z,38,3.203402
337,Martin Dúbravka,1.0,1,0.6713781975253578,0.7368591485710255,0.7974005780690301,0.886711191832273,1.7556417034315248,1.7098595237868155,1.6962368721663368,1.692611722456014,,563.0,,133.0,6.0,3150.0,40.0,,2.7,26.8,532.0,0.6642460822351484,0.8503413016603888,0.9689575534504042,1.0240871164415382,2.124305557913376,2.0713229961247337,2.007603008399587,1.9103880013024457,0.0,11.879180895466614,0.0,2.2959542713224996,0.0,2.2993514993746484,3.733522310362556,0.0,0.0,0.0004644606856558,2.14144512708511,90.0,3.2266339397199664,0.0,11.722287232046453,0.0,2.450482976669441,0.0,2.1572129761344923,3.526254828593618,0.0,0.0,0.000781644525488,2.0635296283977933,90.0,3.3129514457500613,0.0,12.1872233519126,0.0,2.685465163963031,0.0,2.038356820277124,3.5113007706906627,0.0,0.0,0.0009270841540696,1.983290672155635,90.0,3.4623916133036534,0.0,12.641161087715572,0.0,2.874378544422054,0.0,1.9525767097492337,3.5008842212512405,0.0,0.0,0.0009400399763943,1.9184898894112177,90.0,3.579114662675993,0.0,596.0,0.0,140.0,0.0,83.0,156.0,0.0,0.0,0.04,82.45,4050.0,167.32877669295576,0.0,13.244444444444444,0.0,3.1111111111111107,0.0,1.8444444444444443,3.466666666666667,0.0,0.0,0.0008888888888888,1.8322222222222224,3.7184172598434615,,Burnley,Wolves,2026-05-24T15:00:00Z,38,3.6068144
338,Martin Ødegaard,3.0,0,1.0829318651843192,1.067014294422874,1.145889565874812,1.235301562856742,1.967837344196661,1.6830638340953552,1.4810949370442836,1.36834061592233,4.0,42.0,2.0,130.0,233.0,1363.0,78.0,3.0,3.1,1.7,215.0,1.6634515217916297,1.7830577107642605,1.8145583965856904,1.80715560782024,0.5822124420335341,0.7238441428036401,0.7734040602432958,0.806032190476869,0.3796215615640218,13.025348086369766,24.42037002859902,3.2181206679082837,0.0147351217428887,0.4565183933908717,0.0,5.923970735833507,0.0624406986683758,0.1507801845734647,0.6894221338908982,61.986867604576105,2.7852323574662696,0.3654954856463972,13.782684629774897,25.217843716725486,3.3692630923152564,0.0393175206618531,0.5660387937424027,0.0,7.2373469536670765,0.0617321512542554,0.160342531216307,0.7173564371438265,61.21749766775312,2.826312125074242,0.3349401516226118,14.80239323351827,27.19622086157619,3.6280912299190553,0.0668438487659925,0.606962601385491,0.0,9.801582749739383,0.0834439491309562,0.1773216723105585,0.7238377129730513,64.2096872682932,3.128329834391955,0.3144083580201015,15.914838603104196,29.73325811873795,3.955179213232656,0.1051606760777709,0.6436256877405816,0.0,12.698288070573083,0.1129299146271846,0.1977474702884315,0.751147569992101,69.13312179066438,3.5364874586015143,7.0,2152.0,3998.6,549.0,22.0,96.0,0.0,2021.0,18.249999999999996,26.51,114.03,9552.0,501.6083919240425,0.0659547738693467,20.27638190954774,37.675251256281406,5.172738693467337,0.207286432160804,0.9045226130653268,0.0,19.04208542713568,0.1719535175879396,0.2497801507537688,1.0744032663316585,4.726209722902411,1.205479452054795,Arsenal,Crystal Palace,2026-05-24T15:00:00Z,38,3.6275866
339,Martín Zubimendi Ibáñez,3.0,0,1.0829318651843192,1.067014294422874,1.145889565874812,1.235301562856742,1.967837344196661,1.6830638340953552,1.4810949370442836,1.36834061592233,,102.0,,92.0,84.0,2901.0,49.0,,3.5,2.8,126.0,1.6634515217916297,1.7830577107642605,1.8145583965856904,1.80715560782024,0.5822124420335341,0.7238441428036401,0.7734040602432958,0.806032190476869,0.0006046198781019,10.110894853577244,5.0832899077237945,2.408295990510171,0.0286028471705775,0.4549605986154917,0.0,3.491716951052436,0.0277875515225436,0.0267828637174218,0.5811377357992789,51.42116115205725,2.5140201086209557,0.0065947950492341,12.959311388088048,6.45834396276318,3.0231581718156244,0.0764007747998265,0.6100213487182969,0.0,5.751544280690209,0.054520669926003,0.0429628902387732,0.6773630553304172,65.44738875259677,3.081335853392161,0.015499180883457,14.586953790238866,7.965135313167342,3.3340192856355917,0.1069843228203599,0.6551275050513912,0.0,6.841993794868378,0.0697735520221573,0.0519177096840535,0.6939561617207983,72.59822612354242,3.3435328994619495,0.0212854151245049,15.322724240299246,8.925278324227396,3.4715989242250247,0.1216429835834323,0.6589579111349054,0.0,7.179773450724341,0.0747634374649781,0.0562585332776217,0.6898748354637447,75.74783287110824,3.443839748188204,1.0,590.0,366.6,133.0,5.0,24.0,0.0,271.0,2.84,2.23,25.11,2901.0,130.1718655202578,0.031023784901758,18.30403309203723,11.37331954498449,4.126163391933816,0.15511892450879,0.7445708376421925,0.0,8.407445708376422,0.0881075491209927,0.0691830403309203,0.7790072388831437,4.038423956161049,1.7605633802816902,Arsenal,Crystal Palace,2026-05-24T15:00:00Z,38,3.5243165
340,Mason Mount,3.0,0,1.518380013408859,1.456497252041452,1.4401174887917136,1.467596997870272,0.9600736833072688,0.9970312171509038,1.1120476617581192,1.2267332376385045,3.0,191.0,,278.0,312.0,937.0,59.0,,2.4,0.3,223.0,1.5510400594568043,1.6767146588237771,1.6845847107711722,1.6300722140718211,1.0346659686665372,1.1450645865745794,1.256207192705972,1.3635337208812568,0.0,5.5383097994784105,5.100320056428679,1.7431005571103193,0.0416158708758061,0.4131750878183547,0.0,2.7833466379285707,0.0315362500125683,0.0349430491074485,0.4355797740415014,33.1050064107733,1.8179366992031911,0.0,6.732023995659817,7.358791059891806,2.0148717330605814,0.0908514458413353,0.5918560966343074,0.0,6.002516872864606,0.0704249735014935,0.0494184577322038,0.4815415126495192,37.69156103405043,2.0828168649525796,0.0,7.679961586498262,9.798380718456425,2.186049892403495,0.1178339019762757,0.6841301742517458,0.0,9.119277096285586,0.1032821488682474,0.0614170357493753,0.5326259305503737,40.902775819225674,2.3013952110268328,0.0,9.314007990235757,13.971302405315608,2.4220717447437656,0.1447536938117248,0.7417308890649341,0.0,12.582329158822652,0.1255913075748171,0.0809124793857915,0.5908805996667765,44.97088410811523,2.553404059482439,0.0,1143.0,2014.2,263.0,17.0,72.0,0.0,1640.0,13.659999999999998,10.919999999999998,61.41,4814.0,268.20075478041355,0.0,21.368923971749066,37.656418778562525,4.916909015371832,0.317823016202742,1.346073950976319,0.0,30.660573327793937,0.2553801412546738,0.2041545492314083,1.148088907353552,5.01413957836253,1.2445095168374818,Manchester Utd,Brighton,2026-05-24T15:00:00Z,38,2.044943
341,Mateo Kovačić,3.0,1,1.939727876476741,1.639347092096446,1.5294458207117694,1.492088522256452,1.7928720239433336,1.6074334490457554,1.4533604505952842,1.39252795828722,,359.0,,432.0,436.0,94.0,58.0,,1.6,0.0,466.0,2.359633227901898,2.14589609158091,2.0509452912077135,2.0153983924474415,0.7200751135338337,0.8134062180797018,0.897141860619187,0.9629522605076414,0.1903855306996668,10.657131854294752,13.808751984475505,2.329855005775929,0.0526546334546597,0.5270657116714235,0.0,2.1532588331453737,0.0269918332874813,0.0767379779386256,0.6264453514152839,38.87459389003415,1.6457049259290502,0.1977973675856511,12.901919030387065,14.889365926405688,2.8754798096411314,0.1023191298245077,0.6076876185710371,0.0,3.7131096626490745,0.0378820612618946,0.082756123704482,0.7194261780779431,48.77045618386605,2.0523131509227186,0.1994747900610718,14.045340349520645,15.714216421615465,3.0329167387543836,0.1238640730361384,0.6935551283531166,0.0,4.749970247336255,0.0453711238077854,0.0862584385318565,0.7820045452770068,55.28080374975765,2.3176543710993034,0.1998718605864205,14.198758268520209,15.812457402780904,2.9758456902699124,0.1239222166356534,0.7198301571355795,0.0,5.14255672782465,0.0485983715513723,0.0851739934298087,0.7796537610308908,57.44785284073734,2.4152223118227982,1.0,872.0,971.3,176.0,7.0,45.0,0.0,331.0,3.159999999999999,5.119999999999998,46.28,3655.0,154.5686413303059,0.0246238030095759,21.471956224350205,23.917099863201095,4.333789329685363,0.1723666210670314,1.1080711354309165,0.0,8.150478796169631,0.0778112175102598,0.1260738714090286,1.1395896032831738,3.806067775575248,2.215189873417722,Manchester City,Aston Villa,2026-05-24T15:00:00Z,38,1.9941895
342,Mateus Gonçalo Espanha Fernandes,3.0,1,1.4873748164371934,1.4101831854236713,1.3542056928734252,1.3172760593840596,0.7915192984902504,1.0407607451397949,1.3223124000649034,1.5182899044580005,4.0,35.0,,66.0,70.0,2927.0,55.0,,3.6,0.5,212.0,0.9107868180919828,1.0951527852122245,1.16085576712912,1.203309571343217,1.3152548847855938,1.4094199807491106,1.5375319051139422,1.6147602101157532,0.0212729694344033,16.290265311152016,16.3783274336884,3.176885273979733,0.0110449457632705,1.642862231065063,0.0,11.817824337421165,0.1258454347583852,0.0897646860094054,1.4466499738939211,89.44011477514792,4.377319967341277,0.0560500607388043,17.247179664659495,16.023303710039905,3.3779452345238203,0.040451931935421,1.5121413747300927,0.0,8.046067221155246,0.0850423675619075,0.088410475976252,1.4060994777361835,88.1847569678666,4.072846788207729,0.0751870980555093,17.464374165306012,16.664312200110967,3.436497051606917,0.0630581841056791,1.5209864560972195,0.0,6.732611985555415,0.073450468152299,0.0878730510550223,1.452537202280598,86.00661859473506,3.792524247072461,0.0819578017992424,17.01337073826364,17.16437193897095,3.336507353938167,0.0702860267922926,1.5683316162319272,0.0,6.846524334615876,0.0763278033521227,0.0887348464457577,1.5346055152309612,84.27662391160366,3.56544412748749,3.0,1140.0,1245.2,221.0,5.0,116.0,0.0,548.0,6.1,6.409999999999999,117.49,5838.0,233.95330952507177,0.0462487153134635,17.574511819116136,19.196300102774924,3.4069886947584784,0.0770811921891058,1.788283658787256,0.0,8.448098663926002,0.0940390544707091,0.0988180883864336,1.8112538540596097,3.606680002955885,0.819672131147541,West Ham,Leeds United,2026-05-24T15:00:00Z,38,3.5319574
343,Mateus Mané,4.0,0,0.7880939941043962,0.88089881267518,0.9708858168980458,1.0216470235091468,1.9916444456516489,2.0329944594527656,2.001641049126402,1.9158268090481736,2.0,86.0,1.0,149.0,236.0,1697.0,42.0,,2.8,1.3,128.0,0.5892227469066972,0.7076212761886956,0.7867373521018872,0.8837968096905914,1.9445521292894057,1.788732804211168,1.7328812565570086,1.710429327457707,0.0063675186790865,15.795803822378629,25.2604772368071,3.728108335359886,0.2106424012367049,1.3089365599475369,0.0,11.36655863041258,0.0800124720158444,0.2215123694152095,1.2944538279859357,75.06374889249808,3.705435356456775,0.0295268335048625,12.978752916610432,20.47711541126573,3.123123960301568,0.1435550733488741,1.245872829774037,0.0,10.564765059031972,0.0765479329573074,0.1667261975943048,1.3047621475980564,72.41257743285327,3.146775748253708,0.0515073090118411,11.957718019729077,17.664901237103674,2.933430449033645,0.1239399955662686,1.1744564498032604,0.0,10.250869158421787,0.0735598936722963,0.1380569668412528,1.2497472079517316,68.90541894064982,2.8947719402323284,0.0641714540301543,11.509285610118898,16.230470046769863,2.8545804476718963,0.1169828371207697,1.1272938063779188,0.0,10.031992754744998,0.0710695809207524,0.1240851848451753,1.2007933836409348,66.20947203948467,2.769562466213159,2.0,299.0,400.4,75.0,3.0,29.0,0.0,263.0,1.83,2.99,30.77,1698.0,71.35767337511643,0.1060070671378091,15.848056537102474,21.2226148409894,3.975265017667845,0.1590106007067137,1.5371024734982333,0.0,13.939929328621908,0.0969964664310954,0.1584805653710247,1.6309187279151944,3.7822088361369137,1.639344262295082,Wolves,Burnley,2026-05-24T15:00:00Z,38,3.3461134
344,Matheus Nunes,2.0,1,1.939727876476741,1.639347092096446,1.5294458207117694,1.492088522256452,1.7928720239433336,1.6074334490457554,1.4533604505952842,1.39252795828722,,46.0,,68.0,49.0,2861.0,53.0,4.0,4.5,2.9,247.0,2.359633227901898,2.14589609158091,2.0509452912077135,2.0153983924474415,0.7200751135338337,0.8134062180797018,0.897141860619187,0.9629522605076414,0.1098011346181371,16.744731644065375,16.77243137431951,4.438802834967274,0.0002477136135814,0.767500526953057,0.0,4.22883636809778,0.0039157267798942,0.049744233489996,1.1900934869792457,84.03950758686759,3.844474511417979,0.178966059175569,18.559557689437685,17.942726230062163,4.6529273958718855,0.0043603906709883,0.7987999804824243,0.0,4.586410491149438,0.0058085738871831,0.0613338785494242,1.1254661038399705,85.15559946975927,4.231942220174731,0.2138022586902485,19.44492111491017,17.461310332584404,4.766506196787765,0.0130056450890796,0.8153687670152301,0.0,4.327721020666458,0.0073739766779383,0.0652039823958205,1.0819566069205964,85.16431097144317,4.400683513039537,0.226869945058001,19.744865245087624,16.848185346387417,4.80686381431724,0.0202660094147475,0.8212601460854437,0.0,4.102449177815525,0.0085445879217909,0.0659098418546642,1.0556370131552115,84.81222956409209,4.451403804531573,8.0,676.0,545.0,164.0,1.0,28.0,0.0,131.0,0.34,2.23,34.89,2861.0,151.8793308575338,0.2516602586508213,21.26529185599441,17.144355120587207,5.159035302341838,0.0314575323313526,0.8808109052778749,0.0,4.1209367354072,0.0106955609926599,0.0701502970989164,1.0975533030408948,4.77774896091508,2.941176470588235,Manchester City,Aston Villa,2026-05-24T15:00:00Z,38,3.4035087
345,Matheus Santos Carneiro da Cunha,3.0,0,1.518380013408859,1.456497252041452,1.4401174887917136,1.467596997870272,0.9600736833072688,0.9970312171509038,1.1120476617581192,1.2267332376385045,,45.0,,20.0,54.0,2493.0,81.0,,4.3,8.5,15.0,1.5510400594568043,1.6767146588237771,1.6845847107711722,1.6300722140718211,1.0346659686665372,1.1450645865745794,1.256207192705972,1.3635337208812568,0.1098007939507575,24.376816549389204,23.44312272277999,5.471438874554927,0.5194702899796096,1.2001270062502276,0.0,30.54438263557328,0.2054384410177489,0.1529826223273713,1.3538709838998684,83.0700143822339,4.407254338395316,0.1402485344811203,21.47863193018103,19.206424561718745,5.067407631265965,0.4252217703485513,1.1182398430443012,0.0,27.176045384112847,0.1907759127375378,0.1164021708116402,1.2142529182678412,80.23156619127438,4.06123667483133,0.1388180092119562,19.772987893058733,17.597586962711187,4.764448661876231,0.3677828072958427,1.0824366080748165,0.0,25.531200453084,0.1963716954581409,0.1058987094040415,1.1353277597064104,77.98952581520766,3.98926163006663,0.1318529157522681,18.852798629947728,16.998516817677125,4.564744949292243,0.3360575634447134,1.0697220066352746,0.0,24.842580391579776,0.2022864823309537,0.1031862124435761,1.1045903387399747,76.76422078623284,3.97565962173994,4.0,591.0,545.4,143.0,10.0,35.0,0.0,801.0,6.9,3.36,35.75,2493.0,130.91730021022937,0.1444043321299639,21.335740072202164,19.689530685920577,5.16245487364621,0.3610108303249097,1.263537906137184,0.0,28.916967509025273,0.2490974729241877,0.1212996389891696,1.2906137184115525,4.726256325279039,1.4492753623188406,Manchester Utd,Brighton,2026-05-24T15:00:00Z,38,3.5941544
346,Mathias Jensen,3.0,0,1.8359064248683763,1.78747508218593,1.7882183641372678,1.8851857440962256,1.8952567438828445,1.5796778656740686,1.420205125806682,1.3092227962416565,1.0,36.0,2.0,94.0,159.0,2157.0,49.0,5.0,2.7,0.2,180.0,1.1748714775842306,1.3043720462789254,1.4045468873177778,1.4575194754261969,1.4066036186219488,1.3314196026761185,1.3311119711831043,1.3665151862017706,0.0274989455919633,16.440791882711988,24.074785902697535,3.655211972944634,0.1029075604115667,1.5063385074534268,0.0,5.517614638112539,0.0343755866717047,0.2347109324942684,1.5229990714033923,83.15260516903219,4.1697938415226465,0.0579361389476486,15.651708830562946,23.007573270928443,3.325904366716121,0.0814801184252724,1.259568395942732,0.0,5.969038981993567,0.050935573567736,0.22550548830941,1.3035458144166008,78.3278713361997,3.8773041726065336,0.0647978559590911,13.633873981630565,19.575611093051965,2.8624665803857208,0.067379840326264,1.0609955491051608,0.0,5.400521365743799,0.0517872641822491,0.1876757325146383,1.093477613769992,67.23319412570562,3.284241142666095,0.0627817440082179,12.550536446418048,18.23490243487092,2.597894521475815,0.0633878279573459,1.0286348171713018,0.0,4.915240684623061,0.0463840613268486,0.1560268820140788,0.999718091023168,60.42650612515251,2.8521139744909143,2.0,1516.0,2414.1,299.0,8.0,139.0,0.0,627.0,5.059999999999999,15.479999999999997,121.62,6943.0,305.8688353830197,0.0259253924816361,19.651447501080224,31.29324499495895,3.875846176004609,0.1037015699265447,1.8018147774737148,0.0,8.127610542992944,0.0655912429785395,0.200662537807864,1.5765231168082965,3.9648848026028767,1.58102766798419,Brentford,Liverpool,2026-05-24T15:00:00Z,38,2.7927363
347,Mathys Tel,3.0,1,1.6283071946132468,1.5057146814462412,1.3634947000475075,1.2786717611892149,2.0676488183511657,1.6928646449335476,1.4536958060334333,1.368632576429858,1.0,85.0,4.0,141.0,244.0,1262.0,62.0,4.0,2.5,0.3,114.0,1.1282057923933262,1.1127767896515215,1.2087453529772576,1.3549376030724047,1.3935215610808525,1.605256844410009,1.6353545760796422,1.6071279849705744,0.1304673537702655,10.191283857847084,21.328400569750492,3.2062292180400696,0.1679890771208419,0.9952030353474346,0.0,10.528229659318916,0.0813457466261371,0.1436210536120349,0.6814279745165543,65.91987338828801,2.6184574797640767,0.0972815427343666,9.262478013622676,19.28759855616608,2.7371436756609424,0.1312515568320272,0.961160682238224,0.0,10.742779699698382,0.0909790383727978,0.1169787902991649,0.6966015332738797,55.785441217799765,2.480050041467902,0.0802806316708075,9.101861442021624,16.810066124843672,2.6448543576305767,0.1291681064961273,0.9622646394849182,0.0,11.18711574653197,0.1024141035279946,0.0993335743180605,0.7239170644571797,51.2541498717484,2.480645582646672,0.0729781453167177,9.18096718970438,15.408562453234095,2.6644457756540185,0.133406132686905,0.9762445467753892,0.0,11.63960652342782,0.1120659661516974,0.0918684438452776,0.7556755226592733,50.24478756385406,2.5316619405640126,2.0,402.0,609.4000000000001,117.0,6.0,43.0,0.0,530.0,5.37,3.72,34.52,2170.0,112.82669623702816,0.0829493087557603,16.672811059907833,25.27465437788019,4.852534562211981,0.2488479262672811,1.783410138248848,0.0,21.981566820276495,0.2227188940092166,0.1542857142857142,1.431705069124424,4.679448231028818,1.11731843575419,Tottenham,Everton,2026-05-24T15:00:00Z,38,2.6001506
348,Mats Wieffer,3.0,1,1.840832047565444,1.809043192946828,1.7503560523911208,1.6644300751948404,1.22773277493323,1.230558127920629,1.293397159421104,1.3794963287296922,,140.0,,141.0,131.0,1811.0,49.0,,3.7,0.5,161.0,1.7780859636891773,1.5164571358627044,1.4608458033968763,1.4789109575249948,0.7345189127095092,0.8971621634386924,1.0808250622804438,1.219617214405461,0.0203023943513038,13.545774053194512,7.415005300052752,3.603900854636049,0.204854846754659,0.7813982885013112,0.0,7.479545178256048,0.07263003678823,0.0393129588490594,0.6844728314466132,63.194092232777656,2.938032773634617,0.071693088467027,14.619842218483177,9.699023740336386,3.616380990148965,0.1485933727997519,0.8432857180398833,0.0,8.233691920019329,0.0807308099352706,0.0555568767305882,0.8130035558538552,68.07233327479248,3.2352618319258157,0.1141263387554324,14.329351707622855,10.648622466406726,3.392251004182936,0.1010037432279727,0.8827628289118665,0.0,7.914803707204793,0.0722679330931485,0.0618896202599447,0.8495326376862258,65.66820971905015,3.0970611229340927,0.137297302789485,13.6513601109017,10.697147918273089,3.173460047299254,0.0781886314241669,0.8949364222033257,0.0,7.433425036595681,0.0639349057885494,0.0612712553092076,0.843885339055736,61.74852218003253,2.874567532895896,4.0,630.0,518.7,145.0,3.0,45.0,0.0,338.0,2.72,2.8499999999999996,41.18,2814.0,128.3580585309773,0.1279317697228145,20.149253731343283,16.58955223880597,4.637526652452026,0.0959488272921108,1.439232409381663,0.0,10.810234541577826,0.0869936034115138,0.0911513859275053,1.3170575692963753,4.105268396513133,1.1029411764705883,Brighton,Manchester Utd,2026-05-24T15:00:00Z,38,2.6236253
349,Matt Doherty,2.0,0,0.7880939941043962,0.88089881267518,0.9708858168980458,1.0216470235091468,1.9916444456516489,2.0329944594527656,2.001641049126402,1.9158268090481736,,355.0,,387.0,345.0,786.0,44.0,,1.3,0.1,390.0,0.8383256775521427,0.8472171141221657,0.86221087535443,0.9273947709050742,2.0635783775183696,1.8075895805377609,1.7381616041195644,1.7125528392769305,0.0,6.195006772882546,3.5725480247252857,1.4697264176246634,0.0007316111003336,1.2006890841150282,0.0,1.7801171772099418,0.0041874838659062,0.0157482638513961,1.2681753038324457,69.9729351904286,1.969702123232767,0.0,7.28888481609863,4.351746985138343,1.7207664669991989,0.0097526184177525,1.174618215633755,0.0,2.094294877035886,0.0100060543592446,0.022018113822364,1.2178029545831577,70.41818681763706,2.056188426009203,0.0,8.136373636348292,5.050193440467708,1.919680280071624,0.0251582642260977,1.150841066019812,0.0,2.942509574115264,0.0197121922827315,0.0280894967496008,1.154992391418968,68.24165535380611,2.1796147146349436,0.0,8.225281857522047,5.686802847997506,1.9554012616293432,0.0334945144580324,1.1061739177570953,0.0,3.7675938371297426,0.0281321812757599,0.0320089106416843,1.087188933841589,63.66558177504075,2.186579551555482,0.0,655.0,547.4,162.0,3.0,84.0,0.0,398.0,3.1999999999999997,3.089999999999999,84.47,4769.0,174.45110056337907,0.0,12.36108198783812,10.330467603271126,3.05724470538897,0.0566156426923883,1.5852379953868734,0.0,7.511008597190187,0.0603900188718808,0.0583141119731599,1.594107779408681,3.292220392263392,0.9375,Wolves,Burnley,2026-05-24T15:00:00Z,38,2.1575656
350,Matt O'Riley,3.0,1,1.840832047565444,1.809043192946828,1.7503560523911208,1.6644300751948404,1.22773277493323,1.230558127920629,1.293397159421104,1.3794963287296922,5.0,325.0,2.0,390.0,407.0,202.0,55.0,3.0,2.7,0.3,320.0,1.4726074546114711,1.3516190398371422,1.3798368150214535,1.4397704272923866,0.9181486408868864,0.9968468482714468,1.1377112047471163,1.2510002979197388,0.0,7.511637875913086,9.592381934999729,2.4193722966368174,0.1188566406331955,0.501854636738452,0.0,7.762535278200445,0.1430001438973692,0.0404132745015952,0.3853293448497771,28.086320635182545,2.17418670232104,0.0,8.810626662069897,12.958701618651746,2.5744941677414093,0.1259798787035107,0.6701026717312333,0.0,9.630916919555478,0.1610243479526783,0.0604969276171433,0.5233532271457865,36.67382503614049,2.446618670316848,0.0,9.219859414036655,14.029274881448863,2.549114281944293,0.1182137630304172,0.7695622685857338,0.0,10.157405013448422,0.1565712101745068,0.0713689311716158,0.5821408197487447,39.93118823055876,2.4923995438201025,0.0,9.37609336233416,14.32203032389184,2.517260922125453,0.1139914098797142,0.8142731230644756,0.0,10.322488739814936,0.1520255922768814,0.0768484123399449,0.6048124656602053,41.079049174752434,2.492958212171353,0.0,257.0,390.2,67.0,3.0,23.0,0.0,282.0,3.9699999999999993,2.2199999999999993,16.8,1131.0,67.06546437883657,0.0,20.450928381962864,31.05039787798408,5.3315649867374,0.2387267904509283,1.830238726790451,0.0,22.44031830238727,0.3159151193633951,0.1766578249336869,1.336870026525199,5.336774353753572,0.7556675062972293,Brighton,Manchester Utd,2026-05-24T15:00:00Z,38,2.2410638
351,Matthijs de Ligt,2.0,0,1.518380013408859,1.456497252041452,1.4401174887917136,1.467596997870272,0.9600736833072688,0.9970312171509038,1.1120476617581192,1.2267332376385045,,211.0,,90.0,44.0,1170.0,50.0,,3.3,3.6,87.0,1.6287152264035132,1.5892066341984312,1.5051740849165636,1.490274126024051,1.5322749413614083,1.4920994452701697,1.4895854425337507,1.514629974868429,0.0,12.245880822979428,4.043118401893068,3.1500102116572135,0.1325564146548711,1.4348213927140272,0.0,13.41647977297058,0.1215544858388927,0.0743938138504107,1.3315851499934974,89.08161228186228,3.804906099661405,0.0,12.216053558647731,4.040364131879834,3.005120696645384,0.1007077066091861,1.4517440028590418,0.0,11.084355522252649,0.1071128232086646,0.0554618542403552,1.3633870798170813,86.27857341303901,3.5628404439806904,0.0,11.903440983965014,3.907399490248997,2.815895496051762,0.0827481138850518,1.4148571710404896,0.0,10.241807803936313,0.098178590661413,0.0411897547247967,1.3710803450608884,83.06708664923408,3.3476047004194767,0.0,11.6772589837819,3.753550557007628,2.716863923842024,0.0757203365100305,1.379093646682442,0.0,10.06588754483706,0.0944004716933282,0.0332933926612409,1.3698774248932934,80.85450333032531,3.22824480219432,0.0,481.0,148.9,111.0,3.0,56.0,0.0,425.0,3.859999999999999,1.0799999999999996,57.260000000000005,3289.0,130.97135283076526,0.0,13.16205533596838,4.0744907266646395,3.0373973852234726,0.082091821222256,1.5323806628154453,0.0,11.629674673152936,0.105624809972636,0.0295530556400121,1.5668592277287932,3.583892293940065,0.7772020725388602,Manchester Utd,Brighton,2026-05-24T15:00:00Z,38,2.7780924
352,Matty Cash,2.0,0,2.0877065823215184,2.0313064824181177,1.9983975655290631,1.9899321472113032,0.7760600908270671,0.8320655962724971,0.902284812718804,0.9638814197680602,3.0,54.0,,75.0,67.0,2971.0,46.0,,3.4,7.6,161.0,1.424659845595926,1.3770523245396504,1.3994154522796445,1.4275718895734348,1.7410900299291667,1.5638149433821844,1.4245896822370918,1.376900592278413,0.1374123937883659,8.23893651524943,14.480218026723048,1.841085501277106,0.0039491957693542,1.6574069716463398,0.0,4.031210088833338,0.0151693564663689,0.0630885189441867,1.3648631819312151,86.21626199765147,2.533174395590911,0.1170009060241158,10.103600771541258,14.392947302339312,2.404571352451585,0.0258369220562705,1.3983127748999962,0.0,5.595544186053593,0.0257272465265647,0.0752022090104161,1.346495650980088,86.22402719839391,3.0998598060633222,0.1044794345138606,11.529506064491551,13.399010679530932,2.8665202206532725,0.0489977578277528,1.1957839682227804,0.0,6.401778487338104,0.032127627130397,0.0766650946857657,1.3091400770349704,85.20018098952485,3.3859533593117934,0.0969081869633874,11.982563682872115,11.845995077169995,2.989740635410967,0.0579226341405066,1.09153766565318,0.0,6.952764922249619,0.040363469098456,0.0734178937264623,1.2709911414186792,82.99284352877255,3.396246265249849,3.0,1188.0,923.3,291.0,6.0,99.0,0.0,774.0,6.029999999999999,6.6899999999999995,120.81,7798.0,322.7650774213564,0.0346242626314439,13.711208002051809,10.656193895870736,3.3585534752500643,0.0692485252628879,1.1426006668376507,0.0,8.933059758912542,0.0695947678892023,0.07721210566812,1.3943190561682484,3.7251676029651297,0.9950248756218908,Aston Villa,Manchester City,2026-05-24T15:00:00Z,38,2.1106744
353,Matz Sels,1.0,1,1.5322076893718972,1.5176230765891512,1.5246329989409293,1.5307653860088308,0.8043382958227075,1.0216501233696416,1.230935744218627,1.342933417719982,,439.0,,227.0,47.0,2577.0,46.0,,3.4,5.0,764.0,2.2174093458585955,1.7777940416108506,1.457231199250763,1.30762240589473,0.845018040005908,0.9974050788647442,1.1708124605074612,1.2828488912433935,0.0,17.310236803661702,0.03879581561436,4.103823706381057,0.0,1.2440528590046622,3.858301202435519,0.0,0.0,0.0002058999544897,1.9556103844470731,88.34753709070888,5.045975421947709,0.0,16.250962480407914,0.2085085857441447,3.938761837667384,0.0,1.1387596520286778,3.370070482401019,0.0,0.0,0.001607107156092,1.637499577029764,86.64607645290607,4.752385135245051,0.0,14.841723990071143,0.3920189159401214,3.675370493193168,0.0,1.195097929116815,3.170408320519904,0.0,0.0,0.0035133584886532,1.510104295403056,86.70660715714915,4.356823509179373,0.0,14.109658149061534,0.4685237540726971,3.538171178875157,0.0,1.2549557603850738,3.0877683970174687,0.0,0.0,0.0044525027743584,1.4443933872985295,87.45516569141905,4.122962943301026,0.0,1147.0,40.2,286.0,0.0,111.0,249.0,0.0,0.0,0.4099999999999997,114.84,7437.0,330.42185656128004,0.0,13.880597014925373,0.4864864864864865,3.461073013311819,0.0,1.343283582089552,3.0133118192819683,0.0,0.0,0.0049616780960064,1.389753933037515,3.998650946687536,,Nottingham Forest,Bournemouth,2026-05-24T15:00:00Z,38,3.3831332
354,Max Alleyne,2.0,1,1.939727876476741,1.639347092096446,1.5294458207117694,1.492088522256452,1.7928720239433336,1.6074334490457554,1.4533604505952842,1.39252795828722,,381.0,,409.0,402.0,135.0,45.0,,2.5,0.0,337.0,1.732773672642246,1.979715753251465,2.0027106401953554,2.001342929618479,0.8167501735845647,0.8918797788908246,0.9749762822142451,1.0161597145765922,0.0,13.11111111111111,6.800000000000001,2.3333333333333335,0.0,0.4444444444444445,0.0,13.444444444444445,0.1266666666666666,0.0277777777777777,0.7266666666666667,65.0,2.669710987243977,0.0,13.315789473684212,7.115789473684211,2.4210526315789473,0.0,0.4736842105263158,0.0,13.210526315789474,0.1284210526315789,0.0289473684210526,0.7494736842105264,66.31578947368422,2.7575475904616606,0.0,13.41025641025641,7.261538461538461,2.4615384615384617,0.0,0.4871794871794871,0.0,13.102564102564104,0.1292307692307692,0.0294871794871794,0.76,66.92307692307692,2.7980875611775144,0.0,13.455696202531644,7.331645569620253,2.481012658227848,0.0,0.4936708860759493,0.0,13.050632911392404,0.1296202531645569,0.0297468354430379,0.7650632911392405,67.21518987341771,2.817587800256026,0.0,27.0,14.8,5.0,0.0,1.0,0.0,26.0,0.26,0.06,1.54,135.0,5.6732010667151505,0.0,18.0,9.866666666666667,3.333333333333333,0.0,0.6666666666666667,0.0,17.333333333333332,0.1733333333333333,0.0399999999999999,1.0266666666666666,3.782134044476767,0.0,Manchester City,Aston Villa,2026-05-24T15:00:00Z,38,2.3705974
355,Max Dowman,3.0,0,1.0829318651843192,1.067014294422874,1.145889565874812,1.235301562856742,1.967837344196661,1.6830638340953552,1.4810949370442836,1.36834061592233,,376.0,,404.0,428.0,91.0,42.0,,2.6,0.8,327.0,1.5366430027994211,1.7445156922993874,1.7972944455591804,1.7977644852597776,0.9097069406773968,0.8936347442115798,0.856958262648541,0.8480417815934933,0.1218467396477868,8.675868633983816,8.073060447405998,2.3174678724416946,0.1903855306996668,0.2379819133745835,0.0,11.070918610185624,0.2273584007615421,0.0300428367444074,0.1463112803426939,18.50356972870062,2.342296603259165,0.1602158677443774,9.081414373275376,7.975812556469928,2.469634441161388,0.1977973675856511,0.2197748528729456,0.0,11.689702327171496,0.234897316304852,0.0291377499938951,0.1409196356621327,18.350614148616636,2.3819089040201913,0.1800259980301173,9.250675161382564,7.871952794650098,2.537451944395712,0.1994747900610718,0.2099734632221809,0.0,11.957705542608725,0.2369446650854191,0.0285873620840418,0.1375956104494951,18.273114693860073,2.3915922063222266,0.190003187469966,9.327709363843905,7.8091082878243485,2.5693688653420006,0.1998718605864205,0.2049967800886364,0.0,12.081962821172914,0.2375887122333881,0.0282971789699913,0.1358257415672283,18.235829084263116,2.3942251269869126,1.0,47.0,38.7,13.0,1.0,1.0,0.0,61.0,1.19,0.14,0.67,91.0,11.97755703826391,0.989010989010989,46.48351648351649,38.27472527472528,12.857142857142856,0.989010989010989,0.989010989010989,0.0,60.32967032967033,1.176923076923077,0.1384615384615384,0.6626373626373626,11.845935532348925,0.8403361344537815,Arsenal,Crystal Palace,2026-05-24T15:00:00Z,38,2.406386
356,Max Weiß,1.0,1,0.6713781975253578,0.7368591485710255,0.7974005780690301,0.886711191832273,1.7556417034315248,1.7098595237868155,1.6962368721663368,1.692611722456014,,644.0,,462.0,428.0,180.0,42.0,,2.0,0.1,618.0,0.9851174926304958,0.9787764719265952,1.022008359547608,1.0484439670146557,2.2395555570645613,2.1477716373262017,2.054383025950329,1.939848177190176,0.0,10.77777777777778,0.0,2.0,0.0,1.4444444444444444,3.333333333333333,0.0,0.0,0.0,1.356666666666667,90.0,3.0944665431286107,0.0,10.894736842105264,0.0,2.0,0.0,1.4736842105263157,3.4210526315789473,0.0,0.0,0.0,1.3610526315789473,90.0,3.0869740865724093,0.0,10.948717948717947,0.0,2.0,0.0,1.4871794871794872,3.4615384615384617,0.0,0.0,0.0,1.363076923076923,90.0,3.0835160297003164,0.0,10.974683544303796,0.0,2.0,0.0,1.4936708860759491,3.481012658227848,0.0,0.0,0.0,1.3640506329113924,90.0,3.0818526605719674,0.0,22.0,0.0,4.0,0.0,3.0,7.0,0.0,0.0,0.0,2.73,180.0,6.160461751343656,0.0,11.0,0.0,2.0,0.0,1.5,3.5,0.0,0.0,0.0,1.365,3.080230875671828,,Burnley,Wolves,2026-05-24T15:00:00Z,38,3.0134249
357,Maxence Lacroix,2.0,1,1.5307612174333038,1.704751939684622,1.7738301193564938,1.7869121026055728,0.4657699536268272,0.6514597285203065,0.7347335178883116,0.7858168606284246,,291.0,,89.0,23.0,3085.0,52.0,,4.4,7.5,98.0,0.8536648314803988,0.9633492160206902,1.1009359698913324,1.2156295095884035,1.959796680245826,1.6478487045487895,1.45378389198278,1.3520910246488829,0.0013395913485545,10.88018139025944,2.8693022657399925,3.5855722894830344,0.0335556146817583,1.826312072486882,0.0,11.372681204534295,0.0605552867431871,0.0174432004038491,1.1971473804222634,82.82550432187888,3.488508473253895,0.012612328125732,12.564146740273191,2.986261867221412,3.980144922352863,0.0434263325539362,1.6701039234255777,0.0,11.720613044665743,0.0769374474544441,0.0203542318437162,1.219605122153547,85.48255939788429,4.08605675851446,0.0300430728062191,13.895428181128445,3.1610182149584065,4.101021150493437,0.0375772017944495,1.5385881298958686,0.0,10.661702281222396,0.0829866517846848,0.0226395385134846,1.2313020953941396,87.2116530974499,4.4299167950092455,0.0426793139954814,14.601674964579033,3.2650481437239005,4.08877722125651,0.0329915303291408,1.4629844774352512,0.0,9.837205231239404,0.0865191382701533,0.0234560679268826,1.2331025663141186,88.1341950096758,4.529309631021582,2.0,992.0,220.1,263.0,2.0,92.0,0.0,593.0,5.949999999999999,1.5999999999999996,81.64,5869.0,296.8093694863698,0.030669620037485,15.212131538592605,3.3751916851252344,4.03305503492929,0.030669620037485,1.4108025217243143,0.0,9.093542341114327,0.0912421196115181,0.024535696029988,1.2519338899301415,4.551515292856242,0.3361344537815126,Crystal Palace,Arsenal,2026-05-24T15:00:00Z,38,2.6199257
358,Maxim De Cuyper,2.0,1,1.840832047565444,1.809043192946828,1.7503560523911208,1.6644300751948404,1.22773277493323,1.230558127920629,1.293397159421104,1.3794963287296922,3.0,61.0,1.0,160.0,230.0,1359.0,43.0,,2.9,1.7,235.0,1.8979750167610736,1.6183302800534345,1.5159138462337038,1.5053512875565596,0.950092104134086,0.996701352389878,1.117944961587651,1.2325660053177352,0.4230546453553637,16.284136406811335,27.254186683296226,4.137033340233187,0.0045544005920301,0.5396440472732354,0.0,3.47610506542013,0.0291158494912368,0.3065925168468381,0.4921835971683783,46.390639249904055,4.0445290318167,0.2654007152517704,13.16849435076598,20.373563422430983,3.4554811103958674,0.0241222991731786,0.5861729532719296,0.0,3.6055723529918087,0.0364082434406776,0.2051349613859893,0.6210826657829921,43.73717970693732,3.3774928150929493,0.1781101669191557,11.928500255755644,17.932566389767473,3.1655439928246043,0.0445184722523458,0.647160944585927,0.0,4.196702065235319,0.0454916178099507,0.1636539447180391,0.7107506589550981,44.7297102889384,3.1506735926693605,0.1382789904309685,11.427791360329593,17.020485685671872,3.041836431797716,0.0566520976408229,0.6846805485073308,0.0,4.6130379946335704,0.0509777813046734,0.1474052893102149,0.75310831388075,45.70063655267353,3.068256300085816,3.0,319.0,472.2,85.0,2.0,21.0,0.0,147.0,1.64,3.9,22.9,1359.0,87.08976368514935,0.1986754966887417,21.125827814569536,31.271523178807943,5.629139072847682,0.1324503311258278,1.390728476821192,0.0,9.735099337748345,0.1086092715231788,0.2582781456953642,1.5165562913907285,5.767534018884063,1.2195121951219512,Brighton,Manchester Utd,2026-05-24T15:00:00Z,38,2.7906413
359,Maxime Estève,2.0,1,0.6713781975253578,0.7368591485710255,0.7974005780690301,0.886711191832273,1.7556417034315248,1.7098595237868155,1.6962368721663368,1.692611722456014,,305.0,,159.0,42.0,2933.0,38.0,,2.5,6.8,283.0,0.9851174926304958,0.9787764719265952,1.022008359547608,1.0484439670146557,2.2395555570645613,2.1477716373262017,2.054383025950329,1.939848177190176,0.0,7.2010759076684545,0.7339216705023461,2.8605562557271345,0.0,1.9978769355449808,0.0,1.4518047955678612,0.011726837430423,0.0049425425577462,1.8133267900369232,87.02229035444978,3.142594568600561,0.0,7.319617011291672,1.534187265221408,2.717143866648177,0.0,2.062512990432139,0.0,2.0814483670166406,0.0178802080921128,0.0099917009184801,1.88594830671618,86.54587607323303,2.9946533383360956,0.0,7.52458869350206,2.159216525038324,2.6220847343999667,0.0,2.0701299609419928,0.0,2.4587335058674897,0.0202975880740084,0.0139169622902352,1.9258543565103472,86.23870734596274,2.9728326749195344,0.0,7.646840881048352,2.4653181741160126,2.5843341555213217,0.0,2.0666086605418177,0.0,2.6547903738209913,0.0210455357560418,0.0158132355604151,1.948631902578709,86.19509240977517,2.9895763247008182,0.0,264.0,92.5,87.0,0.0,70.0,0.0,97.0,0.73,0.59,67.06,2933.0,102.850078879025,0.0,8.10092055915445,2.8383907262188885,2.66962154790317,0.0,2.1479713603818613,0.0,2.976474599386294,0.0224002727582679,0.0181043300375042,2.0577565632458232,3.1559860549308727,0.0,Burnley,Wolves,2026-05-24T15:00:00Z,38,3.360445
360,Maximilian Kilman,2.0,1,1.4873748164371934,1.4101831854236713,1.3542056928734252,1.3172760593840596,0.7915192984902504,1.0407607451397949,1.3223124000649034,1.5182899044580005,,307.0,,207.0,85.0,1559.0,42.0,,1.7,0.2,282.0,1.497096464837933,1.2964086421265928,1.224989656217303,1.234256857291228,1.696669683296805,1.7795887012220994,1.7706134593247969,1.738456330751803,0.0,1.936878204961148,1.2904913797866004,1.1674482505598511,0.0,1.3825800530418055,0.0,1.6351448357278058,0.0070000517724973,0.0047361427609573,1.3620014984483633,47.86009237033289,1.626881524807883,0.0,2.930137098716097,1.8789050763885704,1.4758894498350432,0.0,1.5266497622963546,0.0,2.3248219103623446,0.0141299241902208,0.0077895525304287,1.4979926055893398,61.29507095365742,2.007680663727159,0.0,3.41749414862257,2.2483912344637864,1.612246196709232,0.0,1.6338289298754194,0.0,2.6327125840143353,0.0198458779263202,0.0098136187836109,1.5512783153776668,68.11849529640533,2.2112298666999375,0.0,3.629530909934402,2.4490133327267225,1.6683740584267133,0.0,1.695736655498653,0.0,2.757283436219619,0.0231588696573855,0.0108696446486014,1.570722896293386,71.30185162554882,2.3072691522886255,0.0,80.0,55.8,36.0,0.0,37.0,0.0,60.0,0.56,0.25,33.28,1559.0,50.30820825859325,0.0,4.6183450930083385,3.2212957023733164,2.078255291853752,0.0,2.1359846055163567,0.0,3.463758819756254,0.0323284156510583,0.014432328415651,1.9212315586914688,2.9042583343639463,0.0,West Ham,Leeds United,2026-05-24T15:00:00Z,38,1.8158331
361,Melker Ellborg,1.0,1,1.0573950106173575,1.221091675632897,1.4163659335031855,1.5678551940989556,1.7569017770351965,1.6540987203742674,1.4778527368431342,1.381497105747743,,592.0,,435.0,395.0,270.0,40.0,,5.3,0.1,562.0,0.7391153337488022,0.8494853086306562,0.92001264624097,0.9593368551846444,1.2440403393886772,1.282668279038092,1.243635540686766,1.208765043319574,0.0,19.295081967213115,0.0,4.836065573770491,0.0,0.7377049180327868,3.262295081967213,0.0,0.0,0.0065573770491803,1.3729508196721307,90.0,5.437887314654661,0.0,20.00738007380074,0.0,5.092250922509225,0.0,0.7011070110701106,3.298892988929889,0.0,0.0,0.0066420664206642,1.3702952029520297,90.0,5.6057597113809505,0.0,20.343558282208587,0.0,5.214723926380368,0.0,0.6836108676599474,3.3163891323400523,0.0,0.0,0.0066608238387379,1.3685801928133214,90.0,5.685930180811014,0.0,20.506729331339457,0.0,5.274513992736595,0.0,0.6750694296090578,3.324930570390942,0.0,0.0,0.0066652424695577,1.3676458021790214,90.0,5.725050420574604,0.0,62.0,0.0,16.0,0.0,2.0,10.0,0.0,0.0,0.02,4.1,270.0,17.290572955603494,0.0,20.666666666666668,0.0,5.333333333333334,0.0,0.6666666666666667,3.333333333333333,0.0,0.0,0.0066666666666666,1.3666666666666665,5.763524318534498,,Sunderland,Chelsea,2026-05-24T15:00:00Z,38,3.196449
362,Merlin Röhl,3.0,0,1.102564633914661,1.101499110685907,1.1983079937381895,1.3460357492674346,1.514817248864682,1.6447311599706276,1.6535870072693977,1.6169812358281417,,307.0,,379.0,380.0,614.0,50.0,,2.3,0.0,332.0,1.7853839932665585,1.561905201609496,1.3826261767690258,1.2858406600181125,1.8345610229389568,1.547627383252877,1.3723106230104325,1.326665252713866,0.1326678344515633,10.769531507999536,6.540570106744527,3.629818231171533,0.2072934913305677,1.3260699540254517,0.0,6.530063670557424,0.0462338440501982,0.0362572699626013,1.0415980840872423,56.89161631978331,2.531722265107944,0.1020011276459568,8.285777261415756,6.25796022655296,2.894305610725523,0.1259273180814282,1.0640254224548074,0.0,5.2135404256537745,0.0443348591167776,0.029874770842376,0.944034047580753,48.63696746275311,2.2707486912017494,0.0840772548088447,7.200043529120693,6.033513392654423,2.561484043305767,0.0931603931399941,0.928751777142687,0.0,4.63505582956366,0.0442463706726572,0.0265724167159021,0.8801243358578164,44.636607170765394,2.146140119051485,0.0752125975158031,6.712803672085227,5.906247441390626,2.4088183773316336,0.0791191032381887,0.8631418584350821,0.0,4.373894942811762,0.0444002124462077,0.024937292071993,0.8462628940027346,42.7390530837482,2.0863874976148513,1.0,94.0,86.6,34.0,1.0,12.0,0.0,62.0,0.67,0.35,12.18,614.0,30.43178788239581,0.1465798045602606,13.778501628664497,12.693811074918566,4.9837133550488595,0.1465798045602606,1.758957654723127,0.0,9.087947882736156,0.0982084690553746,0.0513029315960912,1.785342019543974,4.460685520220884,1.4925373134328357,Everton,Tottenham,2026-05-24T15:00:00Z,38,2.3258455
363,Michael Kayode,2.0,0,1.8359064248683763,1.78747508218593,1.7882183641372678,1.8851857440962256,1.8952567438828445,1.5796778656740686,1.420205125806682,1.3092227962416565,,63.0,,96.0,79.0,3168.0,46.0,,3.1,1.1,249.0,1.1748714775842306,1.3043720462789254,1.4045468873177778,1.4575194754261969,1.4066036186219488,1.3314196026761185,1.3311119711831043,1.3665151862017706,0.0663130984680625,10.271595107292942,10.651072316598713,2.9152772627333645,0.0419439753819076,1.5075326221316203,0.0,4.168640953845964,0.0802024729453507,0.0474369085440364,1.5647401222430706,89.77486872588679,3.5594339347324193,0.0677543775656358,12.511146614433024,11.120405256418971,3.185202776975638,0.0481359639973207,1.3564678352026742,0.0,4.228895135751492,0.068307886358983,0.0583268218306043,1.451337311076166,88.61271842328846,3.784963982435699,0.0624046882408347,13.05487491421614,11.735570144031469,3.114716044659932,0.0381712539352455,1.260780495290274,0.0,3.893655568374853,0.0507423681672993,0.0681274983090314,1.3556596331973598,85.47234592532995,3.703472557307089,0.0590296960831268,12.944934181441957,11.965060804853335,3.0129285273541813,0.0297708483991217,1.1922250603411866,0.0,3.631080189729298,0.0403215678234347,0.072417193792437,1.2762481635310017,82.00535520212306,3.5694599589999925,2.0,601.0,574.3000000000001,138.0,1.0,53.0,0.0,160.0,1.47,3.58,56.27,3691.0,161.75468744623225,0.0487672717420753,14.654565158493632,14.00352208073693,3.364941750203197,0.0243836358710376,1.292332701164996,0.0,3.9013817393660255,0.0358439447304253,0.0872934164183148,1.3720671904632888,3.944167399122433,0.6802721088435374,Brentford,Liverpool,2026-05-24T15:00:00Z,38,2.5031416
364,Michael Keane,2.0,0,1.102564633914661,1.101499110685907,1.1983079937381895,1.3460357492674346,1.514817248864682,1.6447311599706276,1.6535870072693977,1.6169812358281417,,375.0,,119.0,39.0,2498.0,45.0,,4.0,3.2,124.0,1.7853839932665585,1.561905201609496,1.3826261767690258,1.2858406600181125,1.8345610229389568,1.547627383252877,1.3723106230104325,1.326665252713866,0.2001585819666066,8.120198387435599,2.680385808357646,2.594476800364508,0.0135957716329712,1.8363970595637833,0.0,8.095709095190887,0.0514282269991924,0.0070748034870748,1.2933618916535126,74.36555305566267,2.5770875489007903,0.1035557779939565,9.971635504432616,1.7370610314372854,3.0285276128818,0.0491496872171541,1.4954145841240998,0.0,8.232715114771743,0.055428574374805,0.0067963483408872,1.2825821637986066,72.18963472453026,3.1325734450236173,0.0620125414615639,11.522047396351969,1.5721914003883088,3.368472861915457,0.0865200955985352,1.41016658180983,0.0,8.619453618472145,0.0585939997214863,0.0088488355203179,1.3225996459550082,73.5655905154122,3.405962514109279,0.0450274000686825,13.019361116412508,1.8474084584078885,3.375443107027152,0.1050448348649864,1.4860244855335545,0.0,8.862671635443624,0.0565487691620731,0.0134379382534217,1.370377685698983,75.15361551388102,3.3801956284386367,1.0,1590.0,251.1,326.0,11.0,167.0,0.0,905.0,4.989999999999998,2.1999999999999997,144.87,7964.0,326.5978224259636,0.0113008538422903,17.968357609241586,2.8376443997990957,3.6840783525866394,0.1243093922651933,1.887242591662481,0.0,10.227272727272728,0.0563912606730286,0.0248618784530386,1.637154696132597,3.6908342564460983,2.2044088176352714,Everton,Tottenham,2026-05-24T15:00:00Z,38,3.0256932
365,Micky van de Ven,2.0,1,1.6283071946132468,1.5057146814462412,1.3634947000475075,1.2786717611892149,2.0676488183511657,1.6928646449335476,1.4536958060334333,1.368632576429858,,301.0,,146.0,56.0,2951.0,44.0,,3.2,17.5,167.0,1.1282057923933262,1.1127767896515215,1.2087453529772576,1.3549376030724047,1.3935215610808525,1.605256844410009,1.6353545760796422,1.6071279849705744,0.0070404443471674,8.593978167972018,1.7652329415880388,1.6201828802876996,0.0155050831945218,1.4628037029179108,0.0,1.7244471688214047,0.0117532863400269,0.005938868761178,0.9333848056380718,85.40470611638412,2.5178279439210085,0.0211781373322278,8.766461466422662,2.159013245609519,2.0459989017210107,0.0474616356560132,1.5662651605739624,0.0,3.394600979039456,0.0347928436052705,0.0073047069510049,1.097194501694121,84.65314709504452,2.7404952271611047,0.0280722885356475,10.320405923206476,2.453390025044288,2.510040744675056,0.0730325220699937,1.5535709691744792,0.0,4.554942898955186,0.0520385105582605,0.012010787478961,1.1911631771310491,84.77700810802895,3.061768923548373,0.0296277727303521,11.825872708744477,2.5606134564344316,2.7415459807434104,0.0822780386094376,1.5071086705334982,0.0,4.828566345495379,0.0560755898550963,0.0159371211441217,1.2310344578620405,84.85357309151443,3.213943774863303,1.0,976.0,182.2,206.0,6.0,102.0,0.0,328.0,3.729999999999999,1.3699999999999992,89.57,6036.0,232.924086533463,0.014910536779324,14.55268389662028,2.716699801192843,3.0715705765407555,0.0894632206759443,1.5208747514910537,0.0,4.89065606361829,0.0556163021868787,0.0204274353876739,1.3355367793240556,3.473023159047659,1.60857908847185,Tottenham,Everton,2026-05-24T15:00:00Z,38,2.6340127
366,Mike Trésor Ndayishimiye,3.0,1,0.6713781975253578,0.7368591485710255,0.7974005780690301,0.886711191832273,1.7556417034315248,1.7098595237868155,1.6962368721663368,1.692611722456014,,408.0,,470.0,476.0,37.0,43.0,,1.0,0.1,446.0,0.8303076027939363,0.944823686253427,1.0199824308216343,1.0509967688581203,2.4053819473917217,2.1903589069355776,2.0606629383824777,1.9343100136839713,0.0,3.1171827565270185,3.268279989591464,1.0,0.0,0.39032006245121,0.0,0.2220487466389106,0.0,0.0,0.3719056292826784,6.200277560933297,1.0001585493049745,0.0,3.063921512552314,2.9067203916689253,1.0,0.0,0.3649487044320992,0.0,0.2800501110852635,0.0,0.0,0.3184922282999579,6.180700829564686,1.000153405368241,0.0,3.0327885512659196,2.719332098589139,1.0,0.0,0.3496495453405748,0.0,0.3074674655757696,0.0,0.0,0.2955743557067165,6.172379290247993,1.0001506152187485,0.0,3.0165468995476723,2.6259387384464454,1.0,0.0,0.3415883392470358,0.0,0.3206120046802992,0.0,0.0,0.2850045204968325,6.169148243714348,1.0001491991359068,0.0,18.0,15.2,6.0,0.0,2.0,0.0,2.0,0.0,0.0,1.65,37.0,6.000886676752102,0.0,43.78378378378379,36.97297297297297,14.594594594594597,0.0,4.864864864864865,0.0,4.864864864864865,0.0,0.0,4.013513513513513,14.596751375883487,,Burnley,Wolves,2026-05-24T15:00:00Z,38,1.6906868
367,Mikel Merino Zazón,3.0,0,1.0829318651843192,1.067014294422874,1.145889565874812,1.235301562856742,1.967837344196661,1.6830638340953552,1.4810949370442836,1.36834061592233,,135.0,,104.0,136.0,996.0,55.0,,3.1,1.4,75.0,1.497473126967393,1.679234952714015,1.720407994167745,1.7453344725407034,0.680476967323872,0.7314828574572715,0.7549388294448096,0.7981312920473782,0.0728813494646606,12.026740095146073,9.26513531238086,3.2179148902325876,0.2685039893211012,0.4677881441634195,0.0,15.895860616066626,0.1999444212675641,0.1079744201708658,0.2959170716925461,42.52907229221248,2.8843275967644875,0.122723955805453,11.837146159059538,9.418890419037597,3.2229192003553657,0.2249306568901226,0.4711901317303451,0.0,13.252242290097746,0.1739878152720941,0.089596246582436,0.3145065585030148,46.2102433380619,2.826600426191115,0.1388270334116061,11.664179577951309,9.232958567303848,3.2060316910888993,0.2072821827365979,0.4574075869665386,0.0,12.179703108825976,0.1592407226590741,0.0794038459079243,0.3163037720066993,47.215005711065686,2.764241838240621,0.1424599633159658,11.520000142472442,9.082944228378643,3.180765604744824,0.1988342889811664,0.4447967606149103,0.0,11.710684916924164,0.1510480456620521,0.0742056784434649,0.3154558531797219,47.41857644152571,2.7195920349198195,3.0,238.0,187.0,66.0,4.0,9.0,0.0,237.0,2.99,1.45,6.59,996.0,55.99908905642716,0.2710843373493976,21.50602409638554,16.897590361445783,5.963855421686747,0.36144578313253,0.8132530120481928,0.0,21.41566265060241,0.2701807228915663,0.1310240963855421,0.5954819277108433,5.060158649677153,1.3377926421404682,Arsenal,Crystal Palace,2026-05-24T15:00:00Z,38,3.672686
368,Mikkel Damsgaard,3.0,0,1.8359064248683763,1.78747508218593,1.7882183641372678,1.8851857440962256,1.8952567438828445,1.5796778656740686,1.420205125806682,1.3092227962416565,1.0,31.0,3.0,57.0,116.0,2039.0,56.0,,3.5,0.8,96.0,1.1748714775842306,1.3043720462789254,1.4045468873177778,1.4575194754261969,1.4066036186219488,1.3314196026761185,1.3311119711831043,1.3665151862017706,0.0444783491776128,16.3888683079588,20.412511643141578,4.204516568086537,0.1954194805440282,1.0552356433126426,0.0,10.80324580330883,0.1150848247538225,0.1731961275223777,1.186680807277048,74.9847706309022,4.156048826605703,0.0884708952820719,15.460922676228051,19.629396928032083,3.901078598326962,0.1722848809653546,0.9733288408967746,0.0,10.873182488727457,0.1043734146706101,0.1604313720037341,1.0201062273463557,67.54913966380583,3.769464258394703,0.1115640973177946,14.750998824167723,20.594464148020155,3.5923762764884706,0.1290036902712478,0.9684116833067328,0.0,9.993292468675412,0.0893137584413169,0.1611704171484878,0.9788781061178488,66.11157047580613,3.5098166624071085,0.1199910264368358,14.235282300378753,21.01185364501932,3.384492644519358,0.0970205794797015,0.9510227362776044,0.0,9.241004683461515,0.0802520769396566,0.1576239980202103,0.9710714808210322,65.78498388153149,3.3199318999413765,4.0,1239.0,1861.8,295.0,6.0,82.0,0.0,794.0,7.059999999999999,13.369999999999996,88.03,5977.0,285.2522889651608,0.0602308850593943,18.6565166471474,28.034465450895095,4.442027773130333,0.0903463275890915,1.234733143717584,0.0,11.955830684289776,0.106307512129831,0.2013217333110255,1.3255312029446211,4.295249457397436,0.84985835694051,Brentford,Liverpool,2026-05-24T15:00:00Z,38,2.9508486
369,Milos Kerkez,2.0,1,1.3398971820673846,1.3739348418074238,1.4343213778237405,1.471195734191458,1.5252828948975592,1.3982776425588164,1.364558433783409,1.3824857175755458,,77.0,,142.0,157.0,2244.0,56.0,,2.5,2.9,239.0,1.7948830310854702,1.7638612024277347,1.777071859288577,1.882232119440549,1.369070929853555,1.3107531840700402,1.284425194007207,1.240001898284402,0.0214884564073313,7.440005711156785,9.035111790133698,1.988954016474444,0.0664845203471136,1.4740520051053054,0.0,2.3234045490453203,0.0353590199184484,0.0117479112649448,0.8672362652641603,62.08135503956517,2.1978365852811907,0.0359797311978528,9.677856902444985,11.146516635307645,2.461608250513759,0.0678226102640522,1.241212196996195,0.0,3.300374929366223,0.0394361615578727,0.0172750883595168,0.8760059357241471,64.77721484085812,2.574855732264678,0.0366884774130044,11.101828567143746,12.944402455748362,2.71158463273777,0.0603070220135181,1.167764426672958,0.0,4.2587845494747425,0.038322843672179,0.0266249150117322,0.9487640227797348,69.80000906603806,2.8172720149725534,0.034269770028842,11.89199290214365,13.582867271081463,2.852290009263431,0.0531947407426196,1.1672825667144675,0.0,4.9466683073115725,0.036560239779013,0.0356057148036696,1.042338572967246,73.99158178066557,2.9274424750983483,1.0,1193.0,1273.9,280.0,4.0,119.0,0.0,527.0,3.3899999999999992,4.319999999999998,115.2,7546.0,280.4716745240122,0.0119268486615425,14.22873045322025,15.19361250993904,3.339517625231911,0.0477073946461701,1.419294990723562,0.0,6.285449244632917,0.0404320169626292,0.0515239862178637,1.3739729658097004,3.3451432158973096,1.1799410029498527,Liverpool,Brentford,2026-05-24T15:00:00Z,38,2.5725093
370,Mitoma Kaoru,3.0,1,1.840832047565444,1.809043192946828,1.7503560523911208,1.6644300751948404,1.22773277493323,1.230558127920629,1.293397159421104,1.3794963287296922,,70.0,,102.0,243.0,1714.0,61.0,,2.5,2.3,64.0,1.622468770951342,1.4648114222738182,1.437803289179041,1.4668978474791998,1.1876151301676074,1.1074459471054736,1.1767847422058162,1.2642767361619032,0.0014813358545282,9.913809470446273,12.928543507238746,2.6315146201574495,0.1145558954329396,0.7803745525519341,0.0,17.65923409080594,0.1861849196693435,0.0882849772445883,0.9338113714083354,63.08825876076251,2.532549112191217,0.0106093522876369,10.287465730913665,14.52257559056275,2.75909176678781,0.1326028534532309,0.7680104819129472,0.0,17.95152483614431,0.1845235427067325,0.1031509245376407,0.8913047705508998,64.34902810916397,2.8372828096253713,0.0223864431607667,11.069568586624172,15.302050541870296,3.0103594743562168,0.1679959076030129,0.8305421154001336,0.0,18.49377764447948,0.1939846554498167,0.1049842289984813,0.9021799773779124,66.10270573978487,3.0988945421322622,0.0305416392473646,11.843759890252333,15.75846628535801,3.2341783690514236,0.1926306048988592,0.8982906704279616,0.0,19.379982819024207,0.2042508878892001,0.1062316313285171,0.9349648326909824,67.93557828125127,3.2974772573073343,1.0,783.0,1000.3,213.0,13.0,60.0,0.0,1272.0,13.23,6.77,60.81,4311.0,215.46509743863697,0.0208768267223382,16.346555323590813,20.883089770354907,4.446764091858038,0.2713987473903966,1.2526096033402925,0.0,26.555323590814197,0.2762004175365344,0.1413361169102296,1.2695198329853865,4.498227503938141,0.982615268329554,Brighton,Manchester Utd,2026-05-24T15:00:00Z,38,2.8258548
371,Mohamadou Kanté,3.0,1,1.4873748164371934,1.4101831854236713,1.3542056928734252,1.3172760593840596,0.7915192984902504,1.0407607451397949,1.3223124000649034,1.5182899044580005,,426.0,,469.0,464.0,65.0,45.0,,0.8,0.0,419.0,0.9107868180919828,1.0951527852122245,1.16085576712912,1.203309571343217,1.3152548847855938,1.4094199807491106,1.5375319051139422,1.6147602101157532,0.0,2.1388360900575414,0.7187540187051837,0.6841677728322968,0.0,0.2240580499203342,0.0,1.410864617142797,0.006638062949973,0.0038794091899678,0.2296984816765398,9.37575812640264,0.7291493481298588,0.0,2.436597789183671,1.0085913022760358,0.7457323537310406,0.0,0.1535339932787629,0.0,1.2881013730434627,0.0067589678248573,0.0039697654111081,0.1979624838333253,7.700526933378426,0.7915985848185718,0.0,2.574803145157802,1.153605916134637,0.7739006617559114,0.0,0.1246065359345488,0.0,1.2374672141573178,0.0068542918188545,0.0039924552064498,0.1873569229835821,7.040351686910207,0.8203158267027375,0.0,2.6392608953450005,1.2232361803251282,0.7872217257919606,0.0,0.1117716172151424,0.0,1.2169070035079104,0.0069200116589178,0.0039981183200208,0.1832934554978271,6.755534787214816,0.833984443306997,0.0,27.0,12.9,8.0,0.0,1.0,0.0,12.0,0.07,0.04,1.8,65.0,8.471701342109322,0.0,37.38461538461539,17.861538461538462,11.076923076923077,0.0,1.3846153846153846,0.0,16.615384615384617,0.0969230769230769,0.0553846153846153,2.4923076923076923,11.73004801215137,0.0,West Ham,Leeds United,2026-05-24T15:00:00Z,38,1.5602382
372,Mohamed Salah,3.0,1,1.3398971820673846,1.3739348418074238,1.4343213778237405,1.471195734191458,1.5252828948975592,1.3982776425588164,1.364558433783409,1.3824857175755458,2.0,21.0,4.0,25.0,127.0,2071.0,140.0,1.0,4.5,13.9,22.0,1.7948830310854702,1.7638612024277347,1.777071859288577,1.882232119440549,1.369070929853555,1.3107531840700402,1.284425194007207,1.240001898284402,0.0890112005616295,12.4671169469977,20.65374647967127,4.102904333637025,0.3100471569592634,0.8725940914251334,0.0,20.295966157637263,0.2406752205204626,0.1522620776461337,0.8830630136595625,63.12228918292137,3.833526998238069,0.1672641983122516,14.347570586552536,25.37376028179925,4.45928265534739,0.3139797883838466,1.107338957038693,0.0,26.985895185292375,0.2973337527275863,0.1885276097351406,1.0439720709426972,72.48866102725584,4.450105428362511,0.2039341588630552,18.16914873343076,29.39073440601865,5.150964414967868,0.410518347978561,1.2441322516672968,0.0,35.65249621362403,0.3842967383006981,0.205364593141411,1.100576734549897,78.57248326515747,5.205289481137058,0.2187746065474003,21.786596478886572,31.27945861275927,5.935645584656264,0.5315048966934054,1.2469878052239234,0.0,44.51969016172281,0.4730656111092408,0.2139423712771152,1.0840743159533448,81.22180911062087,5.890724017101683,6.0,3115.0,3903.3,849.0,85.0,145.0,0.0,6990.0,70.3,27.429999999999996,130.75,10279.0,795.4807590285641,0.0525342932191847,27.274053896293413,34.17618445374064,7.433602490514641,0.7442358206051172,1.2695787527969646,0.0,61.20245160035023,0.6155268022181145,0.2401692771670395,1.144809806401401,6.965003240837705,1.209103840682788,Liverpool,Brentford,2026-05-24T15:00:00Z,38,5.44291
373,Mohammed Kudus,3.0,1,1.6283071946132468,1.5057146814462412,1.3634947000475075,1.2786717611892149,2.0676488183511657,1.6928646449335476,1.4536958060334333,1.368632576429858,2.0,19.0,1.0,28.0,91.0,1535.0,64.0,,3.9,13.6,44.0,0.9407485311397652,1.189876950994749,1.3596636620817313,1.4887875931692869,1.1694135114039377,1.3379531583245294,1.4326837282871292,1.4840326410943097,0.0923008360298082,9.657458579083524,12.733033570941984,2.8117184789902265,0.0598103657648524,0.79513606135068,0.0,13.638086072181617,0.0699261962500624,0.0838876734920733,0.9081811367126782,68.54634117549195,2.85853526303305,0.1817052506066399,11.81305475985089,16.784138911945725,3.3878467660815903,0.1031101939874136,1.0295728810120113,0.0,15.399441449493535,0.0942293658529724,0.100259414756478,1.0911452541247424,75.28041522721504,3.150489302802194,0.244539323268775,12.521449685124876,18.25498931110557,3.6237933174556898,0.1287644578696495,1.1938109982125362,0.0,17.516092473612275,0.1290285723308087,0.1021794949273839,1.2158595304826465,78.67841412613194,3.3335454228876715,0.2794336603755017,12.810377932139112,18.175022371318253,3.704034435264207,0.1487993338925139,1.344250356797895,0.0,18.808538073525572,0.1521822806494375,0.1020207932282262,1.3063414568913438,79.72902641641704,3.406052344312263,6.0,1106.0,1439.2,318.0,15.0,127.0,0.0,1620.0,13.949999999999998,8.559999999999999,115.7,6609.0,284.82791352267094,0.0817067635043123,15.061280072628234,19.598729005901045,4.330458465728552,0.2042669087607807,1.7294598275079436,0.0,22.06082614616432,0.189968225147526,0.1165683159328188,1.575578756241489,3.8787278282705984,1.0752688172043012,Tottenham,Everton,2026-05-24T15:00:00Z,38,3.567284
374,Moisés Caicedo Corozo,3.0,0,1.2993027530090575,1.1556816927460971,1.0987727083015113,1.0838528074355682,1.4810645035741192,1.4785520139318924,1.401222411431172,1.340576268058851,,92.0,,125.0,100.0,2712.0,57.0,,3.4,7.1,259.0,0.8217437632716966,1.134546306254829,1.3856480673125384,1.5567381638705695,1.9461272212939953,1.726776355974721,1.5030031132035966,1.391311211572286,0.0014769096542778,15.265115130163927,15.186725858082522,2.2787007374831947,0.001390329406617,1.7507700986949883,0.0,1.7389173316190571,0.0205964380621072,0.0671688197481705,1.3551106257410996,87.14689269216714,2.6146816280937135,0.0101978716921434,15.70268775207394,13.428640175424237,2.5981555018986757,0.0168315663872985,1.6398371004209589,0.0,2.4828375672511673,0.0305915447120396,0.072869909458006,1.293857826938225,85.88436993263278,2.9056398768423106,0.0200631373718888,16.497214169964465,12.92940410417496,2.875790068286718,0.0389842451044707,1.4573839925463483,0.0,2.9359282142850085,0.0338473631244014,0.0732644932773294,1.256342380638578,85.65992488549001,3.0450061860110016,0.0257975472410655,16.611512095980284,12.873573981744324,2.902924986991835,0.0460601128750162,1.3511316141143084,0.0,2.960310578594083,0.0317423775303205,0.0714396247268685,1.2460940122233868,85.72455248152148,2.9776848006175647,1.0,1639.0,1314.3,283.0,4.0,134.0,0.0,275.0,2.679999999999999,7.049999999999998,130.23000000000002,8955.0,284.4907777642848,0.0100502512562814,16.47236180904523,13.209045226130652,2.8442211055276383,0.0402010050251256,1.3467336683417086,0.0,2.7638190954773867,0.0269346733668341,0.0708542713567838,1.3088442211055278,2.859203796625978,1.4925373134328366,Chelsea,Sunderland,2026-05-24T15:00:00Z,38,3.0885808
375,Morgan Gibbs-White,3.0,1,1.5322076893718972,1.5176230765891512,1.5246329989409293,1.5307653860088308,0.8043382958227075,1.0216501233696416,1.230935744218627,1.342933417719982,,20.0,1.0,7.0,27.0,3011.0,75.0,2.0,5.0,7.8,11.0,2.2174093458585955,1.7777940416108506,1.457231199250763,1.30762240589473,0.845018040005908,0.9974050788647442,1.1708124605074612,1.2828488912433935,0.2991733332135622,28.488516636968267,17.11255471534995,7.763868093883871,0.8050471319462067,1.0564694875262666,0.0,34.50054910472425,0.4057604926913484,0.1258469420154438,1.522512652560161,76.59756859945233,5.813284498476936,0.203506489288973,24.723279321482455,19.1551156126698,6.704937410211641,0.6439954857296828,1.0442628793151696,0.0,28.989908102406527,0.3539948993015978,0.0964246454946394,1.3744032276969331,80.67148484556411,5.320054812296265,0.1503124543898825,21.353359190832357,20.489563564083447,5.69793403272014,0.4778629893599064,1.1186956481344097,0.0,24.42155443569165,0.30527314784048,0.0913246530711788,1.3466526208274168,82.75820617972113,4.837426877280203,0.1278068917162048,19.190955736686877,22.134785401710857,5.011779362715685,0.3573910221584692,1.199300660360422,0.0,21.236057399312312,0.2608701008196736,0.1041010772059238,1.3357669755731012,82.8602526803926,4.427685241300152,4.0,2165.0,3184.1000000000004,541.0,30.0,174.0,0.0,2291.0,26.1,16.359999999999996,176.67,10375.0,497.16992735372776,0.0346987951807228,18.780722891566263,27.621108433734943,4.693012048192771,0.2602409638554216,1.5093975903614458,0.0,19.873734939759036,0.2264096385542168,0.1419180722891566,1.5325590361445782,4.31279936981547,1.149425287356322,Nottingham Forest,Bournemouth,2026-05-24T15:00:00Z,38,4.6276126
376,Morgan Rogers,3.0,0,2.0877065823215184,2.0313064824181177,1.9983975655290631,1.9899321472113032,0.7760600908270671,0.8320655962724971,0.902284812718804,0.9638814197680602,,23.0,1.0,8.0,41.0,3280.0,73.0,,4.6,20.9,7.0,1.424659845595926,1.3770523245396504,1.3994154522796445,1.4275718895734348,1.7410900299291667,1.5638149433821844,1.4245896822370918,1.376900592278413,0.3329771885049305,19.4760486171626,22.714813198281945,5.066717102192535,0.305808617263722,1.7927075944727893,0.0,20.923236787317073,0.1634910514164565,0.1342877233251756,1.3937673095487648,88.37618623119344,4.0993612748001595,0.2742243852100507,17.495938272390347,21.18468280881499,4.676058244964641,0.2626319600761309,1.6005505565246616,0.0,23.434878696698792,0.1913382190523236,0.1291392141360449,1.381138484125494,88.1895954418482,4.120648251297077,0.2435315334045837,16.882574947711017,20.490233894883747,4.631302571936175,0.2604455977140635,1.42061130598744,0.0,23.746045298435867,0.1917185869125547,0.1265079194815854,1.3440984307181183,87.61389139459712,4.063812521151406,0.2291815478520965,16.387177396922993,19.99655085633433,4.58244826147686,0.2607637794308139,1.3215609030741855,0.0,22.860381753087083,0.1823204000245283,0.1238712580033194,1.2973112966720384,86.05199457793226,3.930789556627648,8.0,1253.0,1547.3000000000002,358.0,21.0,101.0,0.0,1710.0,13.68,9.509999999999998,100.39,6684.0,298.99772031638656,0.1077199281867145,16.871633752244165,20.83438061041293,4.8204667863554755,0.2827648114901256,1.359964093357271,0.0,23.025134649910235,0.1842010771992818,0.1280520646319569,1.3517504488330343,4.026001620059065,1.5350877192982455,Aston Villa,Manchester City,2026-05-24T15:00:00Z,38,3.5667853
377,Murillo Costa dos Santos,2.0,1,1.5322076893718972,1.5176230765891512,1.5246329989409293,1.5307653860088308,0.8043382958227075,1.0216501233696416,1.230935744218627,1.342933417719982,,263.0,2.0,181.0,77.0,2130.0,52.0,,3.3,2.1,289.0,1.1909407857875802,1.083971874154105,1.0650041276628308,1.0991729628084022,0.934126074233174,1.119501746042886,1.2651673260159888,1.3407286443369906,0.0,12.821427248642747,3.797607649283637,2.9092112328627024,0.005650847833741,0.7137514876610488,0.0,2.359610435739176,0.0335706462399237,0.007481116802147,1.1006449248812251,80.02349809226504,3.485021515161878,0.0,13.680535341840171,4.597302003829198,3.2606739526985566,0.0199633680646336,0.9209723298212346,0.0,2.8936626545221324,0.0324748726020002,0.0118128166160276,1.2528467642541186,83.86179677129259,3.798474749052897,0.0,13.697797637152313,4.733996095780992,3.3454577401869083,0.0304539384072555,1.0417062717405947,0.0,3.159518511923028,0.0313053691921346,0.0150090949846806,1.2977518645107524,84.91533848895783,3.84244567815457,0.0,13.558183232982929,4.706739454509879,3.347525956034679,0.0355520500650645,1.10211325156485,0.0,3.2441763988009966,0.0303823685676628,0.0168454141830117,1.3111709352598593,85.15020535729715,3.823077064861536,0.0,333.0,115.5,83.0,1.0,29.0,0.0,82.0,0.73,0.47,32.99,2130.0,94.40581137658216,0.0,14.070422535211268,4.880281690140845,3.5070422535211265,0.0422535211267605,1.2253521126760565,0.0,3.4647887323943665,0.0308450704225352,0.0198591549295774,1.393943661971831,3.9889779454893866,1.36986301369863,Nottingham Forest,Bournemouth,2026-05-24T15:00:00Z,38,2.9121053
378,Myles Lewis-Skelly,2.0,0,1.0829318651843192,1.067014294422874,1.145889565874812,1.235301562856742,1.967837344196661,1.6830638340953552,1.4810949370442836,1.36834061592233,,338.0,,404.0,410.0,607.0,50.0,,1.4,1.9,377.0,1.6634515217916297,1.7830577107642605,1.8145583965856904,1.80715560782024,0.5822124420335341,0.7238441428036401,0.7734040602432958,0.806032190476869,0.0,9.610876387179658,4.8828307898960475,2.4258282057113827,0.0001584698061487,0.3514919793357494,0.0,1.72083789951954,0.0059483574673851,0.0170043839072358,0.5363140927784495,47.871400398928095,2.7939043787917086,0.0,7.827251809641123,4.953565727229915,1.905632287820774,0.0034752918041819,0.4491202051974227,0.0,1.843289751596676,0.0067757442668975,0.0149731621588673,0.5531213859715348,43.81150650110252,2.184637347440762,0.0,7.516648396570073,5.20482393652321,1.673541026410408,0.0109563115768648,0.4972436674149783,0.0,1.9200541713709216,0.0067500538542187,0.0149421118151381,0.5695050785335418,43.97626189189284,1.860416933488228,0.0,7.66424496374603,5.436828116104574,1.5954704909828064,0.0169841546653627,0.5226539657717852,0.0,1.980570596520713,0.0065482874136569,0.015523118538432,0.5796507066060133,45.18862209691514,1.7302957204651777,0.0,335.0,240.0,65.0,1.0,23.0,0.0,86.0,0.2599999999999999,0.6899999999999994,24.68,1969.0,68.62782437206131,0.0,15.312341289994922,10.970035551041136,2.9710512950736416,0.0457084814626714,1.0512950736414424,0.0,3.930929405789741,0.0118842051802945,0.0315388522092432,1.1280853224987304,3.136873638133834,3.846153846153848,Arsenal,Crystal Palace,2026-05-24T15:00:00Z,38,2.7342587
379,Myles Peart-Harris,3.0,0,1.8359064248683763,1.78747508218593,1.7882183641372678,1.8851857440962256,1.8952567438828445,1.5796778656740686,1.420205125806682,1.3092227962416565,,625.0,,632.0,628.0,1.0,44.0,,1.0,0.0,599.0,1.4907714536106922,1.5022612550338323,1.5055250866724386,1.5049841190974458,0.927242234353636,1.1633013087487047,1.2973076973732356,1.3736170505806522,0.0,2.0,2.90840108401084,1.0,0.0,0.0,0.0,0.5420054200542005,0.0,0.0,0.0160433604336043,2.897018970189702,1.0000890890176035,0.0,2.0,2.829805175923234,1.0,0.0,0.0,0.0,0.5234079674323932,0.0,0.0,0.0168275661529514,2.9627798778714745,1.0000890890176035,0.0,2.0,2.7798679200781695,1.0,0.0,0.0,0.0,0.5121466356683176,0.0,0.0,0.0171761177937262,2.98456821321473,1.0000890890176035,0.0,2.0,2.7529625769085695,1.0,0.0,0.0,0.0,0.5061668809493873,0.0,0.0,0.0173409609870254,2.9930320937382127,1.0000890890176035,0.0,8.0,10.9,4.0,0.0,0.0,0.0,2.0,0.0,0.0,0.07,12.0,4.000356356070414,0.0,60.0,81.75,30.0,0.0,0.0,0.0,15.0,0.0,0.0,0.525,30.002672670528103,,Brentford,Liverpool,2026-05-24T15:00:00Z,38,1.3563213
380,Nathan Aké,2.0,1,1.939727876476741,1.639347092096446,1.5294458207117694,1.492088522256452,1.7928720239433336,1.6074334490457554,1.4533604505952842,1.39252795828722,,285.0,,364.0,364.0,610.0,52.0,,2.1,0.6,319.0,2.199541534877372,2.050995657307316,2.000994557693364,1.9900671433044912,0.9000938919172922,0.9037846867598018,0.9443603123998888,0.98772652802516,0.0,9.545871624913788,6.76623366726556,3.394380325880828,7.6204482084627e-06,0.2701379980832752,0.0,7.69344458100265,0.060635177000807,0.0202588263383529,0.4371477867519284,38.42765665575282,2.9974096960545253,0.0,9.97678262875614,6.483367280112639,2.8503810605029094,0.0014355511272966,0.430866063774273,0.0,5.377385643172408,0.0452515380631296,0.0237455899169061,0.5829104667242618,42.26559486027788,2.9101351706375493,0.0,11.32197815509102,6.037809423695674,2.7817424543118827,0.0132329186403205,0.5537345754053843,0.0,4.8578592751914735,0.046187891421837,0.025943382686008,0.6921297655775179,50.031761268804026,3.033292051440221,0.0,12.672510729326364,5.831912804808559,2.8968166372547857,0.032471221506215,0.6217075686400412,0.0,5.175902184083717,0.0516527188987624,0.0269551957265627,0.7386784192569482,56.6727757299098,3.207854727767747,0.0,1139.0,448.7,251.0,5.0,55.0,0.0,456.0,4.63,2.109999999999999,62.190000000000005,5183.0,271.567816339824,0.0,19.778120779471347,7.791433532703067,4.358479644993247,0.0868223036851244,0.9550453405363688,0.0,7.91819409608335,0.0803974532124252,0.0366390121551225,1.079895813235578,4.71562868427246,1.079913606911447,Manchester City,Aston Villa,2026-05-24T15:00:00Z,38,2.3270118
381,Nathan Collins,2.0,0,1.8359064248683763,1.78747508218593,1.7882183641372678,1.8851857440962256,1.8952567438828445,1.5796778656740686,1.420205125806682,1.3092227962416565,,262.0,,86.0,25.0,2881.0,49.0,,3.7,2.5,95.0,1.1748714775842306,1.3043720462789254,1.4045468873177778,1.4575194754261969,1.4066036186219488,1.3314196026761185,1.3311119711831043,1.3665151862017706,0.0198012497264083,12.35867636596731,2.85037545056097,3.419086515946334,0.0087967922812444,1.4364884260719415,0.0,7.264191182534704,0.069297789994246,0.0227007556721492,1.528339550840143,87.3329177273133,4.078937836175026,0.0496771122607814,13.318906042849765,3.455046280946896,3.69165446096478,0.0232350832066277,1.2632935365723492,0.0,8.305648710029459,0.0694217188221545,0.0317349339330851,1.3893737624010998,85.26253348369524,4.184986361189994,0.0606548062543076,13.644409150934806,3.8488027332528025,3.7035399117487726,0.0293543338486538,1.2571211834090843,0.0,8.53331257177251,0.064530165997969,0.036216903897331,1.3401482737347583,85.25517302028166,4.095233491548167,0.0615540840420201,13.780897711138598,4.045389689428406,3.515414455153526,0.0323612588105732,1.3256710033552304,0.0,8.232448967943201,0.0605075537334104,0.0374319717120535,1.3383605333998636,85.32556275455964,3.866010112691771,2.0,1616.0,480.5,358.0,4.0,167.0,0.0,870.0,6.569999999999999,4.3199999999999985,155.57999999999998,9694.0,399.76076654856195,0.0185681865071178,15.003094697751187,4.4610068083350525,3.323705384774087,0.0371363730142356,1.5504435733443365,0.0,8.077161130596245,0.0609964926758819,0.0401072828553744,1.444419228388694,3.711416235751039,0.6088280060882801,Brentford,Liverpool,2026-05-24T15:00:00Z,38,2.7528908
382,Nathan Patterson,2.0,0,1.102564633914661,1.101499110685907,1.1983079937381895,1.3460357492674346,1.514817248864682,1.6447311599706276,1.6535870072693977,1.6169812358281417,,448.0,,432.0,411.0,238.0,44.0,,3.1,0.0,400.0,1.4146624894789968,1.3480311130861071,1.2632964814524703,1.2228897573935282,1.4915015983421196,1.3304041768431796,1.2518664935824284,1.2658420870046485,0.0,7.126698522528935,2.494221777241439,2.4506267761658673,0.0,0.5275399278915084,0.0,1.11715196665821,0.0023656903472503,0.0113570103247379,0.5124053208239875,33.59125423597559,2.402717454512379,0.0,7.47368198028651,3.7993122084100377,2.274601985194773,0.0,0.5942212534147473,0.0,1.406700344127054,0.0042329291378498,0.019669495988824,0.5963403055638907,37.51919207378993,2.267022300357985,0.0,7.664965318834259,4.718214720208975,2.0714703858455397,0.0,0.6743646333686669,0.0,1.4361001976959904,0.0065803716040868,0.0280136125192955,0.6722444269814692,39.62804571271115,2.1013644330096986,0.0,7.861020541265273,5.247960441262209,1.9725645116968504,0.0,0.7262880315185295,0.0,1.448655957561345,0.008761279403288,0.0333601119067846,0.7217669984087907,41.01355413239349,2.0269592528921865,0.0,301.0,214.9,70.0,0.0,29.0,0.0,55.0,0.44,1.4499999999999995,28.75,1580.0,73.17052796977573,0.0,17.145569620253163,12.241139240506328,3.9873417721518982,0.0,1.6518987341772151,0.0,3.132911392405063,0.0250632911392405,0.0825949367088607,1.6376582278481011,4.1679414666327945,0.0,Everton,Tottenham,2026-05-24T15:00:00Z,38,2.3056138
383,Nathaniel Clyne,2.0,1,1.5307612174333038,1.704751939684622,1.7738301193564938,1.7869121026055728,0.4657699536268272,0.6514597285203065,0.7347335178883116,0.7858168606284246,,357.0,,398.0,393.0,502.0,38.0,,1.8,0.5,367.0,1.0670810393504986,1.0703880178061882,1.1588805317157862,1.2469045082647208,1.699745850307282,1.497609671713268,1.37240330554067,1.3096945949667442,0.1182745400450981,4.459634516728259,5.391913872519984,1.683391122438413,0.0,0.9936975542655632,0.0,2.850709397557833,0.0254370431593554,0.0620530886464461,0.89550934481985,49.95831719725918,1.8999647501484072,0.119004959668003,5.5929356782529505,5.364148273679989,1.7750988904882343,0.0,0.9771377051014886,0.0,2.4523885316715246,0.0257163926906197,0.0508942299544664,0.8593500457050811,50.39218599770911,1.9617079340162704,0.1159396391174692,7.895016738478041,5.251298693361841,2.003529145926292,0.0,0.975858836064664,0.0,1.9550305712227831,0.0205082018102678,0.0392455714959863,0.9088413733649728,54.785397743955976,2.130427514347137,0.1137169887278442,9.933427529628098,5.369553598179327,2.1741604065096745,0.0,1.0148155798331946,0.0,1.745524474109216,0.0163517237258808,0.0336375228939493,0.9692751063607904,59.82019345099136,2.298443151320361,1.0,760.0,352.2,147.0,0.0,68.0,0.0,105.0,0.7599999999999999,1.8799999999999992,65.86999999999999,4180.0,155.20885173513028,0.0215311004784689,16.363636363636363,7.583253588516747,3.165071770334928,0.0,1.464114832535885,0.0,2.2607655502392343,0.0163636363636363,0.0404784688995215,1.4182535885167462,3.341817381856872,0.0,Crystal Palace,Arsenal,2026-05-24T15:00:00Z,38,1.6133301
384,Nayef Aguerd,2.0,1,1.4873748164371934,1.4101831854236713,1.3542056928734252,1.3172760593840596,0.7915192984902504,1.0407607451397949,1.3223124000649034,1.5182899044580005,,216.0,,146.0,77.0,180.0,45.0,,1.5,0.1,159.0,0.9122013865523104,1.0257736491528249,1.1374661273646511,1.226362874226512,1.6646963614036998,1.559589323402044,1.5963708884573249,1.631649911225793,0.0,9.273134057079425,3.0781083690373268,1.3347452971804128,0.0018458443502201,3.031932085512334,0.0,5.103095266997235,0.0448322578609659,0.0178844726135617,1.929016254908234,89.02581423215469,2.7034155885920224,0.0,11.427939253569049,2.9217849050522404,1.476689305299581,0.0112908208943561,2.596800260908771,0.0,5.567828936629508,0.0557833062313795,0.0194371805514914,1.821875727712641,88.93284603432535,2.7938743751206956,0.0,12.357548145136784,2.7778613093413584,1.6160527178704909,0.0208684093379997,2.2951969561404133,0.0,5.734194566362547,0.0664941743804218,0.0183836825991099,1.746742224501533,88.67953458600748,2.8649436969200455,0.0,12.743665829219024,2.702070442051235,1.690794030559394,0.025939521633995,2.131431024442173,0.0,5.74664166524536,0.0726406884898049,0.017215096391945,1.6983671886092873,88.46958489068624,2.907702188702298,0.0,431.0,87.0,58.0,1.0,65.0,0.0,188.0,2.595,0.5193199999999993,54.1639,2911.0,97.46861301917627,0.0,13.325317760219855,2.689797320508416,1.7931982136722775,0.0309172105805565,2.009618687736173,0.0,5.8124355891446235,0.0802301614565441,0.0160559257986945,1.6745967021642048,3.0134576337086445,0.3853564547206166,West Ham,Leeds United,2026-05-24T15:00:00Z,38,2.2591665
385,Neco Williams,2.0,1,1.5322076893718972,1.5176230765891512,1.5246329989409293,1.5307653860088308,0.8043382958227075,1.0216501233696416,1.230935744218627,1.342933417719982,3.0,43.0,,34.0,32.0,3113.0,48.0,,3.5,4.2,83.0,2.2174093458585955,1.7777940416108506,1.457231199250763,1.30762240589473,0.845018040005908,0.9974050788647442,1.1708124605074612,1.2828488912433935,0.10583641917825,13.411884088349458,15.987781477436954,3.512956613747059,0.0657369249071575,1.248989535082814,0.0,7.84107938717075,0.0348933049232525,0.093684812339327,1.8696375330300492,82.63455765114234,3.6815063014000824,0.1168983776658998,14.574495017051293,16.257230976239704,3.8783399799385454,0.0633805553145757,1.1427261640222848,0.0,9.245987487392933,0.0426288503295382,0.1129299643474172,1.545536678436383,83.56773123696367,4.139090192544354,0.1046146590377535,14.500790170873332,15.174294444646192,3.688487428536204,0.0529663069471687,1.1731038570737458,0.0,9.226232659223829,0.0492731977395185,0.1070691856715713,1.4137868227442276,83.90371211086847,4.085656083808465,0.0945889813868976,13.681790725814494,13.370175267996924,3.336334340890111,0.0434629387371051,1.172551572567394,0.0,8.605426188761825,0.0517698221302891,0.0922263611202678,1.316468207302002,81.05230526076306,3.7975806204597458,3.0,1263.0,1129.3,292.0,3.0,117.0,0.0,773.0,5.089999999999999,8.009999999999998,124.94,7734.0,345.9106588652687,0.0349107835531419,14.69743987587277,13.141582622187745,3.397982932505818,0.0349107835531419,1.361520558572537,0.0,8.99534522885958,0.0592319627618308,0.093211792086889,1.4539177657098523,4.025337380123375,0.5893909626719058,Nottingham Forest,Bournemouth,2026-05-24T15:00:00Z,38,3.3640306
386,Nehemiah Oriola,3.0,1,1.840832047565444,1.809043192946828,1.7503560523911208,1.6644300751948404,1.22773277493323,1.230558127920629,1.293397159421104,1.3794963287296922,,640.0,,647.0,646.0,1.0,45.0,,1.0,0.0,621.0,1.762636239900763,1.6748391389631525,1.603442310198164,1.570402702815339,1.869461537490808,1.6540549655741057,1.537646571454545,1.4721590521404917,0.0,3.0,0.0,1.0,0.0,0.0,0.0,0.0,0.0,0.0,0.0,1.0,1.0001266121134065,0.0,3.0,0.0,1.0,0.0,0.0,0.0,0.0,0.0,0.0,0.0,1.0,1.0001266121134065,0.0,3.0,0.0,1.0,0.0,0.0,0.0,0.0,0.0,0.0,0.0,1.0,1.0001266121134065,0.0,3.0,0.0,1.0,0.0,0.0,0.0,0.0,0.0,0.0,0.0,1.0,1.0001266121134065,0.0,3.0,0.0,1.0,0.0,0.0,0.0,0.0,0.0,0.0,0.0,1.0,1.0001266121134065,0.0,270.0,0.0,90.0,0.0,0.0,0.0,0.0,0.0,0.0,0.0,90.01139509020656,,Brighton,Manchester Utd,2026-05-24T15:00:00Z,38,1.4536698
387,Nick Pope,1.0,0,0.6778779658843567,0.924018470010329,1.1073081949231147,1.2014107865787766,1.1735260962061695,1.2474230176816807,1.319555879612648,1.3684865116798042,,802.0,,237.0,64.0,2326.0,50.0,,3.6,4.3,365.0,1.3275696596803437,1.3822876109761566,1.4569662457029895,1.5517182423639602,1.3846503455189316,1.4919863902684225,1.457703428287506,1.4015191720577116,0.0009473364452953,14.41984626878183,0.0030965517467627,2.8120240138154053,0.0,1.452323411184922,4.116970224451512,2.293760846405116,0.0104857639240634,1.1939805461186324e-09,1.2745833855690116,89.90147006936522,4.027603545077915,0.0085276208756668,14.09703113141627,0.0495036905851858,2.97849592359856,0.0,1.5178203016236491,3.661288476439557,2.0674686590715816,0.0094509158571709,6.530353712456624e-06,1.2856144131642664,89.70510468374033,4.0219935600342795,0.019823285207419,15.457667911290844,0.1679419321848654,3.2450983419369352,0.0,1.4853596100708562,3.51455456206975,1.3719413792832365,0.0062620228970318,0.0002703770972549,1.2415234711446608,89.5601368194954,4.177820629937963,0.0282343921516813,17.35843853144206,0.3266035311789574,3.4041273065481827,0.0,1.4855902163921075,3.587028212593754,0.8627250476431078,0.0039093579690934,0.0012642969548094,1.2313270502376752,89.38916664832833,4.2713850968160445,1.0,2153.0,60.0,374.0,0.0,161.0,405.0,41.0,0.18,0.4,131.54999999999998,9272.0,451.57555409746567,0.0097066436583261,20.898403796376183,0.5823986194995686,3.630284728213977,0.0,1.562769628990509,3.931190681622088,0.3979723899913718,0.0017471958584987,0.0038826574633304,1.276908973252804,4.38328298843528,0.0,Newcastle Utd,Fulham,2026-05-24T15:00:00Z,38,3.850196
388,Nick Woltemade,4.0,0,0.6778779658843567,0.924018470010329,1.1073081949231147,1.2014107865787766,1.1735260962061695,1.2474230176816807,1.319555879612648,1.3684865116798042,,152.0,,105.0,151.0,1819.0,67.0,3.0,3.3,6.5,65.0,1.3275696596803437,1.3822876109761566,1.4569662457029895,1.5517182423639602,1.3846503455189316,1.4919863902684225,1.457703428287506,1.4015191720577116,0.0771823909162603,13.216638830536318,15.844051824499156,3.000303204563164,0.2102260391638751,0.5957672700002742,0.0,7.78625357964436,0.0616649349677689,0.1008928221620294,0.5590058474275367,44.05314404885943,2.5175263094576117,0.1044301363719112,11.155383096405398,11.46114986881725,2.73112535832522,0.1651097663880173,0.7288620762311395,0.0,8.061383416447493,0.0915647850571916,0.0714101506037846,0.6214599113702725,45.68185887515828,2.3671482692915498,0.1174521607795947,11.1783621945446,9.78552071452791,2.897299293745306,0.1882685580351684,0.8118632598926591,0.0,10.038448665642806,0.1387604915782537,0.056971554150224,0.6817346354742259,50.11966161814903,2.5368029587515957,0.1222456727119871,11.56970336315183,9.212004373578258,3.078516610944873,0.214959573464355,0.8480516799221774,0.0,11.5236095550972,0.1708192451632343,0.0507873236784949,0.7189017480699178,53.29785949779262,2.6985064873154196,4.0,390.0,282.6,106.0,8.0,28.0,0.0,423.0,6.59,1.46,24.24,1819.0,92.75527336840796,0.1979109400769653,19.296316657504125,13.982407916437603,5.244639912039583,0.3958218801539307,1.3853765805387577,0.0,20.92908191313909,0.3260582737768004,0.0722374931280923,1.19934029686641,4.589320837359382,1.2139605462822458,Newcastle Utd,Fulham,2026-05-24T15:00:00Z,38,3.0102124
389,Niclas Füllkrug,4.0,1,1.4873748164371934,1.4101831854236713,1.3542056928734252,1.3172760593840596,0.7915192984902504,1.0407607451397949,1.3223124000649034,1.5182899044580005,,157.0,,232.0,366.0,407.0,56.0,,1.5,0.7,80.0,1.641134815732161,1.3598664211949834,1.263884305205921,1.267644173641373,1.8350606869999824,1.7978165184185328,1.7484975635876885,1.7152775199989976,0.0,4.049147746566224,9.804888844098553,1.5076421186132485,0.0130556719182195,1.1124789714129055,0.0,12.856717959645652,0.1117214488981847,0.0219670074793066,1.0738102715474749,42.91407346325144,1.9320894453830493,0.0,5.199288673927833,10.154303402125144,1.7610382246266416,0.0503683438749771,1.145266461655733,0.0,13.797220673533689,0.1118982383586815,0.0241241554282979,0.9907342572982912,46.824515374307005,1.9754486021966653,0.0,6.071137079645317,10.169738162162565,1.9271648945101656,0.0818043439677113,1.1400896693967015,0.0,13.778657173797644,0.1140488827977522,0.0252250497932565,0.9363294882986792,47.05736559140041,1.9835046850298763,0.0,6.516245561715829,10.090470920918436,2.0069124388484023,0.0988697437596209,1.1300867473947287,0.0,13.662885040966096,0.1158782061531774,0.0257213875703888,0.9071257777568348,46.59651056280695,1.9835179186409984,0.0,180.0,258.4,54.0,3.0,29.0,0.0,351.0,3.07,0.6799999999999997,22.81,1190.0,51.495988060981986,0.0,13.61344537815126,19.54285714285714,4.084033613445378,0.226890756302521,2.19327731092437,0.0,26.54621848739496,0.2321848739495798,0.0514285714285714,1.7251260504201682,3.894654559233932,0.977198697068404,West Ham,Leeds United,2026-05-24T15:00:00Z,38,2.2847264
390,Nico González Iglesias,3.0,1,1.939727876476741,1.639347092096446,1.5294458207117694,1.492088522256452,1.7928720239433336,1.6074334490457554,1.4533604505952842,1.39252795828722,,179.0,,261.0,232.0,1471.0,59.0,,2.5,0.1,320.0,1.7492836482458929,1.8283897003654832,1.89306759921684,1.937425789135015,0.6563967061207687,0.7824502305600697,0.8884872788174438,0.9620146703360714,0.0,10.337327155889664,8.834873780709774,1.8629948767349105,0.0088378284872374,0.6916796667332745,0.0,0.9998364847572307,0.0121785901854861,0.0331765557859714,0.7008335664699044,45.740025364038125,1.894045355838599,0.0,11.484187103577115,8.766454301325753,2.2091951845092823,0.0248597677001166,0.661272067717628,0.0,1.8048903885148695,0.0183242226616208,0.0394374419358721,0.7320700887119893,53.41158848411329,2.313442690574162,0.0,12.39442582373983,8.889976525850768,2.384303189021703,0.0344397894863197,0.6622656411734165,0.0,2.2884483892576095,0.0216218738803234,0.0420267688112451,0.7566533628985624,57.77654688210544,2.5206059467591677,0.0,12.872159355066048,8.9546166471399,2.4519121085535853,0.0385168920500536,0.6644227836793009,0.0,2.512464421946143,0.0230274814432599,0.0430088057673382,0.7668160460848619,59.689218229433386,2.603397159172238,0.0,320.0,216.1,60.0,1.0,16.0,0.0,65.0,0.58,1.05,18.58,1471.0,63.99571064872573,0.0,19.57851801495581,13.221617946974847,3.6709721278042142,0.0611828687967369,0.9789259007477904,0.0,3.9768864717878993,0.0354860639021074,0.0642420122365737,1.1367777022433718,3.915441168174926,1.7241379310344829,Manchester City,Aston Villa,2026-05-24T15:00:00Z,38,2.2335014
391,Nico O'Reilly,2.0,1,1.939727876476741,1.639347092096446,1.5294458207117694,1.492088522256452,1.7928720239433336,1.6074334490457554,1.4533604505952842,1.39252795828722,,78.0,,40.0,60.0,2643.0,53.0,,4.7,19.6,38.0,2.359633227901898,2.14589609158091,2.0509452912077135,2.0153983924474415,0.7200751135338337,0.8134062180797018,0.897141860619187,0.9629522605076414,0.0848668157382805,17.028263968088268,10.800726073601345,5.680759043897954,0.1603483623247655,0.8553895886027163,0.0,29.373414024493403,0.3524971272046134,0.0993340333233331,1.2604380962421933,85.94411006470574,6.778264166367152,0.0918026184720622,17.504239774949358,11.402352824142564,5.677576073159485,0.1970389739960548,0.801585817244907,0.0,25.16745632505067,0.2818098421479117,0.0927412555134429,1.1406102523146575,82.41699533897695,6.265659733270606,0.1018191368185614,16.94997991359664,11.586279422728785,5.3176997553367595,0.1854621336301815,0.7489510599066771,0.0,20.755293974939033,0.2264411455092956,0.0852907421555566,1.056129157218583,79.00912790790667,5.67159496180083,0.1094143757335762,16.47925787807169,11.55837983199819,5.086135208021656,0.1739565064759628,0.7059109453477537,0.0,18.264387330222775,0.1977370052839822,0.0814283448267347,1.0020687665661958,76.56934572548249,5.298893938851016,4.0,685.0,490.1,209.0,7.0,28.0,0.0,685.0,7.4,3.3499999999999996,40.46,3168.0,211.1028236001787,0.1136363636363636,19.460227272727273,13.923295454545457,5.9375,0.1988636363636363,0.7954545454545454,0.0,19.460227272727273,0.2102272727272727,0.0951704545454545,1.1494318181818182,5.997239306823259,0.945945945945946,Manchester City,Aston Villa,2026-05-24T15:00:00Z,38,3.9873197
392,Nicolás Domínguez,3.0,1,1.5322076893718972,1.5176230765891512,1.5246329989409293,1.5307653860088308,0.8043382958227075,1.0216501233696416,1.230935744218627,1.342933417719982,3.0,207.0,,266.0,267.0,1143.0,50.0,,1.8,0.0,245.0,2.2174093458585955,1.7777940416108506,1.457231199250763,1.30762240589473,0.845018040005908,0.9974050788647442,1.1708124605074612,1.2828488912433935,0.0821683385651155,10.1025981584041,6.248113760449958,1.5326297606090888,0.0087961052943285,0.6293767221491331,0.0,3.2419533602391835,0.0549486383106864,0.0385438650069259,1.1085831721184314,42.58577425035904,1.6926737320911769,0.0701419273657852,9.398431702273886,6.254772572458357,1.7117192282454374,0.0229307878245359,0.6919806204483865,0.0,4.662146544172732,0.0503889640977582,0.035535707756244,1.00193067818777,43.55329736560116,1.7822093681057094,0.0552972487015202,9.104703936268566,6.851080915135305,1.7893510433668145,0.0264445749747328,0.7594628374337095,0.0,5.5134258048841,0.048908407033617,0.036411244877145,0.9535561117173986,47.119388170055245,1.8676988837959947,0.0468474685618545,9.028898299376182,7.119990668699409,1.8303129699459029,0.0273649730069802,0.8019046047738786,0.0,5.9346801603202675,0.04830771622367,0.0382776353392524,0.9191757384730208,49.92722404735482,1.9148592166590293,1.0,791.0,614.8,168.0,3.0,74.0,0.0,557.0,4.239999999999999,3.489999999999999,76.17,4586.0,171.79063197441045,0.0196249454862625,15.523331879633668,12.065416484954207,3.2969908416921063,0.0588748364587876,1.4522459659834277,0.0,10.931094635848234,0.0832097688617531,0.0684910597470562,1.4948320976886176,3.371381787548395,0.7075471698113208,Nottingham Forest,Bournemouth,2026-05-24T15:00:00Z,38,1.972463
393,Nicolò Savona,2.0,1,1.5322076893718972,1.5176230765891512,1.5246329989409293,1.5307653860088308,0.8043382958227075,1.0216501233696416,1.230935744218627,1.342933417719982,,172.0,,197.0,183.0,1025.0,45.0,,2.8,0.2,199.0,0.853698818398297,0.956762796982248,1.0344239990826072,1.104557422221152,1.4943901443544405,1.4980614209846148,1.4843846899152122,1.4558028813380437,0.0,7.618545439559666,9.922641282120146,2.408375017649222,0.0719510251513735,1.164773990442838,0.0,4.495480729701008,0.0567876002390534,0.0374402815167216,0.9220723902054068,68.61494574557231,3.1257162898508617,0.0,8.935840687132528,9.58946373817758,2.7022527821473608,0.1122512167941707,1.202593901129104,0.0,5.816644765213379,0.078562118551172,0.0360112731239748,0.9931377890709407,71.9442950950716,3.379727431549012,0.0,9.269497192678088,9.23042639799527,2.7747695807920767,0.1296624849128691,1.2393786489972634,0.0,6.344458875136601,0.0882512651763848,0.0342835395278651,1.0331904476704434,72.84656829210041,3.4246496218827223,0.0,9.343410982984036,9.02097568765974,2.787977995337253,0.1368638031543522,1.2615532450580065,0.0,6.55099899085268,0.0923104760643939,0.0332499532997917,1.0537169291562924,73.09480469503237,3.4238389446503725,0.0,131.0,123.2,39.0,2.0,18.0,0.0,94.0,1.34,0.45,15.04,1025.0,47.71179148579363,0.0,11.502439024390243,10.817560975609757,3.424390243902439,0.1756097560975609,1.5804878048780489,0.0,8.253658536585366,0.1176585365853658,0.0395121951219512,1.3205853658536584,4.189328032898953,1.4925373134328357,Nottingham Forest,Bournemouth,2026-05-24T15:00:00Z,38,2.5221367
394,Nikola Milenković,2.0,1,1.5322076893718972,1.5176230765891512,1.5246329989409293,1.5307653860088308,0.8043382958227075,1.0216501233696416,1.230935744218627,1.342933417719982,,372.0,,192.0,61.0,3285.0,51.0,,3.1,3.3,264.0,2.2174093458585955,1.7777940416108506,1.457231199250763,1.30762240589473,0.845018040005908,0.9974050788647442,1.1708124605074612,1.2828488912433935,0.0819412731707634,10.529345888705237,1.0221445960022633,3.1809264264698047,5.276510352433502e-05,1.2759738230875068,0.0,2.241641148291475,0.0063916730162199,0.0044915570984102,1.8236660114901644,84.23999961177672,3.641606145443584,0.066967809818619,11.497562430259745,0.9693971872447058,3.4475032980455524,0.0035637926842368,1.1945497332713046,0.0,2.408190072256565,0.0111142103564313,0.0069593443750463,1.5782435408244673,86.35350093037061,3.875706953479235,0.0479059470779653,11.539247278797168,1.2737395752520977,3.4300989707686944,0.0210950964200004,1.2439044845654823,0.0,3.521080956431339,0.0246799688660945,0.01034142938021,1.4917070437267608,87.92270421219571,3.808531058119836,0.0371518615116015,11.653073537933857,1.6289778289061565,3.434327054355282,0.0421424164882074,1.2786216102214694,0.0,4.789469314385849,0.0410141093041645,0.0130056183092611,1.4493826151374778,88.7364946393655,3.739347898178584,1.0,890.0,154.4,260.0,5.0,95.0,0.0,477.0,4.879999999999999,1.1999999999999993,102.98,6615.0,276.1901915199873,0.0136054421768707,12.108843537414966,2.1006802721088436,3.537414965986395,0.0680272108843537,1.2925170068027212,0.0,6.489795918367347,0.0663945578231292,0.0163265306122448,1.4010884353741495,3.7576896805440447,1.0245901639344264,Nottingham Forest,Bournemouth,2026-05-24T15:00:00Z,38,3.014951
395,Nilson Angulo,3.0,1,1.0573950106173575,1.221091675632897,1.4163659335031855,1.5678551940989556,1.7569017770351965,1.6540987203742674,1.4778527368431342,1.381497105747743,,376.0,,407.0,437.0,341.0,50.0,,1.7,0.0,326.0,0.8739904195180044,0.946034418834362,0.9799623012717682,1.0016999219902454,1.6013696707264908,1.5329499585552229,1.426295372575658,1.3551781333246342,0.0,5.260118883723944,5.383586271683322,1.7635930742942292,0.0,0.609659707487731,0.0,6.529372702094233,0.0464391571241152,0.0127884226041042,0.7548347127516561,51.40117587988532,2.1634033326823223,0.0,5.202753251801647,5.712961356756362,1.741147599084613,0.0,0.6582538995838821,0.0,8.028121742040636,0.0589819956983196,0.013547862759489,0.8409395784690564,50.057746446206664,2.1956011804544233,0.0,5.172323931503166,5.923058603835267,1.728178712616946,0.0,0.6858463566332949,0.0,8.748006973776,0.0647338470778237,0.0139220092465596,0.8822788421850325,49.38890868959214,2.2089767151337645,0.0,5.157389670081761,6.037436142152504,1.7213348257279606,0.0,0.700016069615819,0.0,9.093937892382694,0.0674322706595563,0.0141054269093218,0.9021660406259906,49.052536572847224,2.2147459462113184,0.0,36.0,43.1,12.0,0.0,5.0,0.0,66.0,0.49,0.1,6.45,341.0,15.538922787156858,0.0,9.501466275659824,11.375366568914956,3.1671554252199416,0.0,1.3196480938416424,0.0,17.419354838709676,0.1293255131964809,0.0263929618768328,1.7023460410557187,4.101181967284801,0.0,Sunderland,Chelsea,2026-05-24T15:00:00Z,38,2.0606863
396,Noah Okafor,3.0,0,0.9286294544735864,1.0856375066906117,1.1528129081947445,1.198210556571093,1.6522039078284754,1.568477982680725,1.610655951538412,1.6495020971055678,,146.0,,93.0,142.0,1553.0,56.0,,3.9,3.2,56.0,1.4519039383538928,1.3404433152696251,1.3078415250240427,1.290396986613698,0.983436129863771,1.1930874676362166,1.4343033879153646,1.5878017882016904,0.1342389951328115,21.042738925789017,13.732667958680643,9.107729032052733,0.6539659243236772,0.5286289740308747,0.0,20.195604003296793,0.2547795312178642,0.06227479183327,0.6979016122636708,56.32797349712415,4.417131760627083,0.1134629472072235,16.83657062071621,11.427864224511586,6.697982802878246,0.4801643031482583,0.6878114156581815,0.0,17.65051164858637,0.224025786643338,0.0519610347652215,0.8017249368159998,54.445862116100415,3.791228244621927,0.1078596088202145,14.513053480395207,10.501455515116245,5.42397603479051,0.3746438413066456,0.8058859270817236,0.0,16.433192190084785,0.2048041526111993,0.0485632988662829,0.8449005834447677,54.587089144337895,3.4509302997737668,0.1070176314211421,13.494912194784154,10.129524696421369,4.865088425885948,0.3266028380228797,0.8686257274881737,0.0,15.935870667710107,0.1956752731987619,0.0476067508004936,0.8624318299116617,54.95886787776995,3.296234016114144,3.0,354.0,275.0,123.0,8.0,26.0,0.0,435.0,5.25,1.32,24.54,1553.0,88.48989393020162,0.1738570508692852,20.515132002575665,15.936896329684483,7.128139085640695,0.463618802318094,1.5067611075338054,0.0,25.209272376046364,0.3042498390212492,0.0764971023824855,1.4221506761107532,5.128197330146906,1.5238095238095235,Leeds United,West Ham,2026-05-24T15:00:00Z,38,3.9516103
397,Noah Sadiki,3.0,1,1.0573950106173575,1.221091675632897,1.4163659335031855,1.5678551940989556,1.7569017770351965,1.6540987203742674,1.4778527368431342,1.381497105747743,,132.0,,193.0,215.0,2801.0,49.0,,2.5,0.1,222.0,0.8739904195180044,0.946034418834362,0.9799623012717682,1.0016999219902454,1.6013696707264908,1.5329499585552229,1.426295372575658,1.3551781333246342,0.0890274091982081,11.53932573641337,11.363492837842175,2.7162121995935906,0.0,1.4669041072783446,0.0,9.803676015998734,0.1152805588252098,0.0529130325233605,1.1401858661800015,84.4004092534432,3.381830476412206,0.0892641623079527,12.1684678434227,10.57699768835594,2.5962590945659434,0.0,1.4575654651727954,0.0,8.121198197821288,0.0859816547136335,0.0489149396055444,1.247674450861782,86.00548098739822,3.1073386297126016,0.0792394692178885,12.40587009229982,10.0201030205282,2.5328449862776696,0.0,1.3903363274338405,0.0,6.650786788933148,0.0652239676963633,0.0462056120631508,1.271479773230324,86.80239918309051,2.966518880298605,0.0714903892525369,12.464641082314229,9.814747612561073,2.5007165664214845,0.0,1.339842649279483,0.0,5.843894447831566,0.0546063058758247,0.0453400580278557,1.2722540990168865,87.18030136159325,2.902909521939727,2.0,399.0,310.2,79.0,0.0,41.0,0.0,162.0,1.43,1.44,40.5,2801.0,91.09432821063456,0.0642627632988218,12.820421278114958,9.967154587647268,2.538379150303463,0.0,1.3173866476258478,0.0,5.205283827204569,0.0459478757586576,0.0462691895751517,1.3013209568011423,2.926986625832599,0.0,Sunderland,Chelsea,2026-05-24T15:00:00Z,38,2.8340635
398,Noni Madueke,3.0,0,1.0829318651843192,1.067014294422874,1.145889565874812,1.235301562856742,1.967837344196661,1.6830638340953552,1.4810949370442836,1.36834061592233,3.0,127.0,,173.0,291.0,1122.0,68.0,,2.4,0.8,89.0,1.8293144022395371,1.8700641230758073,1.8574303079968928,1.8279216309934576,0.7277655525419175,0.8042712697858958,0.8141099328913433,0.8267693110316081,0.0215562737798347,6.712930553364409,9.429127013415345,2.5362574723792326,0.0551627878683866,0.2707373705542889,0.0,9.486421088918531,0.025289341814937,0.0923067105110378,0.5029914493115661,43.2645225415816,2.0746979470990525,0.0375645990140648,8.167115377064734,10.867857582821324,2.983107670363904,0.0852242265017466,0.3532443438483175,0.0,12.621734378893024,0.0519893488811347,0.0930354174570519,0.5279625332361074,45.83339990014843,2.358673152438331,0.0414287503312851,9.284232309303093,12.328211087276925,3.125683338621209,0.1082874955094335,0.4737584823430911,0.0,16.502902288106064,0.1000395392390604,0.0958031650285578,0.5965151919771016,49.005563008721715,2.6851957142669005,0.0413844277837156,10.241853235315244,13.192576229355904,3.2828649956869325,0.1378778801934665,0.5926146668080923,0.0,19.54376443637753,0.137044993043604,0.0958616578188894,0.6721734143979337,51.27005719584602,2.913941934060251,1.0,947.0,1156.7,293.0,15.0,62.0,0.0,1860.0,13.849999999999998,7.7799999999999985,64.06,4456.0,259.0110308692121,0.0201974865350089,19.1270197486535,23.36243267504489,5.91786355475763,0.3029622980251346,1.2522441651705565,0.0,37.567324955116696,0.2797351885098743,0.1571364452423698,1.2938509874326751,5.231371808399706,1.083032490974729,Arsenal,Crystal Palace,2026-05-24T15:00:00Z,38,2.9636972
399,Norberto Bercique Gomes Betuncal,4.0,0,1.102564633914661,1.101499110685907,1.1983079937381895,1.3460357492674346,1.514817248864682,1.6447311599706276,1.6535870072693977,1.6169812358281417,,236.0,,88.0,148.0,1545.0,51.0,3.0,2.9,3.4,28.0,1.7853839932665585,1.561905201609496,1.3826261767690258,1.2858406600181125,1.8345610229389568,1.547627383252877,1.3723106230104325,1.326665252713866,0.0655572745519193,18.58326164516458,8.056423038020162,5.066337033345671,0.528549922814189,0.7470565681620832,0.0,27.26912152563688,0.3134408132180393,0.0063372990353308,0.8820103622604404,63.8807503848742,3.785285550173994,0.0604099392478613,16.037483697976498,6.9743451511819465,4.332167041834364,0.4469519296570895,0.6018861618711765,0.0,24.396893115056976,0.2855605977808289,0.0064985048619597,0.7444631972196778,53.23254470410747,3.3679359480657407,0.0459369414223988,12.618337488164006,5.862447804541689,3.417483861994971,0.345612233977164,0.5883955919406089,0.0,21.797690242224448,0.2589134330921897,0.0073878875709288,0.6806771681309911,46.88874761971135,2.980731850063423,0.0368316901737567,10.408432860171116,5.35784031543055,2.8093823199182606,0.2827614951471364,0.6330973089798313,0.0,20.578248737159036,0.2446157665140928,0.0082535187814594,0.6580957337054502,43.64800997124972,2.7497623848103423,1.0,740.0,463.2,205.0,20.0,63.0,0.0,1746.0,21.03,0.8199999999999994,58.01,3652.0,230.0592680954836,0.024644030668127,18.23658269441402,11.415115005476451,5.052026286966046,0.4928806133625411,1.5525739320920044,0.0,43.02847754654984,0.5182639649507119,0.0202081051478641,1.4296002190580503,5.669587658431961,0.9510223490252022,Everton,Tottenham,2026-05-24T15:00:00Z,38,3.7459013
400,Nordi Mukiele,2.0,1,1.0573950106173575,1.221091675632897,1.4163659335031855,1.5678551940989556,1.7569017770351965,1.6540987203742674,1.4778527368431342,1.381497105747743,,116.0,,85.0,44.0,2694.0,46.0,,4.7,8.6,158.0,0.8739904195180044,0.946034418834362,0.9799623012717682,1.0016999219902454,1.6013696707264908,1.5329499585552229,1.426295372575658,1.3551781333246342,0.0715484485686528,12.905621517592726,10.808501000148633,4.531580457985867,0.1944841864463869,1.4796870197588603,0.0,10.795171968088685,0.0643480776261822,0.0521901474671615,1.2522293002805729,85.0916411049573,4.407504846891372,0.1367324660907759,13.711098669810438,11.712552674988975,4.5845678544137005,0.1530678302333581,1.460059212117255,0.0,9.240821226788604,0.0599128967845022,0.0647105489486662,1.3390425790432294,84.7925577917468,4.375872022507594,0.1594939137501911,14.402961980722932,11.624495755439389,4.636471310573779,0.1227036340596726,1.3786810787631727,0.0,8.145070152551652,0.0543849533196394,0.0705220269882597,1.3836844008986635,85.61444655167429,4.475894389874216,0.1633219919625015,14.824284842968089,11.380332403761589,4.681023425642504,0.1086194630287458,1.3216166759882495,0.0,7.609146250365408,0.0515205244793387,0.0725935312820048,1.4012685727546228,86.23000356905426,4.575561353531864,5.0,474.0,341.9,147.0,3.0,39.0,0.0,221.0,1.52,2.29,43.82,2694.0,145.98293557982774,0.1670378619153674,15.83518930957684,11.422048997772826,4.910913140311804,0.1002227171492204,1.3028953229398663,0.0,7.383073496659242,0.0507795100222717,0.0765033407572383,1.4639198218262806,4.876935487076651,1.9736842105263157,Sunderland,Chelsea,2026-05-24T15:00:00Z,38,3.4184697
401,Noussair Mazraoui,2.0,0,1.518380013408859,1.456497252041452,1.4401174887917136,1.467596997870272,0.9600736833072688,0.9970312171509038,1.1120476617581192,1.2267332376385045,,282.0,,350.0,304.0,904.0,49.0,,2.5,0.2,363.0,1.9388000743210057,1.8630162875914105,1.7732479260637426,1.6720097500852886,1.293332460833171,1.2722939850893098,1.322324003613022,1.3986139118270278,0.0,15.838399467653849,9.9900711421111,4.073928645080554,0.0,0.5544165709866946,0.0,1.788588591953523,0.0125289483682205,0.0145398024275306,1.0564180083467978,62.2055079325815,3.605209482495133,0.0,12.675553002543516,7.918551509650837,3.03209423396123,0.0,0.6256515038094272,0.0,2.0053514351507613,0.013103000212944,0.0190791553594611,0.8865173891854716,57.17698858144083,2.90774654493341,0.0,11.3724226773249,7.685978960477961,2.574142396626988,0.0,0.7553435079472364,0.0,2.264277949570816,0.0135822217012181,0.0265574419495432,0.8897884241344304,59.50021927446739,2.692879678639339,0.0,11.024281368161118,7.7797959245842865,2.43786172098993,0.0,0.8513738486998507,0.0,2.5009778691343367,0.0144233761026759,0.0324435129588539,0.9524108534007548,62.77277020785329,2.6599692850645487,0.0,617.0,441.7999999999999,135.0,0.0,53.0,0.0,158.0,0.8799999999999994,2.1999999999999993,58.77,3740.0,150.0308798078256,0.0,14.8475935828877,10.631550802139037,3.248663101604278,0.0,1.2754010695187166,0.0,3.8021390374331543,0.0211764705882352,0.0529411764705882,1.4142513368983958,3.6103687654289582,0.0,Manchester Utd,Brighton,2026-05-24T15:00:00Z,38,2.4431229
402,Odsonne Édouard,4.0,1,1.5307612174333038,1.704751939684622,1.7738301193564938,1.7869121026055728,0.4657699536268272,0.6514597285203065,0.7347335178883116,0.7858168606284246,,605.0,,337.0,311.0,2.0,50.0,,1.0,0.8,581.0,1.5495039432785818,1.645570951320379,1.5942670248392623,1.4673347726396586,1.0713146828534383,1.1436514325823466,1.204304392994368,1.2501818298563523,0.0,6.0,0.0,1.0,0.0,0.0,0.0,0.0,0.0,0.0,0.27,2.0,1.000366185472479,0.0,6.0,0.0,1.0,0.0,0.0,0.0,0.0,0.0,0.0,0.27,2.0,1.000366185472479,0.0,6.0,0.0,1.0,0.0,0.0,0.0,0.0,0.0,0.0,0.27,2.0,1.000366185472479,0.0,6.0,0.0,1.0,0.0,0.0,0.0,0.0,0.0,0.0,0.27,2.0,1.000366185472479,0.0,6.0,0.0,1.0,0.0,0.0,0.0,0.0,0.0,0.0,0.27,2.0,1.000366185472479,0.0,270.0,0.0,45.0,0.0,0.0,0.0,0.0,0.0,0.0,12.15,45.01647834626156,,Crystal Palace,Arsenal,2026-05-24T15:00:00Z,38,1.4571532
403,Ola Aina,2.0,1,1.5322076893718972,1.5176230765891512,1.5246329989409293,1.5307653860088308,0.8043382958227075,1.0216501233696416,1.230935744218627,1.342933417719982,,215.0,,281.0,233.0,1587.0,47.0,,3.7,2.4,330.0,1.7527526286300672,1.3755747414958244,1.2118319363123446,1.1734915826672512,0.9473008593865392,1.1075515691945956,1.251901911310865,1.3319992432838283,0.2211640057189749,18.742974739903367,7.343653669940612,4.62373948470828,7.934365420508381e-05,0.7499027231126217,0.0,1.310498407068924,0.0231287127319478,0.0363643015486689,1.0649650285490233,88.96193758571093,5.202915392687848,0.1545831630971185,15.931800153791103,8.31927465199951,3.9505880266639792,0.0037020792051536,0.9506184836585768,0.0,2.0822976746102935,0.0220927680222691,0.0461599597680644,1.2466977055878268,87.99824238903213,4.599914386041454,0.1301291769459292,15.040172492459078,8.812490930423486,3.631451813750173,0.0184277805959719,1.1050178411809797,0.0,2.7296798055555778,0.0209502782126023,0.0515382957952816,1.3034123432889748,87.19043416008378,4.145647630058165,0.1200053351730646,15.732761057484058,9.212680358519568,3.5570558539390724,0.0352063615954155,1.214853722207162,0.0,3.2850301444972474,0.0205754258492524,0.0516042315692637,1.3107508977636642,86.8764555237577,3.9191658097964104,2.0,1224.0,691.4000000000001,248.0,4.0,94.0,0.0,282.0,1.4399999999999995,3.3899999999999992,91.9,6077.0,261.5212411090875,0.0296198782293895,18.127365476386377,10.239591903899951,3.672864900444298,0.059239756458779,1.3921342767813063,0.0,4.176402830343919,0.0213263123251604,0.0502056935988151,1.3610334046404478,3.8731136580249914,2.7777777777777786,Nottingham Forest,Bournemouth,2026-05-24T15:00:00Z,38,3.082076
404,Oleksandr Zinchenko,2.0,1,1.5322076893718972,1.5176230765891512,1.5246329989409293,1.5307653860088308,0.8043382958227075,1.0216501233696416,1.230935744218627,1.342933417719982,,224.0,,321.0,311.0,352.0,49.0,,1.4,0.2,329.0,1.0671235229979057,1.0630698713804343,1.0889298788592126,1.1339178231252405,1.36798768044303,1.442290416895606,1.4572158828038313,1.4413374988659988,0.0,9.914734036955863,14.297111041463836,1.7914460372660357,6.490387563337736e-05,0.9112090380890135,0.0,4.390578864555022,0.039856290688524,0.0677025100960677,0.791033457199065,57.85056558753842,2.6867380786805763,0.0,10.868868726638867,12.438261498031656,2.27977205247657,0.0022556310583327,0.6277921559153824,0.0,4.445750867730653,0.0394085267009034,0.0620938759435195,0.5819262085874604,52.2936818010838,2.858443141617934,0.0,12.864561143184742,12.869581088641548,2.7139258688865,0.0081684739278548,0.5497749578274237,0.0,4.606299627910108,0.0337110334330581,0.0655310322558342,0.5126186705149329,52.8953992002251,3.064915385196852,0.0,15.26238223475564,14.319743658575224,2.9850538010709458,0.0123394501063345,0.5972965011161696,0.0,5.045805617981524,0.030157316696768,0.0714099426368029,0.5320552793069421,55.71170333006619,3.2576298224054,0.0,1275.0,1134.0,219.0,1.0,49.0,0.0,401.0,1.8699999999999997,5.259999999999999,40.66,4068.0,233.49698597917936,0.0,28.207964601769913,25.08849557522124,4.845132743362832,0.0221238938053097,1.084070796460177,0.0,8.871681415929203,0.0413716814159292,0.1163716814159291,0.8995575221238938,5.16586252166326,0.5347593582887702,Nottingham Forest,Bournemouth,2026-05-24T15:00:00Z,38,2.215388
405,Oliver Sonne,2.0,1,0.6713781975253578,0.7368591485710255,0.7974005780690301,0.886711191832273,1.7556417034315248,1.7098595237868155,1.6962368721663368,1.692611722456014,,369.0,,392.0,386.0,164.0,38.0,,1.9,0.3,321.0,0.7244007057222167,0.9144497440976994,1.0225866820202567,1.0523923518319984,1.888588190073632,1.932506151254094,1.9172155430322,1.834495748758583,0.0,3.047180965646815,1.3734228470546324,1.7774412464974652,0.1295735410829108,0.3026837919696799,0.0,4.018010722210525,0.078843556145835,0.005307332242756,0.3462260086490338,18.542832153674222,1.450588930607932,0.0,3.0333011247201704,1.9389288658625952,1.8384078990521615,0.139734649842027,0.4313608640623374,0.0,4.194271799420014,0.079979058970514,0.008149324778787,0.4416412495919614,20.883771440116035,1.4904935545818587,0.0,2.962898527647527,2.254609610147132,1.8526493221380655,0.1421082203563442,0.5005229156225891,0.0,4.249104382442497,0.0795472891584074,0.0097472028342416,0.4913390996003786,22.136566929505324,1.5066745888668636,0.0,2.9140671945227097,2.4185487734784195,1.8560450117450724,0.1426741686241787,0.535823986687527,0.0,4.269486379867697,0.0791210899049103,0.010579111260772,0.5163756292593793,22.778500005659794,1.513902376085976,0.0,20.0,18.1,13.0,1.0,4.0,0.0,30.0,0.55,0.08,3.79,164.0,10.644171929270016,0.0,10.97560975609756,9.932926829268292,7.134146341463414,0.5487804878048781,2.1951219512195124,0.0,16.463414634146343,0.301829268292683,0.0439024390243902,2.079878048780488,5.84131386362379,1.818181818181818,Burnley,Wolves,2026-05-24T15:00:00Z,38,1.9498357
406,Olivier Boscagli,2.0,1,1.840832047565444,1.809043192946828,1.7503560523911208,1.6644300751948404,1.22773277493323,1.230558127920629,1.293397159421104,1.3794963287296922,3.0,313.0,,355.0,284.0,799.0,42.0,,3.2,0.2,412.0,1.7780859636891773,1.5164571358627044,1.4608458033968763,1.4789109575249948,0.7345189127095092,0.8971621634386924,1.0808250622804438,1.219617214405461,0.0450380298441074,15.847919204976384,8.09906693693179,3.552811371683822,0.0,1.1972844715747553,0.0,0.4424536051885114,0.0018015211937642,0.0422503611827882,1.2199531966025363,79.62141388370897,3.845155034101516,0.0666550428587053,15.1774466020613,7.417501248930751,3.489879995797364,0.0,1.002011490387887,0.0,0.7237404553598229,0.0029994769286417,0.0402442429796099,1.0400101989318986,73.44021168881297,3.6425063968116977,0.0759656937256125,14.732930610265404,7.120507543684805,3.42123725927755,0.0,0.9132710455672018,0.0,0.8671294024544354,0.0036083704519665,0.0395891213743372,0.9668340039370108,70.0244460238525,3.50519389585955,0.0799223573742761,14.49466845719642,6.982137560870069,3.3793774232467837,0.0,0.8720951483761894,0.0,0.935388792545516,0.0038962149219959,0.0393498718939335,0.9348170626557104,68.29799548736413,3.4312503029778925,1.0,171.0,82.2,40.0,0.0,10.0,0.0,12.0,0.05,0.47,10.87,799.0,40.262473487203856,0.1126408010012515,19.261576971214016,9.25907384230288,4.505632040050062,0.0,1.1264080100125156,0.0,1.3516896120150188,0.0056320400500625,0.0529411764705882,1.2244055068836044,4.535197263890296,0.0,Brighton,Manchester Utd,2026-05-24T15:00:00Z,38,2.756776
407,Ollie Scarles,2.0,1,1.4873748164371934,1.4101831854236713,1.3542056928734252,1.3172760593840596,0.7915192984902504,1.0407607451397949,1.3223124000649034,1.5182899044580005,5.0,314.0,,375.0,343.0,656.0,43.0,,1.6,0.0,388.0,1.4231044032687232,1.352040475585104,1.2862680615764632,1.2660248619682006,0.9925857574774896,1.2832345441276034,1.4903395780549042,1.5953416319700449,0.0866855907494845,6.083409341920311,6.79461140097607,1.3729444924478198,0.0,0.8181700530498789,0.0,1.035445803900199,0.0060066476221332,0.0146848208662343,0.6348552757109859,33.63610964777292,1.5356505321316518,0.0879710641962077,6.711564727033044,6.18500550157451,1.632153201619469,0.0,0.962902430674508,0.0,1.4612018225416723,0.0093188647211498,0.0189206716822165,0.809780796163306,44.00783894620693,1.8787924483060632,0.0836836535495836,6.782532032499131,5.622277703400902,1.7304349142003026,0.0,0.9606693269576944,0.0,1.598133356821834,0.0102526874907183,0.0192198172707906,0.8490309311853677,46.90567625742734,1.954843719325504,0.0805564890090488,6.73972873448802,5.265252726125604,1.764523457979523,0.0,0.93396349526052,0.0,1.6324439737669088,0.0104087979621306,0.0187297481317829,0.8499472415073775,47.30711911497835,1.9562028274348624,1.0,186.0,136.39999999999998,50.0,0.0,25.0,0.0,46.0,0.29,0.4999999999999997,23.5,1315.0,54.13482064615634,0.0684410646387832,12.73003802281369,9.335361216730035,3.422053231939163,0.0,1.7110266159695815,0.0,3.1482889733840307,0.0198479087452471,0.0342205323193916,1.6083650190114067,3.7050447590525257,0.0,West Ham,Leeds United,2026-05-24T15:00:00Z,38,1.824311
408,Ollie Watkins,4.0,0,2.0877065823215184,2.0313064824181177,1.9983975655290631,1.9899321472113032,0.7760600908270671,0.8320655962724971,0.902284812718804,0.9638814197680602,,120.0,,16.0,63.0,2743.0,87.0,3.0,4.3,13.4,3.0,1.424659845595926,1.3770523245396504,1.3994154522796445,1.4275718895734348,1.7410900299291667,1.5638149433821844,1.4245896822370918,1.376900592278413,0.2872013489370965,27.757354739034017,11.282705133819531,7.164953335567159,0.8079199637841391,1.2576462029912514,0.0,48.32292424576864,0.5654669448842099,0.0193739609038464,1.1037722836291042,76.82015253541367,5.100627027080267,0.1956846444917053,21.533714018687615,10.373581676696,5.721383222786614,0.5989188311645997,1.1501353884295835,0.0,39.28042080373142,0.4724108707892513,0.0253737569877734,1.1197687848141653,76.35769120304005,4.520436836415432,0.1514060101415436,18.57180732957471,9.826756084017893,5.047707383741047,0.4917083773870536,1.1109898770722937,0.0,34.95441255211077,0.4216387261033346,0.0341944235726339,1.1290801802972328,75.21884129010382,4.236407408030688,0.1306115044027755,17.951031491493094,10.61706722073986,4.899782607942506,0.463103065829372,1.1595127965584735,0.0,34.920888635751055,0.4056031435505957,0.0467001031939621,1.1484819485285376,75.44068914026201,4.203228189058184,4.0,3080.0,2379.6,797.0,80.0,220.0,0.0,6997.0,68.85,11.489999999999997,201.07,13078.0,712.0286088170027,0.0275271448233674,21.195901513992965,16.375898455421318,5.484783606055972,0.5505428964673498,1.5139929652852118,0.0,48.151858082275574,0.4738109802722128,0.079071723505123,1.383720752408625,4.900028658321627,1.1619462599854755,Aston Villa,Manchester City,2026-05-24T15:00:00Z,38,4.456578
409,Omar Alderete,2.0,1,1.0573950106173575,1.221091675632897,1.4163659335031855,1.5678551940989556,1.7569017770351965,1.6540987203742674,1.4778527368431342,1.381497105747743,,255.0,,99.0,40.0,2797.0,41.0,,3.8,5.4,123.0,0.8739904195180044,0.946034418834362,0.9799623012717682,1.0016999219902454,1.6013696707264908,1.5329499585552229,1.426295372575658,1.3551781333246342,0.000158556822354,8.680261383820573,2.1832090458174274,3.332612958120809,0.0004838770213441,1.1980066003283842,0.0,6.897153883469858,0.0351990552688873,0.0103359938465915,1.0369583147714658,73.79858280797296,3.7884606501056863,0.0035431792352033,9.773742703425002,3.283168898941785,3.356596727488653,0.0060004051469175,1.3023874863836449,0.0,7.210275505444388,0.0388876901095805,0.0156639176252216,1.2334412463827944,80.25939270426007,3.9841696687954986,0.0118699531571171,10.807271003316131,3.8074679200508297,3.504681313920857,0.0153401984746066,1.2852178111218802,0.0,7.690344526444886,0.0430853243373776,0.0208598435896712,1.3129218614623708,83.05018321784596,4.13620289574052,0.0196341785204338,11.444589805233765,4.017141311520336,3.632228587393156,0.0222838207795274,1.254608847212922,0.0,8.051340120406012,0.0459575524679843,0.0241053090847039,1.3376808895093215,84.078792298606,4.222596315653476,1.0,400.0,138.1,125.0,1.0,40.0,0.0,279.0,1.62,0.91,44.52,2797.0,142.08214068792884,0.0321773328566321,12.87093314265284,4.443689667500894,4.022166607079013,0.0321773328566321,1.2870933142652845,0.0,8.977475867000358,0.052127279227744,0.0292813728995352,1.4325348587772615,4.571824333898318,0.6172839506172839,Sunderland,Chelsea,2026-05-24T15:00:00Z,38,3.1611943
410,Omar Marmoush,3.0,1,1.939727876476741,1.639347092096446,1.5294458207117694,1.492088522256452,1.7928720239433336,1.6074334490457554,1.4533604505952842,1.39252795828722,4.0,235.0,1.0,248.0,304.0,691.0,83.0,2.0,2.7,2.5,120.0,2.359633227901898,2.14589609158091,2.0509452912077135,2.0153983924474415,0.7200751135338337,0.8134062180797018,0.897141860619187,0.9629522605076414,0.1392359042476604,12.121043163663614,6.671918779559538,4.320037566666406,0.312376553085239,0.1467321695350486,0.0,15.302562561336698,0.1450841304657932,0.0234306893902736,0.476675315613182,38.792372635278745,2.3439787885386703,0.1501980863023957,11.11637335058424,8.171087931224106,3.700483907799336,0.2437661173792737,0.2121268898014034,0.0,15.759783542816924,0.152393102634642,0.0339190572249147,0.4726007187953157,39.97473843675187,2.4293642235233075,0.1476114021182061,11.687781064858902,9.246543858333393,3.5395167689258455,0.2346851534208011,0.3021294004732782,0.0,16.77583384799161,0.1784158169058029,0.04734613662494,0.514213079807838,43.49554620830423,2.687516562961235,0.145299845667455,12.530116155416207,10.025635687701527,3.567406794336534,0.2465006002621318,0.3729479450923872,0.0,17.672578648066075,0.1986701155467785,0.0566451102552581,0.5544228728926762,46.594214007665535,2.891389485427229,3.0,508.0,406.5,136.0,10.0,17.0,0.0,694.0,8.19,2.4799999999999995,22.4,1865.0,115.69243463498262,0.1447721179624664,24.514745308310992,19.61662198391421,6.563002680965147,0.4825737265415549,0.8203753351206434,0.0,33.49061662198391,0.3952278820375335,0.1196782841823056,1.080965147453083,5.583012931446882,1.221001221001221,Manchester City,Aston Villa,2026-05-24T15:00:00Z,38,2.888632
411,Omari Hutchinson,3.0,1,1.5322076893718972,1.5176230765891512,1.5246329989409293,1.5307653860088308,0.8043382958227075,1.0216501233696416,1.230935744218627,1.342933417719982,2.0,56.0,,102.0,238.0,1599.0,54.0,,2.6,0.1,86.0,2.2174093458585955,1.7777940416108506,1.457231199250763,1.30762240589473,0.845018040005908,0.9974050788647442,1.1708124605074612,1.2828488912433935,0.1041430046004426,8.728533625575466,13.37060675121422,2.072351046712041,0.004509181723971,0.9669222377792148,0.0,9.095090822180437,0.0346047579012156,0.1237640089214181,1.022728552675739,53.05477611966898,2.335384301881014,0.1386256887708753,9.5348826367526,14.329361972026376,2.3019553452231345,0.0174154424781925,0.8456856632080672,0.0,10.453043774443122,0.0435616529197678,0.1151925209747581,0.8557814245873533,55.31877692098685,2.405411546237508,0.1664968147713066,10.027984114336435,15.294106246921334,2.4509010533153877,0.0266196188468867,0.8059490815557416,0.0,11.142498633956222,0.0536014713710968,0.1181109443183477,0.8091612970514271,55.31529207156302,2.4778170851226307,0.1830485169892987,10.219625710896867,15.7861933988033,2.517107859011697,0.0305500834739302,0.7872624506738339,0.0,11.436635021461054,0.0600422211945063,0.1208254785591691,0.7955710680738152,54.5994584092961,2.512642055889754,6.0,310.0,486.4,77.0,1.0,23.0,0.0,350.0,2.01,3.71,23.6,1599.0,76.1612927873658,0.3377110694183864,17.4484052532833,27.377110694183862,4.333958724202627,0.0562851782363977,1.2945590994371483,0.0,19.69981238273921,0.1131332082551594,0.2088180112570356,1.328330206378987,4.286751939251358,0.4975124378109453,Nottingham Forest,Bournemouth,2026-05-24T15:00:00Z,38,2.5238893
412,Oscar Bobb,3.0,1,1.6620557277442751,1.5440588498851775,1.534118610447418,1.5880412252299128,1.3077202764151454,1.442787751239562,1.4348180560487755,1.3914490500458117,,144.0,,251.0,356.0,959.0,51.0,,1.8,0.2,176.0,0.5973474573554457,0.9155760777681654,1.1129563610472974,1.2066197953055773,1.2169076202577118,1.27491446415943,1.336375701205069,1.378016534811399,0.0289014752543185,7.85845782423637,12.453803253805928,1.469568868928763,0.0001584826574766,0.5012725223116874,0.0,10.2977731386267,0.0870291127828382,0.0869312005736461,0.6122932462921755,40.754711040352646,2.1910707319128377,0.0551111317017837,7.484695373958732,11.801821678685972,1.5793483036444471,0.0034910175104801,0.5302225370191309,0.0,9.390068892545504,0.0791783866981992,0.0770266068160879,0.5472531908847201,38.57543646935552,2.1132265530424585,0.0717560367405796,7.484512881012084,11.755854292562397,1.689191355005138,0.0112007689283694,0.5236878714139829,0.0,8.667560064791864,0.0749763035806421,0.0763004903428573,0.4887827744722162,36.351078335095565,2.0785293535669846,0.0810087291920988,7.555953522072032,11.707938524396058,1.7631875589275596,0.01772172049283,0.5091436312287673,0.0,8.293704340107858,0.0747358145472347,0.0767909562442017,0.450437038191303,34.61033128159065,2.0635360671557574,2.0,299.0,452.3,72.0,1.0,19.0,0.0,310.0,2.97,3.03,15.92,1267.0,79.94150785241399,0.1420678768745067,21.239147592738753,32.1286503551697,5.114443567482241,0.0710339384372533,1.3496448303078137,0.0,22.020520915548538,0.2109707971586424,0.2152328334648776,1.1308602999210733,5.678560147369581,0.3367003367003367,Fulham,Newcastle Utd,2026-05-24T15:00:00Z,38,2.082749
413,Pablo Felipe Pereira de Jesus,4.0,1,1.4873748164371934,1.4101831854236713,1.3542056928734252,1.3172760593840596,0.7915192984902504,1.0407607451397949,1.3223124000649034,1.5182899044580005,,229.0,,343.0,383.0,774.0,54.0,,1.9,0.0,288.0,0.9107868180919828,1.0951527852122245,1.16085576712912,1.203309571343217,1.3152548847855938,1.4094199807491106,1.5375319051139422,1.6147602101157532,0.0693484725995876,8.19255759369628,14.752853427033475,1.7770530335535362,0.0,1.0264737794148924,0.0,7.531661934992932,0.0472169393360045,0.1290558568581505,0.9478120577786056,55.626248791645125,2.167696163352498,0.0791739577765869,8.005362194659476,13.718678863474029,1.8871799933987403,0.0,0.9658606021104936,0.0,7.627250574223561,0.0556302825904353,0.1023358908706273,0.931053051064851,58.591146536587594,2.204801566183928,0.0794994708721044,7.772398783458352,13.186182809652186,1.9144740404038472,0.0,0.9415409974219268,0.0,7.505031310154177,0.0595140188522622,0.0888465913868542,0.9180312595538044,59.303045261806446,2.2062221210128268,0.0785425767838225,7.625359058031385,12.929817934904865,1.9209878791120745,0.0,0.9315410906446768,0.0,7.413543308979826,0.0613391691924385,0.0823655348232327,0.91125398641772,59.47574412312141,2.203131305149149,1.0,97.0,164.9,25.0,0.0,12.0,0.0,95.0,0.82,0.99,11.76,774.0,28.57211590277621,0.1162790697674418,11.27906976744186,19.17441860465116,2.9069767441860463,0.0,1.3953488372093024,0.0,11.046511627906977,0.0953488372093023,0.1151162790697674,1.3674418604651162,3.32233905846235,0.0,West Ham,Leeds United,2026-05-24T15:00:00Z,38,2.1852574
414,Pape Matar Sarr,3.0,1,1.6283071946132468,1.5057146814462412,1.3634947000475075,1.2786717611892149,2.0676488183511657,1.6928646449335476,1.4536958060334333,1.368632576429858,,220.0,,241.0,221.0,1371.0,45.0,,2.8,1.0,230.0,1.1282057923933262,1.1127767896515215,1.2087453529772576,1.3549376030724047,1.3935215610808525,1.605256844410009,1.6353545760796422,1.6071279849705744,0.2377027639581086,12.010995538668816,10.28893838063892,2.4265053297473287,0.0065103552068564,1.0953856497587455,0.0,4.508982573181508,0.0619806867171282,0.0352509001088264,0.8407963655592834,46.09734630567844,2.1753165808990333,0.1758018071233915,11.96397074641722,8.334062619207703,2.482133665937171,0.0334018666920849,1.1351941243515031,0.0,5.3107445715766515,0.0659739939833373,0.0405732630622485,1.0169767287467055,52.33584990493218,2.3865547890330325,0.160106697327418,11.570171757408104,7.473427999373488,2.478288429805644,0.0625077871904589,1.071157426011326,0.0,5.830728265418574,0.074525590172392,0.0388873144387821,1.0545933294937389,54.06788976689984,2.4055800229570563,0.1580033224328727,11.292267160178396,7.525459641619403,2.4353948216935373,0.0768701931691875,1.0138505444018415,0.0,6.250569018674208,0.0813762851121448,0.0381149355643951,1.047979725436152,54.420027490482,2.3560531606917787,4.0,1050.0,780.4,226.0,8.0,86.0,0.0,669.0,8.3622,3.8340699999999983,95.4149,5133.0,216.09541580014985,0.0701344243132671,18.410286382232613,13.683226183518409,3.962594973699591,0.1402688486265342,1.5078901227352426,0.0,11.729982466393922,0.1466195207481005,0.0672250730566919,1.6729672706019871,3.7889318959698977,0.9566860395589678,Tottenham,Everton,2026-05-24T15:00:00Z,38,2.3811672
415,Pascal Groß,3.0,1,1.840832047565444,1.809043192946828,1.7503560523911208,1.6644300751948404,1.22773277493323,1.230558127920629,1.293397159421104,1.3794963287296922,1.0,30.0,,90.0,185.0,1546.0,56.0,,4.2,3.1,189.0,1.8979750167610736,1.6183302800534345,1.5159138462337038,1.5053512875565596,0.950092104134086,0.996701352389878,1.117944961587651,1.2325660053177352,0.4874232217595523,23.603156400205624,42.54438914073445,5.504847591975804,0.0113599506763327,0.9425662830158226,0.0,14.489924845031428,0.086114190831986,0.2422210969005849,1.004389811199158,89.61610710328726,4.558542533632288,0.4402028207349177,22.28063020797567,40.933144855486375,5.049825451892837,0.0341348008668307,0.95789935908561,0.0,11.92267041030011,0.0888615353072447,0.2251635021887848,1.071901177309554,88.20536089037243,4.390971153954243,0.3918680418249868,21.674531820926536,42.19901936724588,4.630568332503281,0.0621361485465956,1.059521983541853,0.0,11.84536089689363,0.1079476433722511,0.2232171857123779,1.1400972341758218,86.37834108105997,4.266248924904081,0.3634111350124209,21.4629837223353,43.519678308800245,4.357758398263664,0.0837793549556064,1.1306302875955194,0.0,12.809941863356396,0.1229220794385855,0.2202417689548761,1.1607719214255396,84.45034102936086,4.159168522300299,6.0,2036.0,4258.8,401.0,10.0,112.0,0.0,1380.0,13.749999999999998,20.769999999999996,113.09000000000002,8081.0,392.9076247529887,0.0668234129439425,22.67541145897785,47.43125850761045,4.466031431753496,0.1113723549065709,1.247370374953595,0.0,15.369384977106794,0.153136987996535,0.2313203811409478,1.2595099616384111,4.375904742948767,0.7272727272727274,Brighton,Manchester Utd,2026-05-24T15:00:00Z,38,3.6233666
416,Pascal Struijk,2.0,0,0.9286294544735864,1.0856375066906117,1.1528129081947445,1.198210556571093,1.6522039078284754,1.568477982680725,1.610655951538412,1.6495020971055678,,227.0,,104.0,47.0,2845.0,43.0,3.0,3.2,2.5,119.0,1.7615231506831153,1.5063990089847965,1.392490040406804,1.3341431303634288,0.9867489038910168,1.1737787179357024,1.412577800414902,1.572760833476133,0.0070413373955543,13.111350788205396,3.8852865461475674,3.8841725649241696,4.789536206003608e-07,0.9803462944302006,0.0,6.946867511128148,0.0685085333925076,0.0221398072261099,0.9659233047989216,82.38958590023417,4.019560223447735,0.0212456714750201,13.590619403267995,4.611201680263492,3.8028155554791145,0.0002226851394487,1.1112551600015514,0.0,7.625886425551017,0.079247923855997,0.0248097607104171,1.1063542153043309,84.94299639608195,4.2917809824982225,0.0283888444480821,13.242111928075827,4.836161991767396,3.3665599435607794,0.0026659300949037,1.2669355367798565,0.0,8.097857035399034,0.0837941099862639,0.0228366270547151,1.230148313029931,84.47979205299552,4.060539589635991,0.0301949467848289,13.360719438054009,4.792346583163728,3.022825043782001,0.0071841741916115,1.356564521176991,0.0,8.394936258806478,0.0847621991447309,0.019782522711481,1.3142227685299774,83.35647556272015,3.768957712938177,1.0,919.0,296.5,182.0,1.0,93.0,0.0,572.0,5.749999999999999,1.0399999999999998,94.03,5499.0,222.97349756638468,0.0163666121112929,15.040916530278231,4.852700490998363,2.978723404255319,0.0163666121112929,1.5220949263502457,0.0,9.361702127659576,0.0941080196399345,0.0170212765957446,1.538952536824877,3.649320745767344,0.1739130434782609,Leeds United,West Ham,2026-05-24T15:00:00Z,38,3.5308037
417,Patrick Dorgu,2.0,0,1.518380013408859,1.456497252041452,1.4401174887917136,1.467596997870272,0.9600736833072688,0.9970312171509038,1.1120476617581192,1.2267332376385045,,99.0,,123.0,170.0,1379.0,41.0,,3.1,2.4,117.0,1.5510400594568043,1.6767146588237771,1.6845847107711722,1.6300722140718211,1.0346659686665372,1.1450645865745794,1.256207192705972,1.3635337208812568,0.0945815389589533,12.880239765285337,14.01753196928708,3.842962772941091,0.2179310101249624,0.4324424643296508,0.0,14.611072316875733,0.1144002593132942,0.1021106063858554,0.438269755807876,46.15055617819135,3.375806310259573,0.1171425908366126,12.974635076583429,15.406491063127932,3.7471368805873375,0.1853140674168582,0.6080893581008738,0.0,13.48228641478755,0.0999737601428479,0.0839879111202247,0.5751377007582998,52.36672588600393,3.309141531827658,0.1207145585381144,11.827566763130124,15.2767846542764,3.2577502434830725,0.1373529530987851,0.7283988434330422,0.0,12.099546639659396,0.084294997544489,0.0796348302598761,0.677450866197196,55.662843579898336,3.069094870346843,0.1207396022722292,11.04355989470998,15.051255424502898,2.921912733606527,0.1088300222190453,0.7962201836250543,0.0,11.372984923075585,0.0753334979738799,0.0800669557659621,0.7364491062115465,57.69734824558169,2.9221947827628445,3.0,379.0,547.3,95.0,3.0,32.0,0.0,398.0,2.47,3.05,29.49,2219.0,102.87054892928012,0.1216764308246958,15.37178909418657,22.197836863452004,3.853086976115367,0.1216764308246958,1.2978819287967551,0.0,16.142406489409645,0.1001802613789995,0.1237043713384407,1.19607931500676,4.172307076897347,1.2145748987854252,Manchester Utd,Brighton,2026-05-24T15:00:00Z,38,2.6046686
418,Patrick Roberts,3.0,1,1.0573950106173575,1.221091675632897,1.4163659335031855,1.5678551940989556,1.7569017770351965,1.6540987203742674,1.4778527368431342,1.381497105747743,4.0,188.0,,281.0,316.0,27.0,54.0,2.0,1.0,0.0,202.0,3.0,3.0,3.0,3.0,0.0,0.0,0.0,0.0,0.0,4.0,7.3,1.0,0.0,1.0,0.0,5.0,0.03,0.02,0.66,27.0,1.2101801472408549,0.0,4.0,7.3,1.0,0.0,1.0,0.0,5.0,0.03,0.02,0.66,27.0,1.2101801472408549,0.0,4.0,7.3,1.0,0.0,1.0,0.0,5.0,0.03,0.02,0.66,27.0,1.2101801472408549,0.0,4.0,7.3,1.0,0.0,1.0,0.0,5.0,0.03,0.02,0.66,27.0,1.2101801472408549,0.0,4.0,7.3,1.0,0.0,1.0,0.0,5.0,0.03,0.02,0.66,27.0,1.2101801472408549,0.0,13.333333333333332,24.333333333333332,3.333333333333333,0.0,3.333333333333333,0.0,16.666666666666664,0.1,0.0666666666666666,2.2,4.033933824136183,0.0,Sunderland,Chelsea,2026-05-24T15:00:00Z,38,2.2793748
419,Pau Torres,2.0,0,2.0877065823215184,2.0313064824181177,1.9983975655290631,1.9899321472113032,0.7760600908270671,0.8320655962724971,0.902284812718804,0.9638814197680602,,370.0,,319.0,227.0,1656.0,43.0,,3.1,0.3,316.0,1.424659845595926,1.3770523245396504,1.3994154522796445,1.4275718895734348,1.7410900299291667,1.5638149433821844,1.4245896822370918,1.376900592278413,0.2362785380762517,12.922854505966557,2.5700143530377644,3.028148106351177,4.069327702233835e-07,1.143330162096418,0.0,5.530116698638314,0.1378636993093678,0.0156801219881468,1.1829000750687837,88.24937110057935,4.133428141746751,0.162844853506627,13.422289902791515,2.6990119410347693,3.0761143202066723,0.0002859433032028,1.0641541169471862,0.0,4.495065650568152,0.0862774531915868,0.0173184984559763,1.184629106871195,85.66783081929277,3.95617397379823,0.1296480069100211,13.294219233427754,2.936224714580386,2.951035959874638,0.0041848566068617,1.100288649371476,0.0,4.141813121542686,0.0574637410780043,0.0184844350406461,1.2062877281467317,84.06290099280899,3.677229735009454,0.1143088014904789,13.291338941552183,3.291667279674688,2.843810161005703,0.0122199230843981,1.1573271569728183,0.0,4.118023391025164,0.0446311408339926,0.0195580177545833,1.23221407770764,83.79077373444552,3.470572460958836,2.0,995.0,281.9,203.0,2.0,89.0,0.0,309.0,2.6499999999999995,1.529999999999999,92.37,6137.0,238.8549005454334,0.029330291673456,14.591820107544402,4.134104611373635,2.9770246048557927,0.029330291673456,1.305197979468796,0.0,4.531530063548965,0.0388626364673293,0.0224376731301938,1.3546195209385694,3.502841950315953,0.7547169811320756,Aston Villa,Manchester City,2026-05-24T15:00:00Z,38,2.2072444
420,Pedro Cardoso de Lima,2.0,0,0.7880939941043962,0.88089881267518,0.9708858168980458,1.0216470235091468,1.9916444456516489,2.0329944594527656,2.001641049126402,1.9158268090481736,,367.0,,430.0,449.0,249.0,40.0,,1.1,0.4,396.0,0.5892227469066972,0.7076212761886956,0.7867373521018872,0.8837968096905914,1.9445521292894057,1.788732804211168,1.7328812565570086,1.710429327457707,0.0,1.9151585968855325,7.031448141085658,1.088529816884824,0.0,0.7960813393054562,0.0,3.061585339063846,0.0379341878437877,0.0509312397878729,0.5326371331730706,34.43629110310766,1.6677105758662858,0.0,2.0137281369201023,7.249049557991155,1.0554251577965028,0.0,0.7612909570496896,0.0,2.935332964255711,0.0285985227229971,0.0474600350651456,0.5049264962892713,31.89428002935248,1.5510459027440158,0.0,2.0555632214453414,7.3833629019034515,1.0299905051147928,0.0,0.7429207317003318,0.0,2.874895999192119,0.0248920624787073,0.0451102286753929,0.4858393370780411,30.385043906440828,1.4883833559516035,0.0,2.074103398165498,7.469894048656529,1.0154815913418294,0.0,0.7346285553834472,0.0,2.846011271269828,0.0232786269000328,0.0439071481792706,0.4757073950459788,29.63493400746394,1.4572062370712062,0.0,23.0,83.3,11.0,0.0,8.0,0.0,31.0,0.24,0.47,5.119999999999999,318.0,15.692128505392835,0.0,6.509433962264151,23.57547169811321,3.1132075471698113,0.0,2.2641509433962264,0.0,8.773584905660378,0.0679245283018867,0.1330188679245283,1.4490566037735848,4.441168444922501,0.0,Wolves,Burnley,2026-05-24T15:00:00Z,38,1.8408146
421,Pedro Lomba Neto,3.0,0,1.2993027530090575,1.1556816927460971,1.0987727083015113,1.0838528074355682,1.4810645035741192,1.4785520139318924,1.401222411431172,1.340576268058851,2.0,15.0,4.0,31.0,123.0,2565.0,70.0,,3.6,3.9,52.0,0.8217437632716966,1.134546306254829,1.3856480673125384,1.5567381638705695,1.9461272212939953,1.726776355974721,1.5030031132035966,1.391311211572286,0.2725490954206043,13.218606571514522,22.281803297684505,3.13480385443264,0.0072149814542182,1.626657168634606,0.0,13.815722305614967,0.0796087902655406,0.2113103001133081,1.3489514220325347,81.97472879157827,3.1256196675803256,0.220019145141825,13.788344495320752,23.31288698371913,3.161699357570433,0.0491089903991607,1.3383572949673666,0.0,13.642840638797654,0.1041611141653642,0.213272876914266,1.2170843601816803,79.31271497759374,3.3454029484034433,0.1999420662921694,14.53591696288443,23.93007364165183,3.380983640532095,0.0991327908400386,1.0891915716699752,0.0,14.879584754173395,0.1225854419353018,0.1987334181214508,1.112797318253196,77.18613810424037,3.50064244928424,0.1908307462767728,14.684998236101908,24.434905146298355,3.499359625415815,0.1235735453378829,0.9844795268621014,0.0,16.055675518092922,0.1286486186818416,0.1851323438645408,1.070396837995228,75.09605562897185,3.4809757208394534,6.0,1586.0,2774.9,396.0,15.0,107.0,0.0,1927.0,14.439999999999998,19.389999999999997,119.35,7956.0,364.8187878089315,0.0678733031674208,17.941176470588236,31.390271493212673,4.479638009049774,0.169683257918552,1.2104072398190049,0.0,21.79864253393665,0.1633484162895927,0.2193438914027149,1.3501131221719456,4.126909364354429,1.0387811634349031,Chelsea,Sunderland,2026-05-24T15:00:00Z,38,3.9103258
422,Pedro Porro Sauceda,2.0,1,1.6283071946132468,1.5057146814462412,1.3634947000475075,1.2786717611892149,2.0676488183511657,1.6928646449335476,1.4536958060334333,1.368632576429858,3.0,13.0,2.0,36.0,59.0,2703.0,52.0,,3.2,10.9,181.0,1.1282057923933262,1.1127767896515215,1.2087453529772576,1.3549376030724047,1.3935215610808525,1.605256844410009,1.6353545760796422,1.6071279849705744,0.018740683709858,13.740666321842673,34.92319314380343,3.187362008775459,0.0819719558995489,1.4208571229150604,0.0,9.445501014549825,0.0466593305410107,0.2022353789427101,0.9966840525387796,88.22533878431702,3.5796321651829186,0.0472798833399616,13.5000464979624,30.59698129299912,3.189905096665346,0.0677022119065952,1.419458551430424,0.0,8.823805905600722,0.0435638396046019,0.1593255700869421,1.1006845885314864,85.86028384487413,3.5450060050841925,0.0688936833402129,13.58592669763238,27.73662803669319,3.2022281250292264,0.0499100559819952,1.3496875602945595,0.0,7.580833076763991,0.0376526794687713,0.1412241005461054,1.129211977979093,83.95676571800522,3.5983756650664045,0.08031051538712,13.769940531602945,26.29463627372868,3.23913735594392,0.0398917874026284,1.2883171165947755,0.0,6.798078850002147,0.033872332164676,0.1342231505104714,1.1332858562892827,82.91047636322911,3.668393134129977,3.0,464.0,824.9,109.0,1.0,40.0,0.0,198.0,0.99,4.26,37.34,2703.0,124.46647787008034,0.099889012208657,15.449500554938956,27.4661487236404,3.629300776914539,0.0332963374028856,1.3318534961154274,0.0,6.592674805771365,0.0329633740288568,0.141842397336293,1.2432852386237516,4.1442778425109985,1.0101010101010102,Tottenham,Everton,2026-05-24T15:00:00Z,38,3.4160197
423,Phil Foden,3.0,1,1.939727876476741,1.639347092096446,1.5294458207117694,1.492088522256452,1.7928720239433336,1.6074334490457554,1.4533604505952842,1.39252795828722,5.0,10.0,3.0,24.0,91.0,1988.0,80.0,,4.0,7.6,51.0,2.359633227901898,2.14589609158091,2.0509452912077135,2.0153983924474415,0.7200751135338337,0.8134062180797018,0.897141860619187,0.9629522605076414,0.3509483726050796,12.253975547770242,19.91212147243858,3.261590435867154,0.0151149206027365,0.2298700331694557,0.0,12.556170579462911,0.1140160747436666,0.1415143321633925,0.6576451345556423,38.35219245877052,2.9413044603621876,0.2487691566667619,13.1950927313203,21.78864725313204,3.290980016152256,0.0874580045492104,0.3659170269802275,0.0,13.805650567598,0.136951419935371,0.1324542635283499,0.6795633938420259,45.512905993831794,3.1751702364613497,0.1984148338296659,15.70390324153842,24.906164452648575,3.7610255010504017,0.187141614477433,0.5124761441386114,0.0,16.200084049007405,0.1672483460012034,0.1416903035767183,0.7577559850315502,55.136865387249806,3.618628365903609,0.1760129298565463,18.201262729005865,27.698886788044092,4.242063336502871,0.2739186856526642,0.6366474017348682,0.0,20.373945438018588,0.1917886281965103,0.15645621438725,0.8158964116445891,62.047769241947144,3.9718395000954994,5.0,2697.0,3864.5,612.0,47.0,96.0,0.0,3643.0,28.629999999999995,21.769999999999996,107.59,8652.0,548.1886656037341,0.052011095700416,28.05478502080443,40.1993758668516,6.366158113730929,0.4889042995839112,0.9986130374479888,0.0,37.89528432732316,0.2978155339805824,0.2264563106796115,1.1191747572815534,5.702378629719841,1.6416346489696123,Manchester City,Aston Villa,2026-05-24T15:00:00Z,38,3.4282498
424,Piero Hincapié,2.0,0,1.0829318651843192,1.067014294422874,1.145889565874812,1.235301562856742,1.967837344196661,1.6830638340953552,1.4810949370442836,1.36834061592233,,216.0,,235.0,154.0,1697.0,51.0,,3.5,0.9,327.0,1.6634515217916297,1.7830577107642605,1.8145583965856904,1.80715560782024,0.5822124420335341,0.7238441428036401,0.7734040602432958,0.806032190476869,0.1365995049236279,14.387303793488176,7.936271649282611,4.330962840342942,0.0421420502054094,0.5821974766614397,0.0,3.2210543129936493,0.0141175868188121,0.0758465605985771,0.642481494245281,64.17998526207212,3.906796250873058,0.1259970581682294,14.214026627411744,8.639129240595999,4.270928368734474,0.0519755986294634,0.6952150470575844,0.0,3.2055656455741204,0.0172674488780106,0.0736285694305039,0.6785676333296806,68.6541939207326,3.840940728043573,0.107399142355721,13.885026634540894,8.33533177810255,4.091861712598419,0.0493168411295854,0.7345094419692785,0.0,3.0222250085172027,0.0163264700371101,0.0713328727450011,0.6898676541804147,70.18756242964176,3.792784128461831,0.0957219093545415,13.665582003255636,7.99604320764945,3.969873784892517,0.0459852896673859,0.7455833112245527,0.0,2.8790911378030017,0.0151987277900667,0.0700437342613251,0.6915150896271223,70.59698398176684,3.765405594243079,2.0,322.0,181.3,92.0,1.0,18.0,0.0,65.0,0.33,1.65,16.55,1697.0,89.63484771483301,0.1060695344725987,17.077195050088392,9.615203299941074,4.87919858573954,0.0530347672362993,0.9546258102533884,0.0,3.4472598703594577,0.0175014731879787,0.0875073659398939,0.8777253977607542,4.753763284817308,3.0303030303030303,Arsenal,Crystal Palace,2026-05-24T15:00:00Z,38,4.1237626
425,Quilindschy Hartman,2.0,1,0.6713781975253578,0.7368591485710255,0.7974005780690301,0.886711191832273,1.7556417034315248,1.7098595237868155,1.6962368721663368,1.692611722456014,1.0,138.0,,180.0,150.0,1825.0,40.0,,3.0,0.6,297.0,0.6642460822351484,0.8503413016603888,0.9689575534504042,1.0240871164415382,2.124305557913376,2.0713229961247337,2.007603008399587,1.9103880013024457,0.2258324952561329,8.452050505398562,9.535075006425796,3.143642716890038,0.0,2.165068336568414,0.0,4.187097922622525,0.0216293158405825,0.0695475216222128,2.044132503120233,82.45887440500742,3.030861984049974,0.2628575167264541,9.853574183539388,11.828986552242045,3.140135887358915,0.0,2.0333126782717557,0.0,4.138041220100772,0.0175739918683544,0.0829705138074974,2.0490124568400607,84.75580691398993,3.10451374636846,0.2782123714284104,10.441605238932071,12.907699090289183,3.141327277187779,0.0,1.9654325163784805,0.0,4.054405609243787,0.0160884831616064,0.0894591470844467,2.0470313546627454,85.88681094527384,3.1607361430142955,0.2831900120054891,10.674584170344271,13.36731614496937,3.1423535277362236,0.0,1.933748434043,0.0,4.004457439560184,0.0155804205225548,0.0921549980243672,2.0453161348306694,86.41496984348247,3.1930758611234,6.0,228.0,288.8,66.0,0.0,40.0,0.0,83.0,0.32,1.98,42.91,1825.0,67.76728979812769,0.2958904109589041,11.243835616438355,14.242191780821916,3.254794520547945,0.0,1.9726027397260275,0.0,4.093150684931507,0.0157808219178082,0.0976438356164383,2.1161095890410957,3.341948537989859,0.0,Burnley,Wolves,2026-05-24T15:00:00Z,38,3.1583636
426,Radu Drăgușin,2.0,1,1.6283071946132468,1.5057146814462412,1.3634947000475075,1.2786717611892149,2.0676488183511657,1.6928646449335476,1.4536958060334333,1.368632576429858,,458.0,,401.0,352.0,514.0,45.0,,1.8,0.0,373.0,0.9379019382682148,1.0312438815470577,1.1880684204493226,1.3566541283746851,2.0185967989860396,1.941367413477819,1.7936795900752491,1.6809395971431424,0.0,4.137599603536356,1.3016074075386732,1.9340743886848473,0.0,1.5156157531201635,0.0,2.856198384519998,0.0300576412386967,0.0038925812560323,1.406054886324544,61.49890741652541,2.86912646173959,0.0,4.130383260921801,2.09363412350026,1.6980205774837558,0.0,1.659863407607625,0.0,2.934419274644383,0.0258389597645201,0.0054028543793546,1.5110395944785038,65.55949025065715,2.606892675605264,0.0,4.466274862773626,2.3711544488925504,1.6210103554762492,0.0,1.6908196919875973,0.0,2.9411165491061273,0.0219070981485624,0.0061922435488086,1.569878141262124,68.02522551293865,2.4621675343451823,0.0,4.729728632289122,2.438265828251361,1.603437652043207,0.0,1.6908194052489516,0.0,2.9479164296804594,0.0197411838265167,0.0065266664240996,1.5983960554095142,69.31344838738916,2.3967263326223396,0.0,126.0,61.3,40.0,0.0,42.0,0.0,74.0,0.44,0.1699999999999997,40.6,1764.0,58.47201918580215,0.0,6.428571428571428,3.1275510204081636,2.0408163265306123,0.0,2.142857142857143,0.0,3.775510204081633,0.0224489795918367,0.008673469387755,2.0714285714285716,2.9832662849899054,0.0,Tottenham,Everton,2026-05-24T15:00:00Z,38,2.0925486
427,Randal Kolo Muani,4.0,1,1.6283071946132468,1.5057146814462412,1.3634947000475075,1.2786717611892149,2.0676488183511657,1.6928646449335476,1.4536958060334333,1.368632576429858,,159.0,,228.0,328.0,1638.0,69.0,,1.8,0.4,118.0,1.1282057923933262,1.1127767896515215,1.2087453529772576,1.3549376030724047,1.3935215610808525,1.605256844410009,1.6353545760796422,1.6071279849705744,0.0420080443000138,4.6193535082996995,7.903055426507495,1.7199483875266517,0.021508118681607,1.0049590679536076,0.0,11.445986953376067,0.0545340139921146,0.0604139290258433,0.688271343810274,61.948134606447645,1.9137740164770805,0.0501938866598277,5.1495274903054495,8.71748796760165,1.779004196593266,0.0365913433750144,1.0391031520881486,0.0,10.655569795559142,0.0603559712369099,0.0597189050513551,0.7750961321520171,57.96249259845748,1.912917200348836,0.0451084717795474,5.223130929124187,9.06844906400508,1.7856820739920831,0.0386748759919894,1.0660561430382274,0.0,10.254807457142208,0.0651497422750275,0.0589520701141095,0.8242299708478124,56.90180256179293,1.9437625128882356,0.0402596390178482,5.173616019569228,9.165709309859505,1.7763998760513962,0.0373150238578084,1.0718729583693862,0.0,10.061709043133652,0.0679263311355395,0.0578949044615306,0.8451133054265038,56.639312463502904,1.961966696771169,1.0,147.0,266.4,51.0,1.0,31.0,0.0,286.0,2.05,1.63,24.99,1638.0,57.36301429901323,0.0549450549450549,8.076923076923077,14.637362637362637,2.802197802197802,0.0549450549450549,1.7032967032967032,0.0,15.714285714285714,0.1126373626373626,0.0895604395604395,1.373076923076923,3.151813972473254,0.4878048780487805,Tottenham,Everton,2026-05-24T15:00:00Z,38,2.2279606
428,Rayan Aït-Nouri,2.0,1,1.939727876476741,1.639347092096446,1.5294458207117694,1.492088522256452,1.7928720239433336,1.6074334490457554,1.4533604505952842,1.39252795828722,,184.0,,294.0,308.0,958.0,57.0,,3.7,4.1,297.0,2.199541534877372,2.050995657307316,2.000994557693364,1.9900671433044912,0.9000938919172922,0.9037846867598018,0.9443603123998888,0.98772652802516,0.1517267277149962,18.10118263984091,21.178834272302066,4.582417401236807,0.0014996753929061,0.4425236264809845,0.0,8.809932587440851,0.0409027432051304,0.1503143260787311,0.7713326825785611,67.43511301480669,4.907582296067203,0.1530125308883411,16.31014192553183,18.845519477217728,4.075981713054683,0.0126362929408126,0.6540423023839786,0.0,8.268783285143922,0.0432486587029933,0.1416505699817995,0.857916771877856,67.37201262262852,4.389924089260282,0.1418434401648705,14.779202816796989,17.82394530638612,3.729553235866477,0.0353715944445215,0.9483811663069204,0.0,8.806584298789076,0.0516458739045993,0.1284676068759415,1.0199657264654058,70.56424921689444,3.999698282423558,0.1339606465771224,13.540746294152624,16.614753447498913,3.417175695958105,0.0543184217906528,1.1829483850104483,0.0,9.08991813403646,0.0607681744545423,0.1113936246831011,1.154964628643994,72.81729101257946,3.663767367898564,2.0,1070.0,1290.1,263.0,6.0,123.0,0.0,782.0,6.339999999999998,7.769999999999998,113.1,6602.0,285.86355777618905,0.0272644653135413,14.58648894274462,17.586943350499848,3.5852771887306876,0.081793395940624,1.676764616782793,0.0,10.660405937594668,0.086428355043926,0.1059224477431081,1.5418055134807636,3.8969585276972154,0.9463722397476344,Manchester City,Aston Villa,2026-05-24T15:00:00Z,38,3.3202667
429,Rayan Cherki,3.0,1,1.939727876476741,1.639347092096446,1.5294458207117694,1.492088522256452,1.7928720239433336,1.6074334490457554,1.4533604505952842,1.39252795828722,3.0,5.0,2.0,12.0,74.0,1740.0,66.0,,4.2,19.0,40.0,2.359633227901898,2.14589609158091,2.0509452912077135,2.0153983924474415,0.7200751135338337,0.8134062180797018,0.897141860619187,0.9629522605076414,0.411483692779041,15.091535289912688,32.69052554652089,4.485960665521862,0.0796746151791595,0.4889207944290349,0.0,19.854093992723996,0.172255067581638,0.2291991039819355,0.8803360127416231,53.28903009618127,3.5387871674026963,0.3967908706444846,16.80271568788487,33.27091411164053,4.648522350432702,0.105410855184077,0.5359209761847086,0.0,20.424574190605608,0.1663154671572159,0.255995485345062,0.8376729031830551,56.46252950203182,3.9234102366403714,0.3953937198257944,17.55389422838302,32.414558555810395,4.614123815437309,0.1158632061009704,0.5384490765774373,0.0,19.508250076236397,0.1513200027679216,0.2688230361843936,0.799591666155832,56.29847228072992,4.0204804352035435,0.3995528308678534,17.862876470948304,31.706792264538176,4.577456736415189,0.1204470561126993,0.535446915452072,0.0,18.75994901802907,0.1420960428892004,0.2729478388192093,0.775138261587252,55.559102777966736,4.023642320259942,13.0,579.0,986.8,145.0,4.0,17.0,0.0,572.0,4.25,8.78,23.91,1740.0,127.68559124128562,0.6724137931034483,29.948275862068964,51.04137931034482,7.5,0.2068965517241379,0.8793103448275862,0.0,29.58620689655173,0.2198275862068965,0.4541379310344827,1.2367241379310343,6.604427133169946,0.9411764705882352,Manchester City,Aston Villa,2026-05-24T15:00:00Z,38,4.0263534
430,Rayan Vitor Simplício Rocha,3.0,0,2.1739274766868766,1.800014640187395,1.4843813892721411,1.3253187290721609,1.2760144320047273,1.197664595650709,1.2623114361549288,1.3267371701590465,,205.0,,226.0,260.0,1038.0,54.0,,4.6,1.9,132.0,1.665259611714872,1.5751367596388566,1.5522578466798904,1.5446869163772212,0.7554228697783842,1.0240556929622369,1.2430957966446117,1.3519282732907731,0.097189558253694,17.011984058997424,9.489598147833089,5.702067955769332,0.440706229481112,0.53856735280101,0.0,20.78646866196981,0.2347587455314703,0.0892547524911307,1.0563012626879302,74.2967934812962,4.162695816328715,0.1180301768830483,16.639823758573737,11.63215292755797,5.330691976275975,0.3935572999603857,0.616044479062466,0.0,19.417491007900622,0.2094242568716211,0.1069200164666132,1.1647033402732707,74.25974569617469,3.9826521628091736,0.129590423964374,16.465297226885816,12.793995112892576,5.149347801734769,0.37271605175031,0.6355955978072668,0.0,18.764321845608688,0.1973371602015067,0.117227957517657,1.2242076470343024,74.26046304048134,3.896345463439966,0.1359766220777628,16.40108331249783,13.3712141706145,5.069700122506183,0.3641770040292519,0.6406468558554919,0.0,18.474091739487548,0.1917102631987176,0.1227765056610443,1.2528881094850808,74.22174845219129,3.856140925692275,2.0,229.0,195.1,70.0,5.0,9.0,0.0,255.0,2.61,1.8,17.92,1038.0,53.45760271389904,0.1734104046242774,19.85549132947977,16.916184971098264,6.069364161849712,0.4335260115606936,0.7803468208092484,0.0,22.109826589595375,0.2263005780346821,0.1560693641618497,1.553757225433526,4.6350522584305525,1.9157088122605368,Bournemouth,Nottingham Forest,2026-05-24T15:00:00Z,38,2.9342182
431,Raúl Jiménez Rodríguez,4.0,1,1.6620557277442751,1.5440588498851775,1.534118610447418,1.5880412252299128,1.3077202764151454,1.442787751239562,1.4348180560487755,1.3914490500458117,,118.0,2.0,53.0,137.0,2165.0,59.0,1.0,3.2,1.9,24.0,0.5973474573554457,0.9155760777681654,1.1129563610472974,1.2066197953055773,1.2169076202577118,1.27491446415943,1.336375701205069,1.378016534811399,0.0257525228275635,7.920565915972558,7.023495519291545,2.180063362395462,0.1478029587377702,0.6644107030165852,0.0,12.78275047781388,0.2307256418210942,0.0112367671370872,1.023534353368852,46.40205935838789,2.496182522989795,0.0750067516328137,10.317335837069134,8.711247767751322,2.7840903602587392,0.2323869244614699,0.720598606765833,0.0,17.414261846791657,0.3141098681321702,0.0190240228339666,1.020862852575343,54.9517550908113,2.9941967188391807,0.1117229550080608,11.38106830843922,9.467795721564862,3.0654082975328225,0.2596436788730518,0.7747150375328721,0.0,19.794483611257384,0.3391121048311944,0.0233040650641098,1.0271410626369737,59.82653492153452,3.1763855218796517,0.129052419827395,11.648035615793964,9.592444533142428,3.147145436929239,0.2625372033555637,0.7937996254619296,0.0,20.533834883706955,0.3392749883369708,0.0248603550473685,1.017663596166888,61.360692254061554,3.20053382471565,5.0,408.0,331.4,111.0,9.0,28.0,0.0,728.0,11.55,0.9,34.81,2165.0,110.91618792169804,0.207852193995381,16.960739030023095,13.776443418013857,4.61431870669746,0.3741339491916859,1.163972286374134,0.0,30.26327944572748,0.4801385681293303,0.0374133949191685,1.447066974595843,4.6108346018257835,0.7792207792207791,Fulham,Newcastle Utd,2026-05-24T15:00:00Z,38,3.02886
432,Reece James,2.0,0,1.2993027530090575,1.1556816927460971,1.0987727083015113,1.0838528074355682,1.4810645035741192,1.4785520139318924,1.401222411431172,1.340576268058851,1.0,55.0,1.0,120.0,138.0,1919.0,56.0,,4.1,5.9,267.0,0.7771797040896207,1.149495895839456,1.4059455313703966,1.571061594817884,2.182659026617494,1.8075292844204467,1.5294772186811345,1.4013786355097777,0.1318339216484452,15.38982641451339,16.876512480722635,3.12059220317631,0.0160673818848192,0.6381606364369313,0.0,3.6823595963042974,0.0307653747660159,0.1365632728681511,0.772565531533569,67.1914800629192,3.2793342946483635,0.1643391351589293,16.438618671641468,15.95321614091418,3.6455047706544583,0.0419280909974402,0.6635746093061153,0.0,3.58684685820331,0.032090704998606,0.1180020167432391,0.8692985005890084,68.20294652210747,3.4572632190898633,0.1888575313042836,16.229514752721723,15.671310559979812,3.717800030554483,0.0561511103041226,0.7045017950429969,0.0,3.8707839306623577,0.0341469944718858,0.109818170823647,0.927484173807314,66.05061506964103,3.3816144329183206,0.201945282673926,15.648203769132715,15.608373566440992,3.5931006670315395,0.061967971067675,0.7495427072194792,0.0,4.269904927993472,0.0357191425804986,0.1093789196729654,0.9607424421685412,63.48850374973255,3.2218131287336753,6.0,876.0,927.9,199.0,4.0,48.0,0.0,293.0,2.2699999999999996,6.77,59.0,3552.0,176.89801338430047,0.152027027027027,22.195945945945947,23.51097972972973,5.04222972972973,0.1013513513513513,1.2162162162162162,0.0,7.423986486486487,0.0575168918918918,0.1715371621621621,1.4949324324324325,4.482213176967073,1.7621145374449343,Chelsea,Sunderland,2026-05-24T15:00:00Z,38,3.5108285
433,Reinildo Mandava,2.0,1,1.0573950106173575,1.221091675632897,1.4163659335031855,1.5678551940989556,1.7569017770351965,1.6540987203742674,1.4778527368431342,1.381497105747743,,267.0,,285.0,196.0,1876.0,38.0,,3.0,2.9,356.0,0.8739904195180044,0.946034418834362,0.9799623012717682,1.0016999219902454,1.6013696707264908,1.5329499585552229,1.426295372575658,1.3551781333246342,0.0358087406186995,13.695131629594018,5.5647674772287505,3.239310101930765,0.0,0.9676082276450976,0.0,0.6438452085801306,0.0013375791672096,0.0290652597521431,0.9740622186976208,74.79473068606086,3.7502279868977895,0.066960002589982,12.19291165185779,5.872890262099995,3.1274142946170245,0.0,1.0522749109686342,0.0,1.127671787096903,0.0031527456068824,0.030459156750945,1.025695682592099,75.0701468411589,3.541578545683778,0.0789482386057705,11.57347886045028,5.705712528500144,3.0635015023824823,0.0,1.078341816460828,0.0,1.3966716990580266,0.004325849673073,0.0287438270871158,1.0542249281619378,76.38521109800942,3.4671989628834865,0.0822316580401124,11.35194038160022,5.543603513951755,3.030833314468926,0.0,1.0836734348989483,0.0,1.5189437411572662,0.0048971653656033,0.0272402641139272,1.0664827115448214,77.24532760632594,3.445166169336476,2.0,269.0,128.3,72.0,0.0,26.0,0.0,39.0,0.13,0.61,25.83,1876.0,82.45716201287973,0.0959488272921108,12.905117270788914,6.155117270788914,3.454157782515992,0.0,1.2473347547974414,0.0,1.871002132196162,0.0062366737739872,0.0292643923240938,1.239179104477612,3.9558339984857014,0.0,Sunderland,Chelsea,2026-05-24T15:00:00Z,38,2.9486704
434,Reiss Nelson,3.0,0,1.8359064248683763,1.78747508218593,1.7882183641372678,1.8851857440962256,1.8952567438828445,1.5796778656740686,1.420205125806682,1.3092227962416565,,385.0,,424.0,429.0,117.0,48.0,,1.3,0.1,372.0,1.1071708546566998,1.3077805847564334,1.4193589131481432,1.4680970090978729,1.0753976926209932,1.1926194819333282,1.2723232629983396,1.3419222627089444,0.2310049610255821,5.916595877487987,8.26400726156376,1.76455261348529,0.0036312559785956,0.3317707175495322,0.0,5.071510875843648,0.0791823428766697,0.0237296347649017,0.3003722271672476,21.563684059258826,1.5968747037774953,0.1632441147709231,6.777042221017767,9.65890944141684,1.6865140817232938,0.0178269143164685,0.3978995891244578,0.0,7.210263033348781,0.0772844466981566,0.0369776370786929,0.3379211055920028,24.811420012326863,1.7396643157802376,0.1352262885172406,7.182165452234687,10.11332364925455,1.6517527784605266,0.0381264828072478,0.3897466559077886,0.0,8.357676447277305,0.0669728251896098,0.0440707872382495,0.3340990787562338,25.11285279501912,1.7370023828836356,0.1226906603041526,7.339697349819106,10.07132030309756,1.6290203645841983,0.0563578599536133,0.3632740806450806,0.0,8.928677954206547,0.0586461994987088,0.0465506310568252,0.3302864183578411,24.42309301649461,1.708838491288526,1.0,370.0,486.9,79.0,4.0,16.0,0.0,471.0,2.4199999999999995,2.339999999999999,16.409999999999997,1147.0,82.20057929564308,0.07846556233653,29.032258064516128,38.2048823016565,6.198779424585876,0.3138622493461203,1.2554489973844811,0.0,36.957279860505665,0.1898866608544027,0.1836094158674803,1.2876198779424584,6.449914678821166,1.6528925619834711,Brentford,Liverpool,2026-05-24T15:00:00Z,38,1.6699265
435,Riccardo Calafiori,2.0,0,1.0829318651843192,1.067014294422874,1.145889565874812,1.235301562856742,1.967837344196661,1.6830638340953552,1.4810949370442836,1.36834061592233,,223.0,,209.0,255.0,1652.0,56.0,,4.3,5.9,103.0,1.6634515217916297,1.7830577107642605,1.8145583965856904,1.80715560782024,0.5822124420335341,0.7238441428036401,0.7734040602432958,0.806032190476869,0.0023701373672451,13.976160373109806,11.208722238919131,4.2036778834865425,0.0011242584799888,0.1236105391812662,0.0,12.301743592476468,0.0977699095003439,0.0459634820394712,0.3273762000754849,57.11030011391642,4.821021618800777,0.0190968341177465,13.315600933514236,8.196603643266963,3.837837622138747,0.0128653725963879,0.2333466723338222,0.0,11.310095984965097,0.0972891743570784,0.0344166016961378,0.3578556406095914,58.47552228533348,4.537125873947307,0.0425342420054568,12.896867063324605,7.1529259428732574,3.6487485828402777,0.0339422191915714,0.3278386629790075,0.0,11.049870582347634,0.0988684668262143,0.0305025826628257,0.3929193403574605,59.77184182614712,4.3053709908421975,0.059556196532361,12.503666401143043,6.843479719764122,3.5200931777229236,0.0500027247140911,0.3883979627328368,0.0,11.006127861676712,0.0983335169049687,0.0299699283972231,0.4202348397919311,59.993234982333334,4.11099756542291,2.0,527.0,293.4,148.0,3.0,20.0,0.0,485.0,4.22,1.3499999999999996,19.95,2630.0,170.09612941410876,0.0684410646387832,18.03422053231939,10.040304182509503,5.064638783269962,0.1026615969581749,0.6844106463878327,0.0,16.59695817490494,0.1444106463878327,0.0461977186311786,0.6826996197718631,5.820780094018931,0.7109004739336493,Arsenal,Crystal Palace,2026-05-24T15:00:00Z,38,4.824897
436,Richarlison de Andrade,4.0,1,1.6283071946132468,1.5057146814462412,1.3634947000475075,1.2786717611892149,2.0676488183511657,1.6928646449335476,1.4536958060334333,1.368632576429858,,175.0,,44.0,77.0,1882.0,64.0,5.0,3.8,6.8,13.0,1.1282057923933262,1.1127767896515215,1.2087453529772576,1.3549376030724047,1.3935215610808525,1.605256844410009,1.6353545760796422,1.6071279849705744,0.1152945229785224,18.271149218484936,8.424319167917542,4.5766659218385435,0.4348835062891238,0.9442786838045802,0.0,35.914983002138,0.4583001512087287,0.0294450061846369,0.782700481702594,71.9531128404924,4.544635222073075,0.1173537824934603,16.320421988938758,7.711251950408905,3.986673052240847,0.3694100097385692,0.8806102909490353,0.0,30.46872305225328,0.3624232777388695,0.0347751606629574,0.7754982996315317,64.07578283223567,3.803655867336556,0.120600592452299,14.8690791627932,7.116651110605266,3.667513306170575,0.344310500128145,0.8477473608540144,0.0,26.552594256851748,0.307627025458717,0.0397727491518456,0.7741562171083527,58.056784080228944,3.3861445671840653,0.1240876926859995,13.656229106346789,7.157336469076913,3.537930499076061,0.3310709168373786,0.8537705285198489,0.0,25.26043772620786,0.2812187669713743,0.0444262824737846,0.8071962800676904,55.363134573301195,3.2163232097570975,4.0,1472.0,1006.1,406.0,36.0,117.0,0.0,3135.0,30.04,6.599999999999999,111.88,6907.0,364.5445478284719,0.0521210366295063,19.180541479658316,13.109743738236572,5.29028521789489,0.4690893296655567,1.5245403214130593,0.0,40.84986245837556,0.3914289850875923,0.0859997104386853,1.4578253945272912,4.750109932613649,1.1984021304926764,Tottenham,Everton,2026-05-24T15:00:00Z,38,4.1014724
437,Rico Henry,2.0,0,1.8359064248683763,1.78747508218593,1.7882183641372678,1.8851857440962256,1.8952567438828445,1.5796778656740686,1.420205125806682,1.3092227962416565,,292.0,,347.0,308.0,1322.0,43.0,,2.1,0.2,347.0,1.7772548054708852,1.662992744963684,1.6007568521116189,1.5592479205420973,1.6802908100005889,1.4679664056577313,1.41073032687919,1.4158652950612796,0.1716435673412901,7.720371957762294,6.4296276744478895,2.348229310266251,1.447363362036179e-05,1.2169147877182196,0.0,1.6911527213504691,0.0016393374275612,0.0298982784966673,0.933672047726716,68.48288968645396,2.4096971040685236,0.1243453887171718,7.7050342122680275,5.245524614425749,2.376033578697177,0.0015019864755488,1.0536756106978458,0.0,1.6738423053875364,0.004347321490383,0.0305057890213179,0.9914664686798214,64.1439666834362,2.523921699318319,0.1012538726849999,8.890480498776379,6.152876332467642,2.3432736535340606,0.0108518008700735,1.0470764319228474,0.0,2.6778252547881585,0.0101521296709728,0.0381666716033047,0.9866936352518716,61.392590208024544,2.5336693229070115,0.090332654418028,10.587262369072238,7.66883671893896,2.4253295840933187,0.0240953728128241,1.130310000977987,0.0,3.892160908435157,0.0167705444629934,0.0461987672650527,1.0037565983782597,63.22870226734118,2.656557313275783,2.0,882.0,658.1,184.0,3.0,87.0,0.0,370.0,1.83,3.7699999999999982,73.29,4788.0,200.87708164727067,0.037593984962406,16.57894736842105,12.370300751879698,3.458646616541353,0.056390977443609,1.6353383458646615,0.0,6.954887218045112,0.0343984962406015,0.0708646616541353,1.3776315789473683,3.775884993369749,1.639344262295082,Brentford,Liverpool,2026-05-24T15:00:00Z,38,1.8562348
438,Rico Lewis,2.0,1,1.939727876476741,1.639347092096446,1.5294458207117694,1.492088522256452,1.7928720239433336,1.6074334490457554,1.4533604505952842,1.39252795828722,,218.0,,327.0,360.0,311.0,46.0,,1.9,1.3,300.0,1.732773672642246,1.979715753251465,2.0027106401953554,2.001342929618479,0.8167501735845647,0.8918797788908246,0.9749762822142451,1.0161597145765922,0.0300725624004178,6.045049197114011,12.007831729770022,1.2107450177368435,0.0009727156138828,0.5777267641681516,0.0,5.335195566001832,0.020148214620564,0.0961110472257521,0.6399714355734415,35.744208062959906,1.787596541714926,0.059482214754181,7.607989815683621,9.42833183017941,1.7143912423823922,0.0101266827767965,0.6124571483525437,0.0,4.379160697543019,0.0191693331170829,0.0862320753231049,0.6314650090264864,40.52642181809531,2.1674387478409995,0.0785331957205777,8.924289005938403,8.887719934907988,2.067766792650651,0.0271273186010846,0.7023081058485459,0.0,4.560233243918836,0.0263057674525823,0.07532624299224,0.7077109151802081,48.17967881189733,2.4409240583967695,0.088996530477069,9.762671289655858,9.07070347397408,2.291968232303921,0.0406227242329627,0.7437960294056505,0.0,4.969113779679367,0.0322344737358059,0.0700061569244561,0.747980105677695,52.45324771217827,2.597813056067399,1.0,575.0,511.8,137.0,3.0,41.0,0.0,296.0,2.0599999999999996,3.569999999999999,41.370000000000005,3003.0,148.42276013839287,0.0299700299700299,17.232767232767234,15.33866133866134,4.105894105894106,0.0899100899100899,1.228771228771229,0.0,8.871128871128871,0.0617382617382617,0.1069930069930069,1.23986013986014,4.448234569582205,1.4563106796116507,Manchester City,Aston Villa,2026-05-24T15:00:00Z,38,2.0733051
439,Rio Ngumoha,3.0,1,1.3398971820673846,1.3739348418074238,1.4343213778237405,1.471195734191458,1.5252828948975592,1.3982776425588164,1.364558433783409,1.3824857175755458,,190.0,,271.0,322.0,475.0,43.0,,2.3,1.4,186.0,1.7948830310854702,1.7638612024277347,1.777071859288577,1.882232119440549,1.369070929853555,1.3107531840700402,1.284425194007207,1.240001898284402,0.1629351792502274,12.434486086736175,15.844028011013677,2.9822852750409177,0.0880090293545969,1.233615752956866,0.0,13.283772317999054,0.0739582197456775,0.1163204487718631,0.6576654345481093,46.67812466670642,2.614874564459525,0.1058941427337036,11.432596101619692,13.772117894239292,2.642270029659226,0.096819228489541,0.8795508612467468,0.0,12.402825990690376,0.0701981260816319,0.1190901372795617,0.5386982004234274,36.75162404356926,2.4305072955720974,0.0788008100632158,10.804999198369302,12.69615956867252,2.4479315361886176,0.1022441825481333,0.731980297067945,0.0,11.573486571169456,0.0682297379746667,0.1154275393477619,0.4849871175523255,31.46047814071222,2.301694754845775,0.0665967203218998,10.501199595864945,12.164205342133696,2.357975522493922,0.1061404905082283,0.6680646160798533,0.0,11.0997294037662,0.0675546068588083,0.1122601330267518,0.4599006382651658,28.874405619180106,2.23463400828628,1.0,184.0,209.6,41.0,2.0,11.0,0.0,191.0,1.21,1.95,7.85,475.0,39.04391814256736,0.1894736842105263,34.863157894736844,39.71368421052632,7.768421052631578,0.3789473684210526,2.0842105263157897,0.0,36.189473684210526,0.2292631578947368,0.3694736842105263,1.4873684210526317,7.397795016486446,1.6528925619834711,Liverpool,Brentford,2026-05-24T15:00:00Z,38,2.4050324
440,Robert Lynch Sánchez,1.0,0,1.2993027530090575,1.1556816927460971,1.0987727083015113,1.0838528074355682,1.4810645035741192,1.4785520139318924,1.401222411431172,1.340576268058851,,363.0,,188.0,33.0,2950.0,48.0,,3.3,10.3,775.0,0.8217437632716966,1.134546306254829,1.3856480673125384,1.5567381638705695,1.9461272212939953,1.726776355974721,1.5030031132035966,1.391311211572286,0.0045058843821871,8.656328043089642,0.1073030717332277,2.301321538369304,0.0,1.9680230150054017,2.738554466886242,0.0,0.0,0.0004649612843922,1.5855069435844085,86.13142268741441,2.86742853625006,0.0171542912391046,11.461977600819742,0.5461448055476504,2.709321674258096,0.0,1.766173524573197,2.937666400316462,0.0,0.0,0.0009003008146737,1.4994161105373411,87.36154603689896,3.308907520876461,0.0253352404034218,13.19478036424527,0.9886080459913756,3.026272043158243,0.0,1.583907480749862,2.904374043621904,0.0,0.0,0.0010925745332014,1.446111502963383,87.44112237962447,3.6351859556934136,0.0281649014517909,13.92551838561842,1.2371519291769637,3.1843522023143547,0.0,1.4819735374512095,2.834323419932809,0.0,0.0,0.0011515184127908,1.4134031416301729,87.19888299455991,3.796629674986033,1.0,492.0,50.0,113.0,0.0,47.0,93.0,0.0,0.0,0.04,46.8,2950.0,133.96101950713776,0.0305084745762711,15.010169491525424,1.5254237288135593,3.447457627118644,0.0,1.4338983050847456,2.8372881355932207,0.0,0.0,0.0012203389830508,1.4277966101694917,4.086946357844881,,Chelsea,Sunderland,2026-05-24T15:00:00Z,38,3.3407824
441,Robin Roefs,1.0,1,1.0573950106173575,1.221091675632897,1.4163659335031855,1.5678551940989556,1.7569017770351965,1.6540987203742674,1.4778527368431342,1.381497105747743,,380.0,,166.0,15.0,3060.0,48.0,,3.9,8.1,778.0,0.8739904195180044,0.946034418834362,0.9799623012717682,1.0016999219902454,1.6013696707264908,1.5329499585552229,1.426295372575658,1.3551781333246342,0.0,13.901353763035408,0.0455760604047694,3.3795387078834844,0.0,1.5954971327796403,3.0432878714621205,0.0,0.0,0.0020254315233823,1.361135241911251,90.0,4.303790124661637,0.0,14.210218807309593,0.3340131246557589,3.412642385410702,0.0,1.5925061280709116,3.0109634493113027,0.0,0.0,0.0030465986566149,1.454345160468904,90.0,4.268909111000761,0.0,15.173638100572436,0.7014710197065681,3.5960417204857977,0.0,1.4871693045513648,3.050624531588824,0.0,0.0,0.0031963142573298,1.4704682583909927,90.0,4.431048533531697,0.0,15.860240782972356,0.935581084973871,3.750365518279242,0.0,1.4097096426181344,3.0938340297360147,0.0,0.0,0.0031158936836806,1.4635819042959854,90.0,4.579597624597743,0.0,565.0,40.0,134.0,0.0,45.0,107.0,0.0,0.0,0.1,49.16,3060.0,162.08466919923367,0.0,16.61764705882353,1.1764705882352942,3.941176470588235,0.0,1.3235294117647058,3.1470588235294117,0.0,0.0,0.0029411764705882,1.4458823529411764,4.767196152918637,,Sunderland,Chelsea,2026-05-24T15:00:00Z,38,3.598252
442,Rodrigo 'Rodri' Hernandez Cascante,3.0,1,1.939727876476741,1.639347092096446,1.5294458207117694,1.492088522256452,1.7928720239433336,1.6074334490457554,1.4533604505952842,1.39252795828722,,75.0,,169.0,203.0,1510.0,63.0,,3.3,0.5,258.0,2.359633227901898,2.14589609158091,2.0509452912077135,2.0153983924474415,0.7200751135338337,0.8134062180797018,0.897141860619187,0.9629522605076414,0.2018618469141356,20.550759301096956,23.46707958061808,4.386132767971648,0.0826826124960299,0.8291812319847377,0.0,9.913125686491524,0.1224543291562802,0.1586074020077247,1.2605823811584376,86.12829684086547,4.595576076044625,0.1122862477187569,19.039894174638615,22.60614443582583,3.930012585785554,0.0736710071282764,0.7856330909998898,0.0,7.9182131163554414,0.0879026661526191,0.1426087297137445,1.1235653553755118,80.66723828507061,4.197091164941013,0.0758220964888002,17.920872867710102,21.52213758716091,3.618001776309397,0.0617575714782308,0.752092147265552,0.0,6.802182175183071,0.070303090021083,0.1302201956924215,1.053331243156116,76.51947693228534,3.915442349080976,0.0606237683625529,17.30145484412224,20.83150179201881,3.4518091239685686,0.0547849653532941,0.7333867630027467,0.0,6.280164351798678,0.0621645737566615,0.123474229975252,1.0195544593048378,74.23262568299195,3.7637770245084976,1.0,350.0,421.5,69.0,1.0,15.0,0.0,122.0,1.15,2.45,20.74,1510.0,75.8368575124097,0.0596026490066225,20.86092715231788,25.12251655629139,4.112582781456954,0.0596026490066225,0.8940397350993378,0.0,7.271523178807947,0.0685430463576158,0.1460264900662251,1.236158940397351,4.520077600077399,0.8695652173913044,Manchester City,Aston Villa,2026-05-24T15:00:00Z,38,3.2923224
443,Rodrigo Bentancur,3.0,1,1.6283071946132468,1.5057146814462412,1.3634947000475075,1.2786717611892149,2.0676488183511657,1.6928646449335476,1.4536958060334333,1.368632576429858,,204.0,,244.0,217.0,1799.0,52.0,,3.2,0.2,256.0,1.1282057923933262,1.1127767896515215,1.2087453529772576,1.3549376030724047,1.3935215610808525,1.605256844410009,1.6353545760796422,1.6071279849705744,0.0045206782669928,15.825006546510094,7.750604704898526,3.066369411672669,0.003657442453459,1.010502278549259,0.0,5.923431594627087,0.0434005294007672,0.0258338884573235,0.7267640607227455,79.95974050450467,3.40598470134827,0.0179670312581702,14.584361807754984,7.477732391011855,3.052433441090565,0.0180734302052862,1.0040814677635552,0.0,5.403717570657497,0.0352023713191258,0.0282608474887708,0.8386801692076338,75.67080957140202,3.2568824136630488,0.0289312414868927,13.433793422166804,7.784218842897912,2.8064596639746013,0.0350118780121898,1.026992198799818,0.0,5.461882952237404,0.0372352371622208,0.0326273770646641,0.9257628792424692,70.71690228633835,2.936776509656944,0.0346632488134379,12.790678237022291,8.344930314033533,2.533894508103422,0.0450081458896842,1.0596673343666674,0.0,5.93084814994393,0.0448313594154423,0.0365153206764912,0.9619640101097964,66.56497942415395,2.6664497556209623,1.0,962.0,730.0,168.0,4.0,87.0,0.0,529.0,4.489999999999999,3.1999999999999984,75.34,4727.0,183.38580321151736,0.0190395599746139,18.31605669557859,13.89887878146816,3.1986460757351387,0.0761582398984556,1.6564417177914113,0.0,10.071927226570764,0.0854876242860164,0.0609265919187645,1.4344404484874127,3.49158499873843,0.8908685968819601,Tottenham,Everton,2026-05-24T15:00:00Z,38,2.8027823
444,Rodrigo Martins Gomes,2.0,0,0.7880939941043962,0.88089881267518,0.9708858168980458,1.0216470235091468,1.9916444456516489,2.0329944594527656,2.001641049126402,1.9158268090481736,,333.0,,310.0,318.0,873.0,44.0,,2.2,0.1,162.0,0.5892227469066972,0.7076212761886956,0.7867373521018872,0.8837968096905914,1.9445521292894057,1.788732804211168,1.7328812565570086,1.710429327457707,0.0,4.227885825701791,2.400574643116008,2.1681280543079455,0.0792030179318858,0.7473846326743999,0.0,8.433387108181284,0.0975447555844988,0.0165555922390175,0.7289861710223144,44.262659436825146,2.2429988087801513,0.0,4.848319688894066,3.1190156696923665,2.1953853793612264,0.1147178761070863,0.7448894380003359,0.0,8.473209034985851,0.0886157283128163,0.0177808167038301,0.6617063364671207,40.32880542885039,1.9993679131502324,0.0,5.437226883277069,4.168307439717907,2.102016455216912,0.1200554317257375,0.7620303801266128,0.0,8.179488756649668,0.0790183847160397,0.0220624367999711,0.6376181426105146,38.46529912778026,1.894856792141434,0.0,5.797628536295701,4.860865492213076,2.02389154445031,0.116480666344645,0.7789686404776052,0.0,7.769821922425434,0.0711039138466423,0.0249037566728982,0.6341277137976326,37.37246156126162,1.8466231516265676,0.0,282.0,254.9,89.0,5.0,37.0,0.0,331.0,2.8299999999999996,1.2599999999999998,29.39,1667.0,82.89546799626,0.0,15.2249550089982,13.761847630473904,4.80503899220156,0.2699460107978405,1.9976004799040192,0.0,17.870425914817037,0.1527894421115776,0.0680263947210557,1.586742651469706,4.475460179762088,1.76678445229682,Wolves,Burnley,2026-05-24T15:00:00Z,38,2.4057882
445,Rodrigo Muniz Carvalho,4.0,1,1.6620557277442751,1.5440588498851775,1.534118610447418,1.5880412252299128,1.3077202764151454,1.442787751239562,1.4348180560487755,1.3914490500458117,,303.0,,321.0,379.0,916.0,53.0,,1.7,0.7,131.0,0.5973474573554457,0.9155760777681654,1.1129563610472974,1.2066197953055773,1.2169076202577118,1.27491446415943,1.336375701205069,1.378016534811399,0.0071189503269885,3.426611706335416,3.1066547617522904,1.481375100899006,0.0087057175489858,0.654163452401726,0.0,11.208834409494427,0.2204042585575743,0.009049560618958,0.6634403857116682,53.347756960824725,2.3274671055270404,0.0234387135964247,5.087553229734327,3.715030015586845,1.7517588594664115,0.0630647094824861,0.6408212011638624,0.0,12.69446547486374,0.194336468308729,0.0088805530908721,0.6558791122049161,47.12450790507574,2.1993845756243946,0.0361092021471425,7.162568153979372,3.9372967949775153,2.168264578347487,0.1370840977414122,0.6455940784274592,0.0,15.143222792147316,0.1954861416259649,0.0092953025780939,0.6503651312751945,43.3078529728645,2.261661238975249,0.0430404905353256,8.474745481821623,4.348496818779405,2.485002291705381,0.1868618414946801,0.6753841676724093,0.0,17.73771430257216,0.2089624639354658,0.0115921757024975,0.667801152115181,42.88197479273903,2.405967188785953,1.0,737.0,401.1,217.0,18.0,57.0,0.0,1639.0,17.81,1.2799999999999991,55.61,3448.0,202.5040794537109,0.0261020881670533,19.23723897911833,10.469547563805104,5.664153132250581,0.4698375870069605,1.4878190255220418,0.0,42.78132250580047,0.4648781902552203,0.0334106728538282,1.4515371229698375,5.285779336088741,1.0106681639528357,Fulham,Newcastle Utd,2026-05-24T15:00:00Z,38,2.2522032
446,Romain Esse,3.0,1,1.5307612174333038,1.704751939684622,1.7738301193564938,1.7869121026055728,0.4657699536268272,0.6514597285203065,0.7347335178883116,0.7858168606284246,,422.0,,447.0,436.0,40.0,47.0,,1.0,0.1,391.0,0.9015493724553804,1.1357927707712552,1.3175022539570636,1.3614390071625369,1.5100737332797205,1.3267237073014946,1.2394582163078889,1.23689582771636,0.0,5.382707655703507,2.8043533467591764,1.7380060963187534,0.0234928575799056,0.2330071628866371,0.0,2.5579786234299777,0.0075177144255697,0.0316281346380808,0.4492993618001022,14.290401599271553,1.3704409930375494,0.0,6.524155439359092,3.3726116401915984,2.0441241208148573,0.0508137313274123,0.2677220005922664,0.0,3.683479654374718,0.0162603940247719,0.0365945328460558,0.4022342030497181,15.76613845874681,1.486638550671291,0.0,7.089006623360372,3.585150154182426,2.203781110422291,0.0694268399081214,0.273894785538129,0.0,4.39254487392458,0.0222165887705988,0.0381938629649541,0.3777899453480953,16.107242798847928,1.541052974537748,0.0,7.365321295523324,3.6686664019023705,2.283851384181283,0.0798434701832709,0.2741787082115694,0.0,4.7783660220621424,0.0255499104586466,0.0387308673767156,0.3656322372845761,16.176395913328445,1.5667500389488382,0.0,84.0,41.1,26.0,1.0,3.0,0.0,57.0,0.32,0.43,3.89,178.0,17.504572555958053,0.0,42.47191011235955,20.780898876404496,13.146067415730336,0.5056179775280899,1.5168539325842696,0.0,28.820224719101123,0.1617977528089887,0.2174157303370786,1.9668539325842695,8.850626573237218,3.125,Crystal Palace,Arsenal,2026-05-24T15:00:00Z,38,1.4919239
447,Romaine Mundle,3.0,1,1.0573950106173575,1.221091675632897,1.4163659335031855,1.5678551940989556,1.7569017770351965,1.6540987203742674,1.4778527368431342,1.381497105747743,3.0,366.0,3.0,395.0,429.0,399.0,49.0,,1.0,0.0,283.0,0.8516960496206821,0.9280860951249706,0.9786303353405856,1.0077156366341773,1.4871613981487055,1.350142655070904,1.2552303849430926,1.20449392876976,0.0,1.9038385587260651,2.249702059509099,1.057049967842524,0.0,1.3306774114691686,0.0,6.0660272983132,0.1083338184552027,0.0495019715023901,0.8086266044376602,32.21832928050726,1.7726791242698996,0.0,2.6406811624102295,2.394464884403728,1.043605994599058,0.0,1.0686370889316248,0.0,5.46018880655562,0.0822796414810238,0.0381727713526168,0.713348449100733,30.759863806034776,1.5979507595012052,0.0,2.87035296524674,2.414395055954206,1.0254173467626932,0.0,0.926412246308244,0.0,5.1870875708538,0.0714481679313602,0.0352402365942552,0.6617479360849224,29.70566329804564,1.516423757371023,0.0,2.9473048104598254,2.411039731730112,1.0135326306467167,0.0,0.8554093731197401,0.0,5.056131154746777,0.0666061841261288,0.0345204903847006,0.6357451639202621,29.116381949085607,1.477539758011081,0.0,42.0,33.6,14.0,0.0,11.0,0.0,69.0,0.87,0.48,8.54,399.0,20.16150267001006,0.0,9.473684210526317,7.578947368421052,3.1578947368421053,0.0,2.481203007518797,0.0,15.56390977443609,0.1962406015037593,0.1082706766917293,1.926315789473684,4.5477073691752015,0.0,Sunderland,Chelsea,2026-05-24T15:00:00Z,38,1.8587391
448,Romelle Donovan,3.0,0,1.8359064248683763,1.78747508218593,1.7882183641372678,1.8851857440962256,1.8952567438828445,1.5796778656740686,1.420205125806682,1.3092227962416565,,413.0,,452.0,462.0,38.0,44.0,,1.0,0.1,376.0,1.2215685068386062,1.4033252705075965,1.4744678985352346,1.4959837899964938,1.350363512500736,1.2977404496332356,1.327075944393715,1.3748046295317748,0.0,4.840108401084009,2.090785907859079,1.0,0.0,0.0,0.0,5.084010840108401,0.0197831978319783,0.0017344173441734,0.1028455284552845,10.878048780487804,1.1043882348417708,0.0,4.790927595231172,2.4857516719976744,1.0,0.0,0.0,0.0,5.177667926722885,0.0211253271299796,0.0021198022681011,0.1001453911020645,10.15673160802559,1.112250094197684,0.0,4.769567707806868,2.681609892516594,1.0,0.0,0.0,0.0,5.216348259712255,0.0218117187236766,0.0023110616934532,0.0988173455978975,9.820378045082382,1.1162536212432372,0.0,4.759574787373408,2.77866758057909,1.0,0.0,0.0,0.0,5.233781772314131,0.0221559545585437,0.0024058744560125,0.0981574389902619,9.6582116248038,1.1182581911203449,0.0,19.0,11.5,4.0,0.0,0.0,0.0,21.0,0.09,0.01,0.39,38.0,4.481039130299219,0.0,45.0,27.23684210526316,9.473684210526317,0.0,0.0,0.0,49.736842105263165,0.213157894736842,0.0236842105263157,0.9236842105263158,10.612987413866572,0.0,Brentford,Liverpool,2026-05-24T15:00:00Z,38,1.4103549
449,Roméo Lavia,3.0,0,1.2993027530090575,1.1556816927460971,1.0987727083015113,1.0838528074355682,1.4810645035741192,1.4785520139318924,1.401222411431172,1.340576268058851,,367.0,,428.0,439.0,374.0,49.0,,1.1,0.0,407.0,0.7214746301120257,1.1661065509336637,1.4273113043316032,1.5857547998058985,1.9783237832718672,1.6750325382374844,1.452080490667214,1.360246695243046,0.0,8.390484323158178,4.901906073882817,1.3580095945760304,0.0,1.1898549461247725,0.0,1.40602330238623,0.0248614302038938,0.0601445040009051,0.9554621896934552,39.1375276438254,1.5049542607641304,0.0,7.733873529884231,5.139381484951862,1.3556240854975306,0.0,0.9419353743775124,0.0,1.1636423678760912,0.0204369039794255,0.0450400083830945,0.8432530392324947,39.19083023468193,1.466435953019067,0.0,8.315771550449705,6.2741385279802335,1.4419518341215831,0.0,0.9924911554822652,0.0,1.0528378919224444,0.0172450566221037,0.0354167250171635,0.903164078468036,44.09701820121413,1.5075713945800284,0.0,9.060869752411428,7.268627971805931,1.5147024625328769,0.0,1.0993175973069094,0.0,1.042723327689704,0.0154911485295844,0.0309839824316795,0.9767777333488964,48.36355694937089,1.554499898328485,0.0,394.0,331.4,64.0,0.0,49.0,0.0,42.0,0.5499999999999998,1.0899999999999996,42.879999999999995,2142.0,63.03823281614197,0.0,16.554621848739497,13.924369747899158,2.689075630252101,0.0,2.0588235294117645,0.0,1.7647058823529411,0.0231092436974789,0.045798319327731,1.8016806722689072,2.6486652443757133,0.0,Chelsea,Sunderland,2026-05-24T15:00:00Z,38,1.7471364
450,Ross Barkley,3.0,0,2.0877065823215184,2.0313064824181177,1.9983975655290631,1.9899321472113032,0.7760600908270671,0.8320655962724971,0.902284812718804,0.9638814197680602,,246.0,,283.0,302.0,759.0,48.0,,2.5,0.1,187.0,1.424659845595926,1.3770523245396504,1.3994154522796445,1.4275718895734348,1.7410900299291667,1.5638149433821844,1.4245896822370918,1.376900592278413,0.0088986879087356,10.97834611202162,7.843573083355922,3.066368692919863,0.2103012475291252,1.3420584497954775,0.0,14.392662104551558,0.1430736877397419,0.0503769006399502,0.9226258198118116,55.50552877613762,2.760140467572112,0.0260430151071385,10.716607472636756,7.803255655441822,2.8008970505738957,0.1765305842219737,1.0196165785580085,0.0,11.72264877525672,0.1049353036160256,0.0562544115306949,0.74323695923174,46.47205416466249,2.5092736350685825,0.0380096864706764,10.943629966512727,9.2162201310175,2.6413085869188606,0.1646817456448041,0.9611365245955276,0.0,11.002666049246356,0.0942847222249354,0.0555598697174394,0.7222212386164086,43.25369407466315,2.369133124205436,0.0441440928567442,11.81580893498517,12.1650472343641,2.6325550709431376,0.1643255866332093,1.083836558694159,0.0,11.743664753027822,0.0980001879143038,0.062024215974193,0.8460179606928977,46.01955447142354,2.418931144761654,1.0,1177.0,1543.9,241.0,15.0,114.0,0.0,1238.0,9.75,7.139999999999998,97.01,4632.0,230.16989846935172,0.0194300518134715,22.86917098445596,29.998056994818658,4.682642487046632,0.2914507772020725,2.215025906735751,0.0,24.05440414507772,0.1894430051813471,0.1387305699481864,1.8849093264248704,4.472213053160979,1.5384615384615383,Aston Villa,Manchester City,2026-05-24T15:00:00Z,38,2.0236995
451,Ryan Christie,3.0,0,2.1739274766868766,1.800014640187395,1.4843813892721411,1.3253187290721609,1.2760144320047273,1.197664595650709,1.2623114361549288,1.3267371701590465,6.0,196.0,,241.0,280.0,978.0,49.0,,1.8,0.1,156.0,1.831574514643591,1.6390408537630916,1.5813379939848988,1.5589820042326674,0.9442785872229807,1.1378396761536609,1.3085532801335078,1.3874090841196665,0.001480213195774,9.039311167667956,8.744452180051722,1.7921244385654933,0.0680454886234569,0.4089209685876471,0.0,10.29487573327801,0.0456544811983146,0.0394567065677882,0.8101489152030736,49.34798062963928,1.5154901962011151,0.0105279270069961,9.67293064310085,9.248440905603037,2.0418511778904285,0.0757313181229019,0.511292597663441,0.0,9.791656413813302,0.0576923802107297,0.0425707950288267,0.8347976966846516,47.51039766686184,1.859373965536045,0.0219648589555889,10.452605193845534,11.604318794043746,2.163625122847858,0.0717667258766,0.6590028445802456,0.0,9.59337927362771,0.0678240506463876,0.0560178985010426,0.8708271683169521,50.33932000278771,2.072282241271098,0.029700872743386,11.26487622591944,14.408015113391842,2.2899122593239403,0.0612267306171777,0.8370767910911687,0.0,9.726032618902282,0.0720462817590085,0.074454236063138,0.9406564297061866,56.3618258417913,2.2727320482031845,1.0,1185.0,1778.8,239.0,4.0,110.0,0.0,1035.0,7.249999999999998,9.809999999999995,104.67,6389.0,244.94460917078464,0.0140867115354515,16.692753169510095,25.05744247926123,3.3667240569729224,0.0563468461418062,1.5495382688996713,0.0,14.579746439192364,0.1021286586320237,0.1381906401627797,1.4744560964157143,3.450464051552766,0.5517241379310346,Bournemouth,Nottingham Forest,2026-05-24T15:00:00Z,38,2.0137887
452,Ryan Gravenberch,3.0,1,1.3398971820673846,1.3739348418074238,1.4343213778237405,1.471195734191458,1.5252828948975592,1.3982776425588164,1.364558433783409,1.3824857175755458,,58.0,,73.0,53.0,2909.0,54.0,,4.1,3.7,175.0,1.7948830310854702,1.7638612024277347,1.777071859288577,1.882232119440549,1.369070929853555,1.3107531840700402,1.284425194007207,1.240001898284402,0.0425260895185686,15.200070977894624,11.868395379211714,3.370530842744945,0.1636653982877178,1.3247248848442932,0.0,6.803466752386514,0.0387103068466716,0.0440844761802151,1.0418770933338053,72.21151507337404,2.7055659307452915,0.08706644002881,15.94828764614307,12.334839459274775,3.3416792493122296,0.1160017205553984,1.2073013951262588,0.0,6.027553903465218,0.0438847528806574,0.0549022004069849,1.0792323578018774,76.34786193493129,2.927564648132257,0.1146810481601712,17.108743163587796,13.316796482153617,3.4141917524487173,0.1004315370545791,1.184336744611456,0.0,5.71237342235595,0.0467333506434989,0.0647775330591608,1.0540649270958955,79.4186343173057,3.098192284232332,0.1289340558377616,17.262300772548418,13.795762128120506,3.278187480661447,0.0885694152100597,1.1559036022898992,0.0,5.701760388354374,0.0488365157938888,0.0707564052771939,0.9923604114192108,78.83512593434247,3.0805867329755325,5.0,1401.0,1187.4,250.0,6.0,93.0,0.0,524.0,4.689999999999999,6.429999999999999,76.60000000000001,6417.0,252.81377491195863,0.0701262272089761,19.64936886395512,16.65357643758766,3.506311360448808,0.0841514726507713,1.3043478260869563,0.0,7.349228611500701,0.0657784011220196,0.0901823281907433,1.0743338008415149,3.5457752442069936,1.2793176972281453,Liverpool,Brentford,2026-05-24T15:00:00Z,38,2.8774219
453,Ryan Sessegnon,3.0,1,1.6620557277442751,1.5440588498851775,1.534118610447418,1.5880412252299128,1.3077202764151454,1.442787751239562,1.4348180560487755,1.3914490500458117,,170.0,,154.0,148.0,1816.0,54.0,,3.5,0.2,133.0,0.9166942526473548,1.1448231527308963,1.245475967311083,1.2768450925295125,1.0486476958158426,1.2413092785671938,1.334160148691293,1.3809175638518274,0.026321950373472,13.32154281555562,7.403782394443837,3.880244083357285,0.2058580694375248,0.3534209752129003,0.0,10.001862465116147,0.0969730446858357,0.0316842560922315,0.6497680518089242,54.793431540637215,3.2325656141055332,0.06236686229979,11.645198689108996,7.990646629416616,3.434310581225545,0.1375003624540287,0.6869196292172545,0.0,9.054580103787584,0.073450162421878,0.0493666509369292,0.768053711287637,57.320308250501995,3.038841038061739,0.0869270893211439,11.194783183357616,8.40667632822399,3.398465602895711,0.132096332028256,0.8637882976563471,0.0,9.312064912097174,0.0682827688128009,0.0600664245146668,0.8300950915286558,58.39875855167118,2.9969185416701207,0.099401843882693,10.884169017555394,8.480014595218673,3.3848442606878932,0.1380741151592787,0.9189278148367072,0.0,9.608895901998524,0.0677625088790842,0.063726999048164,0.848171737840346,57.38552856661819,2.9427842378149887,3.0,500.0,400.0,160.0,7.0,45.0,0.0,472.0,3.24,3.1199999999999997,41.03,2636.0,136.44589927181383,0.1024279210925644,17.071320182094084,13.657056145675265,5.462822458270106,0.2389984825493171,1.5364188163884671,0.0,16.115326251896814,0.1106221547799696,0.106525037936267,1.4008725341426405,4.658623268005783,2.160493827160494,Fulham,Newcastle Utd,2026-05-24T15:00:00Z,38,2.7301574
454,Ryan Yates,3.0,1,1.5322076893718972,1.5176230765891512,1.5246329989409293,1.5307653860088308,0.8043382958227075,1.0216501233696416,1.230935744218627,1.342933417719982,,322.0,,378.0,359.0,577.0,47.0,,1.4,0.1,343.0,2.5217616823232456,1.8642156149346971,1.481307544578573,1.3156958315386158,0.8062725500073848,0.9971167542503055,1.1798069031268834,1.290272146013368,0.1104556479524032,5.655131505780436,5.27449238517794,1.4889931877912748,0.0001328191512318,0.4013980696145808,0.0,2.7131584683048677,0.0305870684621639,0.0344800595746838,0.6777300852050779,34.72756570543885,1.4782438200157435,0.1049754172484489,5.731131961968315,4.50740721465349,1.4407532983555495,0.0040192800547585,0.3698639578369609,0.0,2.5625331393715687,0.0244846898088237,0.0220700671288246,0.5410093092726206,30.971726347691707,1.3553440022469758,0.1001356823326728,6.274300177115471,4.521674090871172,1.5038219925689769,0.016353810371536,0.4823582576608664,0.0,3.549376148710501,0.0319344050301691,0.0167985472003463,0.5621195670023025,34.98005454831211,1.4202270743929724,0.0976576196514825,6.819326258057097,4.762758775328354,1.6063509789320238,0.0264761868595203,0.6239448354401828,0.0,4.764990412466953,0.044102727549749,0.0153415560178925,0.6420596062203956,41.534141880645166,1.5813264220172056,2.0,689.0,462.9,166.0,3.0,80.0,0.0,578.0,5.589999999999999,1.4899999999999989,74.64,4879.0,174.25227977912152,0.0368928059028489,12.70957163353146,8.538839926214388,3.062102889936462,0.0553392088542734,1.4757122361139576,0.0,10.662020905923344,0.1031153924984627,0.0274851403976224,1.3768395162943226,3.21432776801003,0.5366726296958856,Nottingham Forest,Bournemouth,2026-05-24T15:00:00Z,38,1.8251269
455,Rúben dos Santos Gato Alves Dias,2.0,1,1.939727876476741,1.639347092096446,1.5294458207117694,1.492088522256452,1.7928720239433336,1.6074334490457554,1.4533604505952842,1.39252795828722,,209.0,,140.0,51.0,2049.0,55.0,,4.5,3.4,250.0,1.7671009773129038,1.8650099076491944,1.923507649305627,1.9567583090420897,0.7023825260033218,0.8269915334092957,0.9261901854701722,0.9866930046145788,0.0,16.714392914325703,9.801920884746153,4.105929390578266,0.0325930859551101,0.7947544810145649,0.0,3.518944139688215,0.0213993114887492,0.034025181976229,0.9477598880541616,78.41832781988361,4.612854913299131,0.0,17.726090039206134,7.563608992531299,4.421855181008362,0.0649491916953181,0.7753052426480922,0.0,4.2632897788197095,0.0245179549612108,0.0283872255991539,0.956316588674645,80.22338339438323,4.774284060937952,0.0,17.96418103476726,6.5258543131754845,4.498722595888273,0.0769487251465708,0.7871082770288431,0.0,4.216744474092566,0.0244751610790893,0.0264409561261419,0.9656760928638448,81.31374684903825,4.8306286109665875,0.0,17.963732027585948,6.0395520981320745,4.501577701223986,0.0797419726540629,0.7941048641353251,0.0,4.0647589661985055,0.0238379979013299,0.0257299216777695,0.9694966669883148,81.71526929084196,4.842660820569558,0.0,447.0,139.5,112.0,2.0,20.0,0.0,96.0,0.57,0.63,24.3,2049.0,121.05030578150344,0.0,19.63396778916545,6.1273792093704245,4.919472913616398,0.0878477306002928,0.8784773060029283,0.0,4.216691068814056,0.0250366032210834,0.0276720351390922,1.067349926793558,5.316997325688291,3.5087719298245617,Manchester City,Aston Villa,2026-05-24T15:00:00Z,38,3.4587624
456,Sam Byram,2.0,0,0.9286294544735864,1.0856375066906117,1.1528129081947445,1.198210556571093,1.6522039078284754,1.568477982680725,1.610655951538412,1.6495020971055678,,502.0,,506.0,486.0,8.0,37.0,,1.0,0.4,467.0,1.609218520546492,1.4557591011541449,1.3728565942724111,1.3255979439912915,0.9893991231128136,1.1564008437632494,1.3919395085176185,1.558113373678318,0.0,17.92537735820037,5.712527953883398,0.7635601327636431,0.0,2.369578792269194,0.0,14.049321878008794,0.0125996265638025,0.0,1.4722592889947053,28.007422582738883,1.5434430561989203,0.0,16.947148697092576,5.807140919840629,0.6947080255027985,0.0,2.3423796020594354,0.0,14.28186004883055,0.0186623495374164,0.0,1.5875534980172072,31.408326902477384,1.492489380091884,0.0,16.21147059308509,5.792926449007866,0.6596935168269012,0.0,2.3019613203671563,0.0,14.241143398818664,0.021840062765554,0.0,1.6301723906455838,32.99520604720995,1.4560506395307615,0.0,15.802983102515618,5.774499628360596,0.6422763733256923,0.0,2.277141332742216,0.0,14.191174860973009,0.0234272362146103,0.0,1.6480275022650392,33.75810814553435,1.4358494006994107,0.0,123.0,46.0,5.0,0.0,18.0,0.0,113.0,0.2,0.0,13.309999999999992,276.0,11.316891799007,0.0,40.108695652173914,15.0,1.6304347826086958,0.0,5.869565217391304,0.0,36.84782608695652,0.0652173913043478,0.0,4.340217391304345,3.690290804024021,0.0,Leeds United,West Ham,2026-05-24T15:00:00Z,38,1.795032
457,Sam Johnstone,1.0,0,0.7880939941043962,0.88089881267518,0.9708858168980458,1.0216470235091468,1.9916444456516489,2.0329944594527656,2.001641049126402,1.9158268090481736,,433.0,,227.0,64.0,1080.0,45.0,,1.8,0.1,604.0,0.4556263313480758,0.6277384735299941,0.8197550367420219,0.9491166419032504,2.254018184891837,2.0539021359743783,1.8802919190215313,1.7802824591286912,0.0,7.583605216150695,0.0484031439317401,1.2543026863528934,0.0,2.2037944659169924,3.135392450522903,0.0,0.0,0.0016155446522982,1.7504297739430938,89.99527763254581,2.2665801259074763,0.0,9.154267718760682,0.1745929380775814,1.731157172452536,0.0,2.0803302652418405,3.0870499563817866,0.0,0.0,0.0012413314232103,1.6388937115398072,89.96452354886544,2.707989471271765,0.0,11.886455733415756,0.2513969590403179,2.2455106943245076,0.0,1.971051773885656,3.1384114276254222,0.0,0.0,0.0008063736483741,1.5602699961254367,89.93669040295329,3.1437513936642905,0.0,14.824918619399249,0.2780133815463069,2.6306571271038157,0.0,1.9589688101907403,3.4130136827700306,0.0,0.0,0.0005350899012718,1.5296655813840538,89.93234680213736,3.505995779455693,0.0,1275.0,20.1,209.0,0.0,138.0,269.0,0.0,0.0,0.02,105.25,6206.0,267.70957473767766,0.0,18.49017080244924,0.2914921044150822,3.030937802126974,0.0,2.001289075088624,3.901063486948115,0.0,0.0,0.0002900418949403,1.5263454721237513,3.8823496175299694,,Wolves,Burnley,2026-05-24T15:00:00Z,38,3.0156162
458,Samuel Chukwueze,3.0,1,1.6620557277442751,1.5440588498851775,1.534118610447418,1.5880412252299128,1.3077202764151454,1.442787751239562,1.4348180560487755,1.3914490500458117,,113.0,,176.0,258.0,1067.0,53.0,,2.7,0.1,138.0,0.5973474573554457,0.9155760777681654,1.1129563610472974,1.2066197953055773,1.2169076202577118,1.27491446415943,1.336375701205069,1.378016534811399,0.0188585680962114,5.908650428473473,13.894726183545773,1.7724964635839322,0.0223862605040375,0.7225398406837378,0.0,5.312724482400849,0.0440743572465217,0.0644315346822802,0.8739660586763467,44.826546919990385,2.1090199897235244,0.0718756291304186,7.813916785337813,14.430109428520916,2.1394227351504145,0.068555054081461,0.7719698696916026,0.0,7.754078245399113,0.0660663295923665,0.1000217767903417,0.8785688460386253,46.90220426280789,2.3327963469502477,0.1186448823712981,9.184627756206991,14.788329546713694,2.416063617954237,0.1005998150884563,0.8181633685890023,0.0,9.206750994324338,0.0787715627819531,0.1229558653138943,0.8576516077833448,47.15119761931012,2.4726029311743316,0.1457554107736215,9.877830477622828,14.947833992841838,2.5597078943633695,0.1163015414944587,0.8439606736715503,0.0,9.91251433797982,0.0851402682146235,0.1347269784079843,0.8392686680671854,46.91076362670545,2.5415489927430253,4.0,242.0,346.7,62.0,3.0,20.0,0.0,243.0,2.1,3.36,18.76,1067.0,59.92034932648384,0.3373945641986879,20.412371134020617,29.243673851921272,5.229615745079663,0.2530459231490159,1.6869728209934394,0.0,20.496719775070293,0.1771321462043111,0.2834114339268978,1.5823805060918463,5.054200036910539,1.4285714285714286,Fulham,Newcastle Utd,2026-05-24T15:00:00Z,38,2.3443296
459,Sander Berge,3.0,1,1.6620557277442751,1.5440588498851775,1.534118610447418,1.5880412252299128,1.3077202764151454,1.442787751239562,1.4348180560487755,1.3914490500458117,,119.0,,177.0,160.0,2814.0,49.0,,2.6,0.1,278.0,0.5973474573554457,0.9155760777681654,1.1129563610472974,1.2066197953055773,1.2169076202577118,1.27491446415943,1.336375701205069,1.378016534811399,0.1143975960468513,12.1576835152754,8.078837572449617,2.805593876567279,1.4474011154981144e-09,1.0270579575381296,0.0,5.172882179759422,0.0645116571805068,0.0591625674635631,1.02543104995503,78.01942202410284,3.153817930539395,0.1093362542203895,13.535208604213244,8.481323344455253,2.756575095050994,1.4334244734657551e-05,1.1770040217003572,0.0,4.015945862686914,0.0543409616654586,0.050064556739554,1.161312563537607,80.18375320861576,3.0590999244194994,0.1007486491530365,13.624850393478743,9.145360580118313,2.533899952758248,0.0006749865017271,1.2701062387266355,0.0,3.276059700135037,0.0455099151650155,0.0434673368772483,1.217172840659021,80.24778567242309,2.814293769610536,0.0949034330137512,13.094674577234414,9.749903388656634,2.3212266430223294,0.0031768788263857,1.3473284251183018,0.0,3.004077466774674,0.0402461020245099,0.0403018765223621,1.2721239264943236,79.65252174420435,2.5807446965757697,3.0,1317.0,1143.2,233.0,1.0,165.0,0.0,355.0,4.329999999999999,4.459999999999998,155.25,8692.0,254.1076010314365,0.0310630464795214,13.636677404509896,11.837091578462957,2.412563276576162,0.0103543488265071,1.7084675563736769,0.0,3.675793833410032,0.0448343304187758,0.0461803957662217,1.6075126553152324,2.6311187405463974,0.2309468822170901,Fulham,Newcastle Utd,2026-05-24T15:00:00Z,38,2.5581598
460,Sandro Tonali,3.0,0,0.6778779658843567,0.924018470010329,1.1073081949231147,1.2014107865787766,1.1735260962061695,1.2474230176816807,1.319555879612648,1.3684865116798042,1.0,49.0,3.0,106.0,180.0,2534.0,53.0,,2.3,1.0,182.0,1.3275696596803437,1.3822876109761566,1.4569662457029895,1.5517182423639602,1.3846503455189316,1.4919863902684225,1.457703428287506,1.4015191720577116,0.0422696716256958,14.43483729776476,18.39203066929031,1.83671509978859,0.0001270283730665,1.1216972735524278,0.0,5.372174663137467,0.0386960755578432,0.0985055692011167,1.246008453106499,78.29847040943807,2.4017428468529087,0.0538887375990276,14.385276143690549,16.965039533986904,2.082312086885564,0.0061593500577231,1.2521179586278246,0.0,5.5019289376232425,0.0517675934849008,0.0933070968506653,1.2462222557689688,76.36892842353298,2.6151713073460594,0.0554175812868429,14.759400849530603,16.34865432705297,2.300967158440415,0.0274730517217249,1.2061164544204557,0.0,6.105570823086062,0.0630545114175582,0.0858245931720592,1.1306366896984683,74.21590383402113,2.770693428346354,0.0560389114603959,14.961421372419062,15.99915736181129,2.413024799648097,0.047128416364228,1.1335954695261397,0.0,6.700034221377399,0.0733044361871505,0.0803064132432208,1.0393734565498025,72.57883832302896,2.831093377746474,2.0,1099.0,1135.4,183.0,5.0,77.0,0.0,547.0,6.429999999999999,5.449999999999999,70.94999999999999,5236.0,210.0935302802451,0.0343773873185637,18.8903743315508,19.516042780748663,3.1455309396485864,0.0859434682964094,1.3235294117647058,0.0,9.402215431627196,0.1105233002291825,0.0936783804430863,1.21953781512605,3.611233331784198,0.7776049766718508,Newcastle Utd,Fulham,2026-05-24T15:00:00Z,38,2.8073313
461,Santiago Ignacio Bueno,2.0,0,0.7880939941043962,0.88089881267518,0.9708858168980458,1.0216470235091468,1.9916444456516489,2.0329944594527656,2.001641049126402,1.9158268090481736,,278.0,,163.0,83.0,2462.0,44.0,,3.2,0.2,155.0,0.5892227469066972,0.7076212761886956,0.7867373521018872,0.8837968096905914,1.9445521292894057,1.788732804211168,1.7328812565570086,1.710429327457707,0.022995054910865,8.922980379662752,3.7443413140851263,3.1266323040685404,0.1326149730030449,1.7494540443801183,0.0,9.039783642112091,0.0425586810807787,0.0610497513650357,1.6262272791101666,89.95083472962145,3.1198199462098195,0.0471849671173711,10.196454232555066,3.909463397955821,3.2620063917804476,0.1088870198153975,1.6905710989422005,0.0,8.48342193451221,0.0475372955940181,0.0567300371799644,1.6427016355414126,89.60273329736602,3.220313709266916,0.0605026906860296,10.690925849649146,4.068484010469333,3.3488339368334117,0.1034610025642528,1.658822129042981,0.0,8.158622456702828,0.0564947954795339,0.0541124391314007,1.6014652713467628,89.01295697125336,3.2996213418802265,0.0664248891639828,10.858076043645395,4.188229460784747,3.3908718585964905,0.1041543471543273,1.648548704239824,0.0,8.05248944328332,0.0629502195974379,0.0528849673485351,1.5672022597640725,88.53744485195132,3.3380332927195706,2.0,307.0,121.5,96.0,3.0,46.0,0.0,224.0,1.97,1.45,42.74,2462.0,94.38474784600967,0.0731112916328188,11.222583265637692,4.441510966693745,3.5093419983753047,0.1096669374492282,1.6815597075548334,0.0,8.188464662875711,0.0720146222583265,0.0530056864337936,1.562388302193339,3.4502954127298415,1.5228426395939088,Wolves,Burnley,2026-05-24T15:00:00Z,38,3.073741
462,Saša Kalajdžić,4.0,0,0.7880939941043962,0.88089881267518,0.9708858168980458,1.0216470235091468,1.9916444456516489,2.0329944594527656,2.001641049126402,1.9158268090481736,,257.0,,338.0,351.0,14.0,49.0,,1.0,0.1,278.0,0.7532094345820135,0.9768719878990496,1.0667276586048051,1.0914146515719831,1.7179202154918254,1.5954077071277388,1.5965826855419782,1.6287527048140673,0.0,1.0,4.3,1.0,0.0,0.0,0.0,2.0,0.0,0.01,0.1,14.0,1.030062750402608,0.0,1.0,4.3,1.0,0.0,0.0,0.0,2.0,0.0,0.01,0.1,14.0,1.030062750402608,0.0,1.0,4.3,1.0,0.0,0.0,0.0,2.0,0.0,0.01,0.1,14.0,1.030062750402608,0.0,1.0,4.3,1.0,0.0,0.0,0.0,2.0,0.0,0.01,0.1,14.0,1.030062750402608,0.0,1.0,4.3,1.0,0.0,0.0,0.0,2.0,0.0,0.01,0.1,14.0,1.030062750402608,0.0,6.428571428571428,27.64285714285714,6.428571428571428,0.0,0.0,0.0,12.857142857142856,0.0,0.0642857142857142,0.6428571428571429,6.62183196687391,,Wolves,Burnley,2026-05-24T15:00:00Z,38,1.8017476
463,Saša Lukić,3.0,1,1.6620557277442751,1.5440588498851775,1.534118610447418,1.5880412252299128,1.3077202764151454,1.442787751239562,1.4348180560487755,1.3914490500458117,3.0,70.0,,162.0,231.0,1730.0,49.0,,2.6,0.1,210.0,0.5973474573554457,0.9155760777681654,1.1129563610472974,1.2066197953055773,1.2169076202577118,1.27491446415943,1.336375701205069,1.378016534811399,0.1280434064653789,13.856363308139487,15.360697742322856,2.703334927423606,0.0036030366930999,0.8580123568820412,0.0,8.348654335249057,0.0596642808117178,0.0764735458195789,1.2867494181815282,77.4731758876816,2.871271811152672,0.1387371386284469,12.43881434917776,15.022788997452786,2.5368484349382903,0.0151437741090482,0.8076244635241088,0.0,7.506377315631335,0.0678966368292879,0.0682915056965216,1.155242562441817,70.87563220490816,2.6399274513894015,0.1451588421186852,11.905477857926334,15.37728465452632,2.394886561669713,0.0222023507531484,0.8899998654846478,0.0,6.640719878664408,0.0693248073652243,0.0626098164856993,1.1024150763836806,69.13155652073223,2.517529694999678,0.1492382552961736,11.361760914135624,14.880675291523008,2.257695501024216,0.024102393657562,0.9535760044925288,0.0,5.941210586526614,0.0662106025690808,0.0566592750655498,1.0733419469285577,68.01557653102994,2.408123873370281,4.0,825.0,1052.3,166.0,2.0,79.0,0.0,410.0,4.879999999999999,3.7699999999999982,83.52,5191.0,179.8074736684943,0.0693507994606048,14.30360238874976,18.24446156809863,2.878058177615103,0.0346753997303024,1.3696782893469466,0.0,7.108456944712001,0.0846079753419379,0.06536312849162,1.44804469273743,3.117448011975436,0.4098360655737705,Fulham,Newcastle Utd,2026-05-24T15:00:00Z,38,2.456916
464,Sean Longstaff,3.0,0,0.9286294544735864,1.0856375066906117,1.1528129081947445,1.198210556571093,1.6522039078284754,1.568477982680725,1.610655951538412,1.6495020971055678,2.0,83.0,2.0,194.0,245.0,1003.0,48.0,,2.4,0.2,263.0,1.609218520546492,1.4557591011541449,1.3728565942724111,1.3255979439912915,0.9893991231128136,1.1564008437632494,1.3919395085176185,1.558113373678318,0.0133786663565631,6.507149201381918,9.040778582513742,1.8288605124214024,0.1069099911318543,0.3674729283515734,0.0,7.094334624542134,0.066923824558306,0.0765283739957867,0.5015015547147689,17.86385850380483,1.639248224246164,0.0434005368820836,8.254373224850305,11.758007543949386,1.9964201650021305,0.0907983812357011,0.6015819902955759,0.0,5.7645812090681305,0.0553769381672384,0.0732087864096043,0.5620767112012512,27.710347712219782,1.8049838119371504,0.0653868689464685,9.167076550927463,11.993723312664589,2.1099560816471152,0.0762809422138436,0.7411718751029813,0.0,5.499755762763307,0.055588019846758,0.0639478586262896,0.6597345365200118,37.66757315904839,1.977963465194074,0.0765647622656088,9.597311687026137,11.0260112941079,2.203015297675883,0.0723576200875702,0.882014733622145,0.0,6.2723085192504815,0.0667467109781021,0.0576259245496408,0.8307590764344652,47.17333509157832,2.150658242143539,2.0,1199.0,1156.6,276.0,8.0,133.0,0.0,909.0,10.169999999999998,6.439999999999999,136.63,7193.0,283.8919452712,0.0250243292089531,15.002085360767412,14.471569581537606,3.453357430835535,0.1000973168358125,1.6641178923953843,0.0,11.373557625469209,0.1272487140275267,0.0805783400528291,1.7095370499096345,3.552102749118309,0.7866273352999018,Leeds United,West Ham,2026-05-24T15:00:00Z,38,2.2959328
465,Sebastiaan Bornauw,2.0,0,0.9286294544735864,1.0856375066906117,1.1528129081947445,1.198210556571093,1.6522039078284754,1.568477982680725,1.610655951538412,1.6495020971055678,,456.0,,423.0,388.0,428.0,38.0,,2.2,0.1,417.0,1.609218520546492,1.4557591011541449,1.3728565942724111,1.3255979439912915,0.9893991231128136,1.1564008437632494,1.3919395085176185,1.558113373678318,0.0,8.053775252627375,0.4531014743281782,2.4522199432578273,0.0,0.3328865794393897,0.0,1.236301279247412,0.0,0.0004588448746075,0.9874428877599344,47.660973188918774,2.5651068686703407,0.0,7.296797517127956,0.515505923853344,2.2808319248183477,0.0,0.3608096956747423,0.0,1.153976233803601,0.0,0.000697033351542,0.8444664978286403,43.00899934733007,2.441434710464563,0.0,7.026828367268627,0.546041465671193,2.224079367070185,0.0,0.3653103097065855,0.0,1.1201714267918397,0.0,0.0008097604887957,0.7888967095515852,40.88798195665144,2.403748263367259,0.0,6.9155437742739005,0.5599972900276603,2.2013900379006985,0.0,0.3652082595791773,0.0,1.1050221546075345,0.0,0.0008614410377331,0.7647251855800795,39.880955555917026,2.3889502451660056,0.0,75.0,6.3,24.0,0.0,4.0,0.0,12.0,0.0,0.01,8.17,428.0,26.13705581007298,0.0,15.771028037383177,1.324766355140187,5.046728971962617,0.0,0.8411214953271028,0.0,2.5233644859813085,0.0,0.0021028037383177,1.7179906542056074,5.496109866604131,,Leeds United,West Ham,2026-05-24T15:00:00Z,38,2.373936
466,Senne Lammens,1.0,0,1.518380013408859,1.456497252041452,1.4401174887917136,1.467596997870272,0.9600736833072688,0.9970312171509038,1.1120476617581192,1.2267332376385045,,817.0,,256.0,71.0,2790.0,51.0,,3.3,3.5,462.0,1.5510400594568043,1.6767146588237771,1.6845847107711722,1.6300722140718211,1.0346659686665372,1.1450645865745794,1.256207192705972,1.3635337208812568,0.0,14.61266205896499,0.0,3.928069959329709,0.0,1.2271741809627017,2.9983121494056446,0.0015126553358029,0.0,0.0,1.4521077456294968,90.0,4.5154611913674945,0.0,13.80740106010487,0.0,3.722965011147917,0.0,1.2167710834505043,2.786341049609805,0.0149274733507517,0.0,0.0,1.3512766099590638,90.0,4.371668504861905,0.0,13.162879206596063,0.0,3.528919456695831,0.0,1.2316884572659532,2.626906958161367,0.03484385774086,0.0,0.0,1.2873959429219544,90.0,4.229294838269229,0.0,12.82396006945661,0.0,3.422365011203764,0.0,1.2442337708753022,2.54972434457114,0.0488242930765846,0.0,0.0,1.2604083189318709,90.0,4.149487086124919,0.0,388.0,0.0,103.0,0.0,39.0,77.0,2.0,0.0,0.0,38.46,2790.0,126.28163282163467,0.0,12.516129032258064,0.0,3.32258064516129,0.0,1.2580645161290325,2.4838709677419355,0.064516129032258,0.0,0.0,1.2406451612903229,4.073601058762409,,Manchester Utd,Brighton,2026-05-24T15:00:00Z,38,3.125939
467,Sepp van den Berg,2.0,0,1.8359064248683763,1.78747508218593,1.7882183641372678,1.8851857440962256,1.8952567438828445,1.5796778656740686,1.420205125806682,1.3092227962416565,,299.0,,132.0,66.0,2671.0,44.0,,3.5,1.1,109.0,1.1748714775842306,1.3043720462789254,1.4045468873177778,1.4575194754261969,1.4066036186219488,1.3314196026761185,1.3311119711831043,1.3665151862017706,0.2552820876140558,18.674530064963253,4.923015679247481,4.014900316118907,0.0,0.7988629335440806,0.0,10.10751523995463,0.1206936611781391,0.1322546339248698,0.920091469410382,73.190461970723,4.716255432241456,0.1849716097154835,16.60298393883937,4.239174129042863,3.822179965544247,0.0,1.0377658102458471,0.0,9.46917937512574,0.1090660488830097,0.0868464623227434,1.100427356455466,80.6700205574789,4.56468194030687,0.1420786814713404,14.483308502032928,3.679292978753344,3.454864633661425,0.0,1.2075808292297403,0.0,9.17837622804639,0.1031983077838326,0.0574520162896865,1.205383789647399,83.76263100310067,4.2792151031311425,0.1192037673974534,12.959019432556463,3.4299336819760367,3.138829215122276,0.0,1.3156099385356312,0.0,8.9121972670851,0.0972611345755961,0.0427000839398944,1.268813395407936,84.6394516781576,4.017045177638539,3.0,695.0,205.7,171.0,0.0,89.0,0.0,527.0,5.449999999999999,1.9399999999999995,83.16,5255.0,228.61810532278585,0.0513796384395813,11.902949571836348,3.522930542340628,2.928639391056137,0.0,1.524262607040913,0.0,9.02568981921979,0.0933396764985727,0.0332254995242626,1.424243577545195,3.915438530742288,0.0,Brentford,Liverpool,2026-05-24T15:00:00Z,38,2.6214466
468,Shea Lacey,3.0,0,1.518380013408859,1.456497252041452,1.4401174887917136,1.467596997870272,0.9600736833072688,0.9970312171509038,1.1120476617581192,1.2267332376385045,,435.0,,451.0,452.0,12.0,45.0,,1.0,0.0,369.0,1.5897919515586068,1.6754408259581028,1.6083049166614891,1.555501994047385,1.309460916626077,1.40056267522548,1.4447197313272753,1.4873219003553562,0.0,3.888888888888889,0.8333333333333333,1.0,0.0,0.0,0.0,5.111111111111112,0.0366666666666666,0.0,0.0511111111111111,6.0,1.1835177412340234,0.0,3.947368421052632,0.7894736842105263,1.0,0.0,0.0,0.0,5.315789473684211,0.0357894736842105,0.0,0.0531578947368421,6.0,1.1791355786761692,0.0,3.9743589743589745,0.7692307692307693,1.0,0.0,0.0,0.0,5.41025641025641,0.0353846153846153,0.0,0.0541025641025641,6.0,1.1771130421110056,0.0,3.9873417721518982,0.7594936708860759,1.0,0.0,0.0,0.0,5.455696202531645,0.0351898734177215,0.0,0.0545569620253164,6.0,1.1761401764214334,0.0,8.0,1.5,2.0,0.0,0.0,0.0,11.0,0.07,0.0,0.11,12.0,2.350383264748201,0.0,60.0,11.25,15.0,0.0,0.0,0.0,82.5,0.525,0.0,0.825,17.627874485611507,0.0,Manchester Utd,Brighton,2026-05-24T15:00:00Z,38,1.4953347
469,Shumaira Mheuka,4.0,0,1.2993027530090575,1.1556816927460971,1.0987727083015113,1.0838528074355682,1.4810645035741192,1.4785520139318924,1.401222411431172,1.340576268058851,,495.0,,517.0,504.0,1.0,45.0,,1.0,0.0,718.0,0.8217437632716966,1.134546306254829,1.3856480673125384,1.5567381638705695,1.9461272212939953,1.726776355974721,1.5030031132035966,1.391311211572286,0.0,3.888888888888889,0.1666666666666666,1.0,0.0,0.0,0.0,7.555555555555556,0.0266666666666666,0.0,0.0277777777777777,1.0,1.1068510745673563,0.0,3.947368421052632,0.1578947368421052,1.0,0.0,0.0,0.0,8.05263157894737,0.0284210526315789,0.0,0.0263157894736842,1.0,1.1138724207814323,0.0,3.9743589743589745,0.1538461538461538,1.0,0.0,0.0,0.0,8.282051282051281,0.0292307692307692,0.0,0.0256410256410256,1.0,1.1171130421110056,0.0,3.9873417721518982,0.1518987341772151,1.0,0.0,0.0,0.0,8.392405063291138,0.0296202531645569,0.0,0.0253164556962025,1.0,1.1186718219910536,0.0,8.0,0.3,2.0,0.0,0.0,0.0,17.0,0.06,0.0,0.05,2.0,2.2403832647482007,0.0,360.0,13.5,90.0,0.0,0.0,0.0,765.0,2.6999999999999997,0.0,2.25,100.81724691366904,0.0,Chelsea,Sunderland,2026-05-24T15:00:00Z,38,1.6124448
470,Simon Adingra,3.0,1,1.0573950106173575,1.221091675632897,1.4163659335031855,1.5678551940989556,1.7569017770351965,1.6540987203742674,1.4778527368431342,1.381497105747743,,183.0,,293.0,333.0,649.0,49.0,,2.4,0.4,240.0,0.7675233970187854,0.9018304933015092,0.9776818836063088,1.0146485260198097,0.8372079250749113,0.9242158068735172,0.946946479493888,0.9508819153147268,0.0115009326446839,5.448135476524667,7.272986068562154,2.5213938192631846,0.102668751884902,0.6441811118073869,0.0,8.706896303765713,0.0311795573342089,0.0545345661987912,1.111677290868298,52.65352832954047,2.270738818217493,0.0329585076819397,6.072361260814,8.435522302399583,2.411151118710167,0.0797669234997591,0.6674960705417444,0.0,8.8169629001486,0.0418614269873246,0.0603738540072774,0.9312116652506298,47.905250055034024,2.2286829440941154,0.0500992594889547,6.705029048168511,9.669976891393569,2.3571497314347885,0.076385475524383,0.743429615254041,0.0,10.617093530180409,0.0602409090404506,0.0704519443183189,0.8462355488269924,46.7846662631656,2.2733493579795043,0.0602757346223301,7.362994939480315,10.642064696727424,2.4240238811799917,0.0926441477585813,0.8163144955127041,0.0,12.766757837695542,0.0757566095346911,0.0775762609707541,0.8406468699440315,48.36964551950983,2.365582976908783,1.0,591.0,839.4,185.0,9.0,65.0,0.0,1105.0,6.6499999999999995,5.939999999999998,62.2,3694.0,178.10125197144427,0.0243638332430969,14.399025446670278,20.45100162425555,4.507309149972929,0.2192744991878722,1.5836491608012997,0.0,26.92203573362209,0.1620194910665944,0.1447211694639956,1.515430427720628,4.339229203419054,1.353383458646617,Sunderland,Chelsea,2026-05-24T15:00:00Z,38,2.304207
471,Solly March,3.0,1,1.840832047565444,1.809043192946828,1.7503560523911208,1.6644300751948404,1.22773277493323,1.230558127920629,1.293397159421104,1.3794963287296922,,496.0,,830.0,830.0,7.0,58.0,,1.0,0.0,829.0,1.8979750167610736,1.6183302800534345,1.5159138462337038,1.5053512875565596,0.950092104134086,0.996701352389878,1.117944961587651,1.2325660053177352,0.0,4.0749448393889995,5.124358272362358,1.2895684414348088,0.0159464487324543,0.5810098924385263,0.0,2.475679502241166,0.0207742652042792,0.0328878113670123,0.3669745923099929,19.17286832420239,1.370672236443867,0.0,6.242079635185737,8.37047506064447,1.8848376881818296,0.0611750424866684,0.6680936511132625,0.0,5.381014267958899,0.0642114085538365,0.0618110064896267,0.5282247794280488,30.212146111626986,1.8454663941833669,0.0,7.939737698513808,10.671139937565355,2.409613833712529,0.101196039017367,0.7335273759087,0.0,7.908934106654311,0.1005195610325046,0.0835898843057397,0.6302852361116866,38.0059089295263,2.2352019707669974,0.0,8.900458782525375,11.976862041126966,2.7190115677432334,0.1248443228590289,0.7674850741587033,0.0,9.42002198708081,0.1214420093474132,0.0961436386084146,0.6814799909861856,42.25400644224935,2.459810075554615,0.0,198.0,267.2,64.0,3.0,16.0,0.0,221.0,3.01,2.3,15.330000000000002,978.0,53.91783340607748,0.0,18.22085889570552,24.588957055214724,5.88957055214724,0.2760736196319018,1.47239263803681,0.0,20.33742331288343,0.2769938650306748,0.2116564417177913,1.4107361963190184,4.961763810375228,0.9966777408637876,Brighton,Manchester Utd,2026-05-24T15:00:00Z,38,1.7855271
472,Soungoutou Magassa,3.0,1,1.4873748164371934,1.4101831854236713,1.3542056928734252,1.3172760593840596,0.7915192984902504,1.0407607451397949,1.3223124000649034,1.5182899044580005,,311.0,,356.0,309.0,971.0,50.0,,1.9,0.0,345.0,1.4231044032687232,1.352040475585104,1.2862680615764632,1.2660248619682006,0.9925857574774896,1.2832345441276034,1.4903395780549042,1.5953416319700449,0.0,4.830842163189546,1.9953669690183788,1.264243324500156,0.0088614791977582,0.5963967935229317,0.0,0.8596228417615245,0.0101621611541084,0.007739388291366,0.585253091960395,27.20792804291783,1.321314534778694,0.0,6.827539770563236,3.1354881424235295,1.618930933802925,0.0253757194706256,0.8833903469186528,0.0,1.5219929247313582,0.0160368623880805,0.0126712100458428,0.7642513113616537,37.48001039530955,1.6674529313791024,0.0,7.776272995894717,3.5737458215325475,1.7926850422948095,0.036045762172832,0.9897952890505995,0.0,1.819946441666404,0.0185362443010022,0.014222202227914,0.8302440775553503,41.60153993043177,1.8201006764150656,0.0,8.142507545556644,3.713224841151199,1.860233296705784,0.0410681877730586,1.0244784574464008,0.0,1.9282264427113909,0.0194247189994571,0.0145466213519043,0.851844251704897,43.09118747767557,1.874050724493982,0.0,185.0,83.4,42.0,1.0,23.0,0.0,44.0,0.44,0.32,19.03,971.0,41.986951749536246,0.0,17.14727085478888,7.730175077239959,3.892893923789907,0.0926879505664263,2.131822863027806,0.0,4.07826982492276,0.0407826982492276,0.0296601441812564,1.7638516992790938,3.891684508195944,2.272727272727273,West Ham,Leeds United,2026-05-24T15:00:00Z,38,1.8348198
473,Stefan Ortega Moreno,1.0,1,1.5322076893718972,1.5176230765891512,1.5246329989409293,1.5307653860088308,0.8043382958227075,1.0216501233696416,1.230935744218627,1.342933417719982,,750.0,,435.0,383.0,270.0,47.0,,3.7,0.2,739.0,0.8553344184401624,0.9456587754724892,1.0148571591897086,1.084606860075981,1.1442187280013103,1.2859993504107703,1.3730943448175634,1.4011374801603342,0.0,11.721985088173948,0.0,3.7692241632454473,0.0,1.197185295645074,2.4237403415851526,0.0,0.0,0.0012848540413281,1.4000925876994512,84.76219201360723,3.599756200515273,0.0,11.355603359904826,0.0,3.3631606935866407,0.0,1.2383639734992575,2.4040193341484133,0.0,0.0,0.0008726471643232,1.350283968646371,82.84536455483091,3.330361092852649,0.0,11.49220620014138,0.0,3.146071159459726,0.0,1.214115125644311,2.4185350560402363,0.0,0.0,0.0006244720297622,1.3016303276011616,81.54176836254115,3.2486754994853744,0.0,11.64497661976208,0.0,3.0474093566572966,0.0,1.1899458545443145,2.428967582564894,0.0,0.0,0.0005067573180898,1.271054086643926,80.8040105312389,3.2235627383385186,0.0,296.0,0.0,74.0,0.0,29.0,61.0,0.0,0.0,0.01,30.94,2001.0,80.20280476861005,0.0,13.313343328335831,0.0,3.3283358320839582,0.0,1.3043478260869563,2.7436281859070464,0.0,0.0,0.0004497751124437,1.3916041979010494,3.6073225533107967,,Nottingham Forest,Bournemouth,2026-05-24T15:00:00Z,38,2.8371305
474,Stefanos Tzimas,4.0,1,1.840832047565444,1.809043192946828,1.7503560523911208,1.6644300751948404,1.22773277493323,1.230558127920629,1.293397159421104,1.3794963287296922,,207.0,,282.0,298.0,132.0,53.0,,1.8,0.1,241.0,1.749175803863353,1.6975619590854112,1.629620819920919,1.5875186677113091,0.925731445756235,1.1752254626669014,1.2999155981453585,1.354055156923501,0.0605565645030902,7.1505356949604995,5.9082663258782935,1.9208855687911337,0.1848039688204657,0.1703153376649412,0.0,5.471131845952143,0.0351172485084102,0.0118274540045098,0.2475618886315103,15.803727540404058,1.3233401678196806,0.0867546155979741,6.64418441510689,6.7008584981876735,1.847942659969246,0.1469197032938308,0.2034984810322851,0.0,5.203183917785327,0.041564756481057,0.0124955207651403,0.2699368901190689,15.054316815046072,1.3210345835780892,0.0994037480883401,6.3761379208778175,7.029676152533086,1.812071140630535,0.1284649740913786,0.2147781814651116,0.0,5.0488286514217595,0.0451762852073714,0.0124635112051279,0.2795247325146098,14.817613366554,1.3207214709037003,0.1053996570991717,6.242776044290267,7.172495636814274,1.7946925464837105,0.1196233937965488,0.2189762764190549,0.0,4.969243352328933,0.0470276759649148,0.012366722524153,0.2838245873759098,14.73196530105528,1.3208114050698765,1.0,55.0,65.7,16.0,1.0,2.0,0.0,44.0,0.44,0.11,2.59,132.0,11.889530855841418,0.6818181818181819,37.5,44.79545454545455,10.90909090909091,0.6818181818181819,1.3636363636363638,0.0,30.0,0.3,0.075,1.7659090909090909,8.106498310800967,2.272727272727273,Brighton,Manchester Utd,2026-05-24T15:00:00Z,38,1.7964495
475,Sven Botman,2.0,0,0.6778779658843567,0.924018470010329,1.1073081949231147,1.2014107865787766,1.1735260962061695,1.2474230176816807,1.319555879612648,1.3684865116798042,,309.0,,185.0,94.0,1744.0,49.0,,3.6,0.5,191.0,1.3275696596803437,1.3822876109761566,1.4569662457029895,1.5517182423639602,1.3846503455189316,1.4919863902684225,1.457703428287506,1.4015191720577116,0.0110472856090468,13.761653207825546,3.506304857501722,3.694444807977173,0.0215124106850121,1.0739517145800843,0.0,7.6384631116524435,0.0685039741859867,0.0645435459465783,1.252942091800032,83.30015451754582,4.9581452382103794,0.0276219641112406,13.523298270074818,3.600404449975467,3.510957328565723,0.0374296138080421,1.0837053752995514,0.0,8.582200835452996,0.0798192126600092,0.0497849317989028,1.199745339126774,77.18203214247865,4.387369995778337,0.0362524099855996,14.07958611214704,3.585611849008008,3.294556777225981,0.0442295138755043,1.1430433695658115,0.0,8.818721138952974,0.0784313267101228,0.03913668384577,1.1865683694366111,73.96182736515259,3.94897589794418,0.0395045046667216,14.943532926829024,3.581462917313067,3.148233160162625,0.0488266723506208,1.2240350442632328,0.0,8.937963070858215,0.0782302118997945,0.0342174562112099,1.217496796575356,73.46035672397247,3.7327464338420655,1.0,897.0,197.7,168.0,3.0,74.0,0.0,505.0,4.569999999999999,1.7099999999999995,71.49,4161.0,197.1437187875205,0.0216294160057678,19.401586157173757,4.276135544340303,3.6337418889689976,0.0648882480173035,1.6005767844268204,0.0,10.92285508291276,0.098846431146359,0.036986301369863,1.5462869502523429,4.26410350657939,0.6564551422319476,Newcastle Utd,Fulham,2026-05-24T15:00:00Z,38,3.34632
476,Sávio Moreira de Oliveira,3.0,1,1.939727876476741,1.639347092096446,1.5294458207117694,1.492088522256452,1.7928720239433336,1.6074334490457554,1.4533604505952842,1.39252795828722,,227.0,,261.0,352.0,727.0,69.0,,1.8,0.4,115.0,2.359633227901898,2.14589609158091,2.0509452912077135,2.0153983924474415,0.7200751135338337,0.8134062180797018,0.897141860619187,0.9629522605076414,0.0209061570550996,8.138227724782766,6.2817053691406395,2.5874520797117206,0.1609500815883851,0.0308263160516157,0.0,11.35766935018668,0.1476106196795983,0.0440586024258124,0.4940875326902881,31.185750314734456,2.2668107311976327,0.0509019296667752,6.677190075469503,6.383893006100306,2.144907993257372,0.0987523606128093,0.0994261398918264,0.0,11.652803085989971,0.1353239802770353,0.0492747884641693,0.411893372207743,29.248006850214665,2.12426097426476,0.0697339196565638,6.23100772135748,6.842257836308097,1.975589164951152,0.0685778834534704,0.1547587747988921,0.0,12.06669225119845,0.1214665097141875,0.0551700266564224,0.3994150649626027,29.906556424406087,2.0723829704032433,0.0787796535023795,6.106294074031089,7.129510372494298,1.914374885301904,0.0552228623981698,0.1857556687376615,0.0,12.356418174300588,0.1129715104221235,0.0584903661834051,0.4025723190996544,30.65503347475421,2.0550368942805415,2.0,139.0,170.7,43.0,1.0,5.0,0.0,292.0,2.39,1.42,9.47,727.0,47.001270017260744,0.2475928473177441,17.20770288858322,21.132049518569463,5.3232462173315,0.123796423658872,0.6189821182943603,0.0,36.148555708390646,0.2958734525447042,0.1757909215955983,1.1723521320495187,5.818589135561853,0.4184100418410041,Manchester City,Aston Villa,2026-05-24T15:00:00Z,38,2.315415
477,Séamus Coleman,2.0,0,1.102564633914661,1.101499110685907,1.1983079937381895,1.3460357492674346,1.514817248864682,1.6447311599706276,1.6535870072693977,1.6169812358281417,,485.0,,521.0,645.0,13.0,42.0,,1.0,0.1,610.0,1.7853839932665585,1.561905201609496,1.3826261767690258,1.2858406600181125,1.8345610229389568,1.547627383252877,1.3723106230104325,1.326665252713866,0.0,2.0004062730450554,0.3955266794836843,1.0,0.0,0.4078301293746056,0.0,1.0031194909936898,0.0240288447948262,0.0045900042637971,0.3016946198685852,13.77675444017408,1.1620418584484713,0.0,2.4114845868555346,0.4406987913443287,1.0,0.0,0.4608124462719746,0.0,1.6899049387239466,0.0435681679533026,0.0044772428080768,0.4129485748014186,19.19008603603132,1.2954045963372691,0.0,2.5587225046448507,0.4647935635814127,1.0,0.0,0.5037656845547618,0.0,2.1042348499674572,0.0556213672428307,0.0044522348549015,0.4761956662942103,22.168052954376204,1.3784455436373384,0.0,2.6175097042226185,0.4768811678539739,1.0,0.0,0.5286769644930246,0.0,2.325854657647198,0.062121240398538,0.0044463433735334,0.5089716864883944,23.690471173966205,1.4233994798390024,0.0,24.0,4.3999999999999995,9.0,0.0,5.0,0.0,23.0,0.62,0.0399999999999999,4.88,227.0,13.232829198201308,0.0,9.515418502202644,1.7444933920704844,3.5682819383259914,0.0,1.9823788546255507,0.0,9.118942731277532,0.2458149779735682,0.0158590308370043,1.9348017621145377,5.24649615787717,0.0,Everton,Tottenham,2026-05-24T15:00:00Z,38,1.6266322
478,Taiwo Awoniyi,4.0,1,1.5322076893718972,1.5176230765891512,1.5246329989409293,1.5307653860088308,0.8043382958227075,1.0216501233696416,1.230935744218627,1.342933417719982,,327.0,,306.0,321.0,452.0,52.0,,2.7,0.4,152.0,2.2174093458585955,1.7777940416108506,1.457231199250763,1.30762240589473,0.845018040005908,0.9974050788647442,1.1708124605074612,1.2828488912433935,0.2370730120546816,15.406520774494034,6.607007226196636,3.805761242772946,0.3719684323568631,0.3815280509364147,0.0,16.850088016238757,0.306986074827313,0.0837894090003817,0.9957376195867452,35.12925588879733,3.1530894178953903,0.1889043591214088,11.893994277749163,4.810913254873319,2.998219484879063,0.2794951728184544,0.3418109985551048,0.0,13.814912955231996,0.239540445145574,0.0528829502398762,0.7237405440707818,28.986441335049335,2.5783438422021105,0.1571672467200781,9.427597599819526,3.934619986956636,2.480735167425854,0.2132001706666297,0.390935270408991,0.0,11.414499827691449,0.1891922471897755,0.0364993725579183,0.5774492886444643,26.82308279063146,2.2220570244425364,0.1409184973855331,8.974167016271485,3.7743844453601865,2.436251176444073,0.2086409757507377,0.4703503107427371,0.0,10.873580127181624,0.1738293564008358,0.0301999533334188,0.5485545641100241,28.73669120974232,2.1548644815744677,2.0,663.0,269.7,186.0,17.0,40.0,0.0,774.0,12.07,1.8399999999999992,40.15,2345.0,152.0339927190084,0.0767590618336886,25.445628997867804,10.35095948827292,7.13859275053305,0.652452025586354,1.535181236673774,0.0,29.705756929637527,0.4632409381663113,0.0706183368869935,1.5409381663113004,5.834993323970472,1.408450704225352,Nottingham Forest,Bournemouth,2026-05-24T15:00:00Z,38,2.6101809
479,Tammy Abraham,4.0,0,2.0877065823215184,2.0313064824181177,1.9983975655290631,1.9899321472113032,0.7760600908270671,0.8320655962724971,0.902284812718804,0.9638814197680602,,362.0,,371.0,391.0,278.0,58.0,,1.9,0.2,235.0,1.3510310087436344,1.342039906837104,1.3871638106484503,1.423467141857972,1.5954531717643226,1.4614999300957046,1.3624256044569671,1.3444252747257628,0.0,8.01883150881559,2.5346141284043906,1.9068729225425944,0.1895458892553689,0.9175754220421246,0.0,10.158147984883206,0.1756439267916071,0.0211936193962307,0.5589628320627388,24.376916555358616,2.144818082095622,0.0,9.36615808702624,4.0302314031723645,2.332633039364317,0.2296827800647275,0.8030547741236852,0.0,14.918062132316818,0.2159308291013259,0.030904972974464,0.5687886675434641,28.037947880155937,2.4512807706265667,0.0,10.348594959037229,5.054203207491532,2.67335065712611,0.2586515738755324,0.7535025725145835,0.0,18.439348473516755,0.2485623530483244,0.0378005350167163,0.6235029045368624,32.65700600291527,2.703445992920807,0.0,10.853933569354616,5.58970466269624,2.8576159219265342,0.2729806432966348,0.732242014816102,0.0,20.305578752763125,0.2663685944676979,0.0414925590162025,0.6653553452894116,35.43651537770064,2.840680106038892,0.0,317.0,170.8,85.0,8.0,20.0,0.0,619.0,7.95,1.2600000000000002,20.02,1072.0,83.2668372856427,0.0,26.61380597014925,14.339552238805972,7.1361940298507465,0.6716417910447761,1.67910447761194,0.0,51.968283582089555,0.6674440298507462,0.1057835820895522,1.6807835820895525,6.990685966145376,1.0062893081761006,Aston Villa,Manchester City,2026-05-24T15:00:00Z,38,1.8529117
480,Tanaka Ao,3.0,0,0.9286294544735864,1.0856375066906117,1.1528129081947445,1.198210556571093,1.6522039078284754,1.568477982680725,1.610655951538412,1.6495020971055678,,140.0,,258.0,297.0,1230.0,48.0,,2.3,0.2,275.0,1.609218520546492,1.4557591011541449,1.3728565942724111,1.3255979439912915,0.9893991231128136,1.1564008437632494,1.3919395085176185,1.558113373678318,0.1283102351122961,13.463585023504011,15.909336035846728,2.878350628714997,0.0126970735921777,0.6854363407472897,0.0,2.8611096588853626,0.0552317655191964,0.0654941795540161,0.93601983620909,62.53224298088112,2.721452599411568,0.0860009315517507,11.937696263095829,14.52399090699834,2.642214325227004,0.0415345375320127,0.7070804291649277,0.0,3.4531120460602125,0.0590054106623421,0.0641656663103952,0.7802716423923075,53.26197397328587,2.514274703767386,0.0601942829804373,11.023034243319406,12.891912639879868,2.5202227158589032,0.0602555043220528,0.7349969859907086,0.0,3.7251522985758783,0.0574064543326076,0.0587902027098948,0.7376989301020538,48.79567184983482,2.379372287897686,0.0479925674643781,10.574453794546336,12.002766772662818,2.462801200457119,0.068202624668444,0.7548507260123896,0.0,3.8120333634632,0.0556331613032851,0.0551365391787798,0.7273260519244162,46.98527713488985,2.3127559556435653,1.0,274.0,301.3,65.0,2.0,21.0,0.0,104.0,1.44,1.38,19.52,1230.0,60.74913558922824,0.073170731707317,20.04878048780488,22.046341463414635,4.75609756097561,0.1463414634146341,1.5365853658536586,0.0,7.609756097560975,0.1053658536585365,0.1009756097560975,1.4282926829268294,4.445058701650847,1.3888888888888888,Leeds United,West Ham,2026-05-24T15:00:00Z,38,2.5746658
481,Tawanda Chirewa,3.0,0,0.7880939941043962,0.88089881267518,0.9708858168980458,1.0216470235091468,1.9916444456516489,2.0329944594527656,2.001641049126402,1.9158268090481736,,448.0,,463.0,451.0,25.0,43.0,,1.0,0.2,570.0,0.649024545320172,0.6747592124958812,0.8080640926199284,0.9301562424905964,1.904045848531697,1.9353651913803904,1.8524964058112152,1.7764244956668416,0.0,2.6704159859603864,1.378411971757874,1.2742212416151386,0.0,0.1293648802478912,0.0,1.623154808467866,0.0117258030785418,0.0072589703235578,0.2226561729778048,16.47883452301347,1.152963083213969,0.0,2.593997087950535,1.9113350986893989,1.2511513821607798,0.0,0.1668250027170642,0.0,1.9124127323395248,0.0140175579039664,0.0073764903632817,0.2120034979007916,16.788541436397182,1.1499839471898177,0.0,2.5477336957481658,2.2032724795057668,1.228144468423166,0.0,0.1841593241206741,0.0,2.019508988538496,0.0150532495158945,0.0072367369429243,0.2040494935069128,16.631887460605405,1.1421469152411503,0.0,2.5238663845225138,2.351628095824563,1.2145808325711536,0.0,0.1922851497898908,0.0,2.063036037108216,0.0155382068401034,0.0071285792044559,0.1996292017642153,16.485653692433424,1.1370122820913389,0.0,25.0,25.0,12.0,0.0,2.0,0.0,21.0,0.16,0.07,1.9499999999999995,163.0,11.312437949440646,0.0,13.803680981595091,13.803680981595091,6.625766871165645,0.0,1.1042944785276074,0.0,11.595092024539875,0.0883435582822085,0.0386503067484662,1.076687116564417,6.246131383126737,0.0,Wolves,Burnley,2026-05-24T15:00:00Z,38,1.6813388
482,Thierno Barry,4.0,0,1.102564633914661,1.101499110685907,1.1983079937381895,1.3460357492674346,1.514817248864682,1.6447311599706276,1.6535870072693977,1.6169812358281417,,194.0,,136.0,213.0,1815.0,57.0,,2.5,0.8,53.0,1.7853839932665585,1.561905201609496,1.3826261767690258,1.2858406600181125,1.8345610229389568,1.547627383252877,1.3723106230104325,1.326665252713866,0.0,10.798244320176252,6.12618942173116,2.7593931124331657,0.3083387812193926,1.3861717163635254,0.0,11.94289590671094,0.2942946869263689,0.0116388299323991,0.7525134669665634,31.81895474064681,2.8280447680872287,0.0,10.313054162412657,5.822209836628946,2.827330699131093,0.2916557932311859,1.1930942085843472,0.0,13.498735285796844,0.2781572754569907,0.0127922224209446,0.860488558790295,40.80346792407621,2.8653911779970405,0.0,9.539679792059514,5.7983866368634445,2.7624357535815145,0.2661470380267138,1.0581976675485982,0.0,14.002498864253356,0.2546593994961855,0.0129537714293352,0.8951099556305204,46.29983271194547,2.798632010677641,0.0,8.854286630611266,5.726628421545199,2.6623518039684884,0.2442112515740464,0.9780657660382432,0.0,13.864125130634047,0.2383682872795781,0.012595117183775,0.892767584596407,48.21078955450579,2.717356002182359,0.0,295.0,206.3,93.0,8.0,33.0,0.0,495.0,8.14,0.44,32.34,1815.0,96.30762351665103,0.0,14.62809917355372,10.229752066115704,4.6115702479338845,0.396694214876033,1.6363636363636362,0.0,24.545454545454543,0.4036363636363636,0.0218181818181818,1.6036363636363635,4.775584637189308,0.9828009828009828,Everton,Tottenham,2026-05-24T15:00:00Z,38,2.8778179
483,Tijjani Reijnders,3.0,1,1.939727876476741,1.639347092096446,1.5294458207117694,1.492088522256452,1.7928720239433336,1.6074334490457554,1.4533604505952842,1.39252795828722,4.0,110.0,3.0,112.0,205.0,1547.0,50.0,,3.2,9.0,69.0,1.9994269185967144,1.9455507303355284,1.94841478573411,1.9640819420193476,1.1251173648966153,1.0042052075165422,0.994063995453614,1.0131403686337226,0.0020852442469247,6.087852252191111,8.902501034922109,1.8697926729477632,0.0818074919745873,0.2054160604657161,0.0,8.87735697435362,0.0904844916619815,0.0850355407305075,0.2976536564322349,38.98384071422832,2.146663048524371,0.0173156939609151,8.67685723158619,10.250371563372632,2.547045840996387,0.1471927167297878,0.3685333685401254,0.0,11.999186492371075,0.1203781971069128,0.0856541122384854,0.4362398246475724,45.351558369106776,2.6319149425911266,0.0391548730161927,10.394805511843058,11.344233000313311,2.9024974930054768,0.1722225157604688,0.4794819495443748,0.0,13.611562858056454,0.1375640649017721,0.0856597477968126,0.5343793555770457,50.77980262597753,2.9188066347969017,0.0550632758903382,11.282810190533796,11.991832248116893,3.0681227253155288,0.1801926786764085,0.5370505135215365,0.0,14.293530490289758,0.1449106489088523,0.0854874509645463,0.5887692220987986,53.95600443793605,3.056461667546027,2.0,328.0,342.4,87.0,5.0,16.0,0.0,401.0,4.07,2.3,17.4,1547.0,85.93699702398823,0.1163542340012928,19.082094376212023,19.919844861021332,5.061409179056238,0.290885585003232,0.9308338720103426,0.0,23.329023917259217,0.2367808661926309,0.1338073691014867,1.0122818358112475,4.999566730548766,1.2285012285012284,Manchester City,Aston Villa,2026-05-24T15:00:00Z,38,2.704977
484,Tim Iroegbunam,3.0,0,1.102564633914661,1.101499110685907,1.1983079937381895,1.3460357492674346,1.514817248864682,1.6447311599706276,1.6535870072693977,1.6169812358281417,,273.0,,323.0,282.0,1394.0,48.0,,2.3,0.0,305.0,1.7853839932665585,1.561905201609496,1.3826261767690258,1.2858406600181125,1.8345610229389568,1.547627383252877,1.3723106230104325,1.326665252713866,0.0207063557308481,6.766432337784814,6.152409832582262,1.669084387653337,0.0,1.0718250335407489,0.0,3.5541210628756517,0.0219049477278543,0.0209617495476267,1.0021765246365053,57.73647970708843,1.785449636592762,0.0552955423059898,7.199303414924323,5.24194622805867,1.9455756540214233,0.0,0.8465698965120981,0.0,3.450486634445288,0.0204537113894946,0.0228419994505986,0.9006773195408839,51.57228798489082,1.9452086771114592,0.0809949116890352,7.010987525905197,4.318829816226665,1.977264065106036,0.0,0.7339255832036988,0.0,2.8852833625113123,0.0179744360705724,0.0213282068859279,0.8236790358542796,46.390392523844895,1.8997678444580697,0.0944349562907919,6.629922188161148,3.672510192914181,1.8967198080576504,0.0,0.7047355852022514,0.0,2.4691023954077695,0.0164838003789841,0.0185745571956856,0.7779548539083164,42.70042572349956,1.7928425384550224,3.0,347.0,170.5,100.0,0.0,40.0,0.0,117.0,0.87,0.84,41.79,2203.0,93.74910673884165,0.1225601452564684,14.176123467998185,6.965501588742624,4.085338175215615,0.0,1.6341352700862462,0.0,4.77984566500227,0.0355424421243758,0.0343168406718111,1.7072628234226055,3.829968046525531,0.0,Everton,Tottenham,2026-05-24T15:00:00Z,38,2.0222685
485,Timothy Castagne,2.0,1,1.6620557277442751,1.5440588498851775,1.534118610447418,1.5880412252299128,1.3077202764151454,1.442787751239562,1.4348180560487755,1.3914490500458117,,153.0,,189.0,200.0,1748.0,43.0,,1.8,0.2,193.0,0.5973474573554457,0.9155760777681654,1.1129563610472974,1.2066197953055773,1.2169076202577118,1.27491446415943,1.336375701205069,1.378016534811399,0.2031967354798953,16.410256978940417,16.287686568245856,2.994032156753734,5.989760873527954e-07,1.10105555652841,0.0,10.320686788209947,0.0458542731279269,0.1024248983140182,1.3985895220418751,80.15884163967196,3.705279037961659,0.119119184048525,13.017649628991874,12.945570573140056,2.433097881892402,0.0002564158490219,1.0662946194351082,0.0,8.389524952297203,0.0449403731659165,0.0737617418545625,1.2709823522366883,71.97097699586521,3.143986194943855,0.0889689215483073,11.043699475671076,10.439475279128366,2.1566730328888717,0.0035780762061754,1.0975187430298374,0.0,6.989669594244094,0.0415070362375423,0.0543221558799848,1.1713301463743564,67.71885977720717,2.8076686653287064,0.0777775010153479,11.273934956310503,9.487437028415645,2.191933831868721,0.0122332573278356,1.1797563260246564,0.0,6.422990826712077,0.0376820111042261,0.0462687824026333,1.155951940974779,68.26149008230807,2.7429456414657127,2.0,1722.0,1254.7,299.0,4.0,169.0,0.0,767.0,4.17,5.489999999999998,152.76,8938.0,344.2222926928985,0.0201387334974267,17.339449541284406,12.634034459610652,3.010740657865294,0.0402774669948534,1.7017229805325578,0.0,7.7232042962631455,0.0419892593421347,0.0552808234504363,1.5381964645334525,3.46610050820775,0.9592326139088728,Fulham,Newcastle Utd,2026-05-24T15:00:00Z,38,2.6117296
486,Tino Livramento,2.0,0,0.6778779658843567,0.924018470010329,1.1073081949231147,1.2014107865787766,1.1735260962061695,1.2474230176816807,1.319555879612648,1.3684865116798042,,183.0,,292.0,269.0,1326.0,49.0,,3.5,1.9,348.0,1.3309806144539629,1.4317750510263867,1.4998017404752435,1.5829847128417935,1.6890877576145786,1.638753833676441,1.509308743757378,1.4187331106603722,0.0071989810598595,10.162448077169568,10.070447406150056,2.2568971528782584,7.486682660220694e-07,0.9921034762949208,0.0,2.1650230075905865,0.0050561646576908,0.0566446467618648,1.4920790036006633,70.14330822948746,2.709037752176232,0.0247100537757284,13.376340231622438,12.396031453436066,2.79830451610302,0.0002815187881697,0.9782225924537392,0.0,3.0368281531705117,0.0077242128815123,0.0682712417891586,1.2296164642931051,74.49744204393141,3.2586539881680374,0.0398098832285419,14.670039888602602,12.82188014297708,2.976280002136305,0.0033433357260052,1.0363456291243025,0.0,3.677859366536466,0.0095053845987011,0.0727331592493274,1.1083264017051622,75.4107152928072,3.4260468880035413,0.0488931479302465,14.400104346624722,12.0305584241513,2.889263697672626,0.0093820183783246,1.0731254092885454,0.0,4.019278727602945,0.012024348304883,0.0678814043235356,1.0802185441720074,73.2330265435959,3.2877078170155603,1.0,1363.0,1063.1,272.0,2.0,109.0,0.0,460.0,1.7399999999999998,5.969999999999999,109.21,6943.0,301.1739920279885,0.012962696240818,17.66815497623506,13.78064237361371,3.5258533775025205,0.0259253924816361,1.412933890249172,0.0,5.962840270776321,0.0225550914590234,0.0773872965576839,1.4156560564597436,3.904026974293384,1.149425287356322,Newcastle Utd,Fulham,2026-05-24T15:00:00Z,38,2.9701092
487,Tolu Arokodare,4.0,0,0.7880939941043962,0.88089881267518,0.9708858168980458,1.0216470235091468,1.9916444456516489,2.0329944594527656,2.001641049126402,1.9158268090481736,,219.0,2.0,147.0,273.0,1378.0,51.0,5.0,2.0,0.1,42.0,0.5892227469066972,0.7076212761886956,0.7867373521018872,0.8837968096905914,1.9445521292894057,1.788732804211168,1.7328812565570086,1.710429327457707,0.0560761077716934,7.128771988200044,3.8551499812068775,1.8051806526297671,0.085089126744833,0.5367227136376215,0.0,18.938093867546893,0.192716443254639,0.008922149026318,0.5347626519272338,34.128561506452634,2.130704759691427,0.0705769529437861,7.581410345098013,4.998193165475348,2.0897147560862166,0.1062355168205275,0.6936137896696479,0.0,19.790297275204345,0.2075904962082088,0.0113977744610541,0.697719632408704,41.22287405067535,2.3317941708654484,0.0702171857379593,7.413985461647832,5.458282531493229,2.148376551740799,0.1054874849012686,0.7849542630198656,0.0,19.05928018225569,0.194820825363366,0.0123006204528029,0.7292003152616106,43.346784190421054,2.3245408517233055,0.0672285778030279,7.184952759320725,5.564665300449906,2.135408859414567,0.100893109390262,0.8308104692779965,0.0,18.275895501809668,0.1818361171813755,0.0123923001453631,0.7224631285784331,43.50937406633525,2.276584602198173,2.0,220.0,178.1,67.0,3.0,28.0,0.0,553.0,5.3,0.39,22.47,1378.0,70.5061369432691,0.1306240928882438,14.368650217706822,11.632075471698114,4.375907111756168,0.1959361393323657,1.8287373004354135,0.0,36.11756168359942,0.3461538461538461,0.0254716981132075,1.4675616835994192,4.604900090634411,0.5660377358490566,Wolves,Burnley,2026-05-24T15:00:00Z,38,2.9484758
488,Tom Cairney,3.0,1,1.6620557277442751,1.5440588498851775,1.534118610447418,1.5880412252299128,1.3077202764151454,1.442787751239562,1.4348180560487755,1.3914490500458117,,222.0,2.0,351.0,373.0,726.0,48.0,,1.5,0.0,338.0,0.7466843216943071,1.017306753358098,1.1715370117059984,1.2378330494962144,1.2711345253221396,1.305460515817482,1.3540808944471718,1.387795196022857,0.0,8.87727910523796,12.593442332919675,1.6724817037932178,0.0147299482012569,0.3280691207187847,0.0,1.803150340062402,0.0284208368971897,0.0601947719713375,0.5112691207672488,42.876634986008526,1.954979338949803,0.0,7.8873865769651,9.744816924866493,1.6162415173752285,0.0381174136046707,0.3753582235196209,0.0,2.3325331089900225,0.0373676221065452,0.0447364273096342,0.5188621329622461,36.19081133144997,1.7507296763397409,0.0,7.6393621930587425,8.807333099727733,1.57200226828622,0.050722993478513,0.451367828867346,0.0,3.0004247514947116,0.0400119891056595,0.0404223682818724,0.5195661096895604,32.89082069546757,1.6150589598756342,0.0,7.841615285398562,9.062740767350784,1.589302916357186,0.0513891732342521,0.5206662081625734,0.0,3.5131086467805575,0.0383982672749673,0.0449650267202204,0.5563112188586542,32.804876191958286,1.5702177285697043,0.0,745.0,885.8,154.0,4.0,54.0,0.0,375.0,3.3199999999999994,5.169999999999999,59.73,3198.0,142.81249465436807,0.0,20.96622889305816,24.928705440900565,4.333958724202627,0.1125703564727955,1.5196998123827392,0.0,10.553470919324578,0.0934333958724202,0.1454971857410881,1.6809568480300188,4.019113358002854,1.204819277108434,Fulham,Newcastle Utd,2026-05-24T15:00:00Z,38,1.8948607
489,Tom Edozie,3.0,0,0.7880939941043962,0.88089881267518,0.9708858168980458,1.0216470235091468,1.9916444456516489,2.0329944594527656,2.001641049126402,1.9158268090481736,,488.0,,452.0,438.0,12.0,43.0,,2.7,0.4,384.0,0.6706605420417141,0.7624954027051813,0.8190998903460435,0.9041297824039396,1.8508627020146955,1.72683062247944,1.701253146155747,1.6946774596302996,0.0,7.655737704918033,0.1245901639344262,2.3114754098360653,0.2622950819672131,0.0,0.0,6.426229508196721,0.0642622950819672,0.0,0.0524590163934426,3.6229508196721314,1.3604327135079886,0.0,8.346863468634687,0.129520295202952,2.494464944649447,0.2988929889298893,0.0,0.0,7.073800738007381,0.0707380073800738,0.0,0.0597785977859778,3.822878228782288,1.3982537341493553,0.0,8.6783523225241,0.1315512708150744,2.5819456617002627,0.3163891323400525,0.0,0.0,7.376862401402278,0.0737686240140227,0.0,0.0632778264680105,3.914110429447853,1.416008702118846,0.0,8.84041871395001,0.132471694082461,2.6246528519547105,0.3249305703909421,0.0,0.0,7.52339243751335,0.0752339243751335,0.0,0.0649861140781884,3.957701345866268,1.4246054263303711,0.0,27.0,0.4,8.0,1.0,0.0,0.0,23.0,0.23,0.0,0.2,12.0,4.299056228681014,0.0,202.5,3.0,60.0,7.5,0.0,0.0,172.5,1.725,0.0,1.5,32.242921715107606,4.3478260869565215,Wolves,Burnley,2026-05-24T15:00:00Z,38,2.1673083
490,Tom Watson,3.0,1,1.840832047565444,1.809043192946828,1.7503560523911208,1.6644300751948404,1.22773277493323,1.230558127920629,1.293397159421104,1.3794963287296922,,430.0,,450.0,441.0,57.0,48.0,,0.8,0.0,389.0,1.4376511535423642,1.491419922537769,1.5271006758867094,1.538424440117715,1.2092311552930586,1.3069520956270488,1.3601888589334985,1.3836905557641186,0.0,1.672131147540984,0.2785323965651834,0.7289444010755487,0.0,0.1776389973111285,0.0,0.6217364905889495,0.0035527799462225,0.0043577066527886,0.2921051262034868,7.376095064619656,0.7599026206858762,0.0,2.1048854039726055,0.3401571627052303,0.7865797050104683,0.0,0.2520450999767371,0.0,0.88215784991858,0.0050409019995347,0.004717634278714,0.2854433059657374,8.378046307935607,0.826078945031521,0.0,2.307423523451735,0.3704237713560934,0.8112553061589339,0.0,0.292094092296981,0.0,1.0223293230394337,0.0058418818459396,0.0048673121853161,0.2851931574858003,8.92852344613129,0.8552189683782209,0.0,2.4049768182756703,0.3853106535241795,0.8226091065253952,0.0,0.3125967045632918,0.0,1.094088465971521,0.0062519340912658,0.0049356278850023,0.2857304659291867,9.212169864481966,0.8688332229358807,0.0,15.0,2.4,5.0,0.0,2.0,0.0,7.0,0.04,0.03,1.72,57.0,5.290976766185202,0.0,23.684210526315788,3.789473684210526,7.894736842105263,0.0,3.1578947368421053,0.0,11.052631578947368,0.0631578947368421,0.0473684210526315,2.7157894736842105,8.354173841345055,0.0,Brighton,Manchester Utd,2026-05-24T15:00:00Z,38,1.5499552
491,Tomáš Souček,3.0,1,1.4873748164371934,1.4101831854236713,1.3542056928734252,1.3172760593840596,0.7915192984902504,1.0407607451397949,1.3223124000649034,1.5182899044580005,,210.0,,114.0,120.0,2100.0,57.0,,2.9,0.4,72.0,0.9107868180919828,1.0951527852122245,1.16085576712912,1.203309571343217,1.3152548847855938,1.4094199807491106,1.5375319051139422,1.6147602101157532,0.0062371250421417,14.827994977270022,7.860879570952135,3.1714246213851807,0.1476503206436318,1.4166507428235815,0.0,10.191349666139264,0.0959762336530665,0.0179689566821218,1.2714748354937209,82.09934907291817,3.076122562312174,0.0257062474993074,14.418883717364242,7.175759271711536,3.306444309354033,0.1629136512704336,1.2850754008494796,0.0,11.36302893377299,0.1245310169301603,0.0182520293497896,1.2006361982639926,77.1661312876994,3.2013389179368237,0.0426361944183528,13.336686627522766,6.4180537355361,3.2367881340248603,0.172412135549349,1.253402063048645,0.0,12.554387979856909,0.1426086089837706,0.019049390255976,1.167884080719506,70.91406873466293,3.089337241085343,0.0513129730434038,12.715473413001297,6.207747213665217,3.2095197925623475,0.1840925156689096,1.306087203349976,0.0,13.582440415114316,0.1549831031710705,0.0219988290390454,1.2148922251670105,69.22857603709475,3.01584105368249,2.0,1309.0,683.3,342.0,21.0,151.0,0.0,1539.0,18.19,2.919999999999999,143.55,7530.0,318.1289952513958,0.0239043824701195,15.645418326693228,8.166932270916334,4.087649402390438,0.250996015936255,1.804780876494024,0.0,18.394422310756973,0.217410358565737,0.0349003984063744,1.7157370517928288,3.802338588662101,1.1544804837822982,West Ham,Leeds United,2026-05-24T15:00:00Z,38,3.0844975
492,Tosin Adarabioyo,2.0,0,1.2993027530090575,1.1556816927460971,1.0987727083015113,1.0838528074355682,1.4810645035741192,1.4785520139318924,1.401222411431172,1.340576268058851,,387.0,,361.0,263.0,788.0,40.0,,2.1,0.3,396.0,0.7214746301120257,1.1661065509336637,1.4273113043316032,1.5857547998058985,1.9783237832718672,1.6750325382374844,1.452080490667214,1.360246695243046,0.0,5.7604143485843,1.5189297879358803,1.405976645049984,0.0005060073849211,0.8008946516330584,0.0,0.5468710924502123,0.0038308854788429,0.0154924271429511,0.7037320386269758,34.68929161483768,1.5390852323054198,0.0,8.383700977083981,1.912538263361873,2.0847518715378173,0.0074869066311218,0.7895510588669757,0.0,1.4212393031713753,0.0106250996818101,0.0198562347452105,0.7748461712513106,45.17050644703941,2.1047455791502836,0.0,11.262429014327514,2.116386419658658,2.5381320859473764,0.0222155418653736,0.861769892398424,0.0,2.911903770033162,0.0204291026222257,0.0191583872531735,0.8868702463616316,55.55713848102289,2.4822553902774147,0.0,13.90369406433588,2.291260304363147,2.7394419182625964,0.0325441784150683,0.9999235693171756,0.0,4.401445285825114,0.0274166122225906,0.0180735273942127,1.0094940305334053,63.235382435144686,2.6764769849995105,0.0,1349.0,195.5,223.0,3.0,95.0,0.0,488.0,2.6599999999999993,1.329999999999999,91.62,5590.0,218.9235958262038,0.0,21.719141323792485,3.1475849731663685,3.590339892665474,0.0483005366726296,1.5295169946332736,0.0,7.856887298747763,0.0428264758497316,0.0214132379248658,1.4750983899821108,3.5247090562358396,1.1278195488721807,Chelsea,Sunderland,2026-05-24T15:00:00Z,38,1.9420781
493,Toti Gomes,2.0,0,0.7880939941043962,0.88089881267518,0.9708858168980458,1.0216470235091468,1.9916444456516489,2.0329944594527656,2.001641049126402,1.9158268090481736,,299.0,,289.0,201.0,1399.0,42.0,,2.2,0.1,313.0,0.7365284336333714,0.7862458624358661,0.8281449837763929,0.906534612479342,1.6806901616117569,1.6541475602278146,1.666190147921868,1.6772520141737992,0.0,10.044093478758716,3.88667998832377,3.203127315064427,0.0,1.7608111541545637,0.0,6.72281429864512,0.0658305651983424,0.0173334116845517,1.3989231379942766,86.05866747636568,3.9041375699442185,0.0,9.329496477611118,4.408203450069557,2.8214699977104436,0.0,1.7494987694625388,0.0,5.105134668535947,0.0477185378574541,0.0166016360994118,1.4009523077110813,82.23647135573505,3.465572845589583,0.0,8.56520760248608,4.7681199852148906,2.538373550152812,0.0,1.7801925908334193,0.0,4.438236667284861,0.0381467763567034,0.01638609643284,1.395296345950501,79.9439626949465,3.122463099763372,0.0,8.105231629306699,4.957053543170196,2.382488904740914,0.0,1.804279496595434,0.0,4.168212958177549,0.0336364691591602,0.0162643366098348,1.392128730431192,78.80688128945444,2.9329685434382844,0.0,137.0,92.6,40.0,0.0,33.0,0.0,71.0,0.53,0.29,25.01,1399.0,49.2958969244311,0.0,8.813438170121515,5.95711222301644,2.573266619013581,0.0,2.1229449606862043,0.0,4.567548248749106,0.0340957827019299,0.0186561829878484,1.6089349535382418,3.17128715024932,0.0,Wolves,Burnley,2026-05-24T15:00:00Z,38,3.0635722
494,Trai Hume,2.0,1,1.0573950106173575,1.221091675632897,1.4163659335031855,1.5678551940989556,1.7569017770351965,1.6540987203742674,1.4778527368431342,1.381497105747743,2.0,106.0,4.0,120.0,129.0,2942.0,45.0,,2.8,0.3,151.0,0.8739904195180044,0.946034418834362,0.9799623012717682,1.0016999219902454,1.6013696707264908,1.5329499585552229,1.426295372575658,1.3551781333246342,0.0003095653775882,8.853852886902027,10.399395006636002,2.447075920539147,0.0819412731707634,1.2196037825497512,0.0,5.585529561851938,0.0471177501945765,0.0675255266289631,0.9290821830322396,72.23642731425147,2.9197969262316983,0.0048076055908917,8.4464162126123,9.49209478100155,2.469491934726228,0.066967809818619,1.2325376936575936,0.0,6.343682349053003,0.0592202128302786,0.0638410612758438,1.11277025429637,74.62260873686022,3.142385825582975,0.0132886102099539,8.73423360951951,9.334068601512689,2.5579260431271234,0.0479059470779653,1.1913755708713027,0.0,6.493919944203031,0.0607873507410499,0.0571947269975469,1.2031132006379044,76.81249420777964,3.3362430836126564,0.0197285865589141,9.151947576359936,9.42592949891723,2.643164594477377,0.0371518615116015,1.1539986103506898,0.0,6.3953534436078945,0.0593442236078021,0.0535287931474648,1.2351747041843484,78.12736996017712,3.458295776584846,1.0,361.0,356.5,102.0,1.0,41.0,0.0,228.0,2.09,1.86,46.38,2942.0,132.9414976812688,0.0305914343983684,11.043507817811014,10.905846363018355,3.120326308633583,0.0305914343983684,1.2542488103331066,0.0,6.974847042828008,0.06393609789259,0.0569000679809653,1.418830727396329,4.066871105137387,0.4784688995215311,Sunderland,Chelsea,2026-05-24T15:00:00Z,38,2.5469317
495,Trevoh Chalobah,2.0,0,1.2993027530090575,1.1556816927460971,1.0987727083015113,1.0838528074355682,1.4810645035741192,1.4785520139318924,1.401222411431172,1.340576268058851,,284.0,,145.0,46.0,2755.0,54.0,,4.1,8.9,225.0,0.8217437632716966,1.134546306254829,1.3856480673125384,1.5567381638705695,1.9461272212939953,1.726776355974721,1.5030031132035966,1.391311211572286,0.0002477450349281,7.263037996192529,2.6325920107363,1.8098167996477164,0.0024426344574808,1.3913020316827602,0.0,1.871715579415188,0.0361647538993785,0.0197907551199149,1.14115880751736,66.87583592343114,2.305107573349695,0.0043742953521028,10.434244054153371,2.6447562110134792,2.663045724556237,0.0220428733746889,1.3335244696450996,0.0,2.5415455844966335,0.0342688069642787,0.0233762747355287,1.2057522318446268,75.98008124223034,3.0480633491969886,0.0131523026671658,13.159998354757242,3.109540241921845,3.394555180974091,0.0568378897907749,1.232463781819248,0.0,4.005955723490389,0.0408109379009236,0.0252670427877727,1.2017067128163157,79.72190701113135,3.5683986060783868,0.0206539682003248,14.659546375947224,3.5734481942374265,3.7677788154753182,0.0848623710641595,1.158612586843551,0.0,5.142675316042136,0.0471741675324037,0.0261553469597265,1.1735372902231471,80.2942331014469,3.7653311494199015,1.0,1098.0,282.5,279.0,8.0,75.0,0.0,427.0,3.62,1.7999999999999998,78.25,5493.0,263.92169101275346,0.0163844893500819,17.99016930638995,4.628618241398143,4.571272528672856,0.1310759148006553,1.228836701256144,0.0,6.996176952484981,0.0593118514472965,0.0294920808301474,1.2820862916439104,4.324222135654071,2.2099447513812156,Chelsea,Sunderland,2026-05-24T15:00:00Z,38,3.0088437
496,Trey Nyoni,3.0,1,1.3398971820673846,1.3739348418074238,1.4343213778237405,1.471195734191458,1.5252828948975592,1.3982776425588164,1.364558433783409,1.3824857175755458,,418.0,,472.0,492.0,14.0,43.0,,1.0,0.3,436.0,1.5937592501387623,1.6322735396395145,1.718197135682129,1.8676861935612843,1.3997525935472246,1.3325427764585909,1.297436413252174,1.2427125351547508,0.0,1.926225606853879,2.1458829128986197,1.0,0.0,0.2379819133745835,0.0,0.7615421227986673,0.0704426463588767,0.0023798191337458,0.0975725844835792,2.999048072346502,1.35945481978039,0.0,1.8507972943273667,2.363483187223755,1.0,0.0,0.2197748528729456,0.0,0.7911894703426046,0.0731850260066909,0.0021977485287294,0.0901076896779077,2.9120412199946277,1.3726182913871925,0.0,1.822600051664523,2.4569022559714657,1.0,0.0,0.2099734632221809,0.0,0.7978991602442875,0.0738056723225966,0.0020997346322218,0.0860891199210941,2.858265149516302,1.375426562524252,0.0,1.810637509597931,2.499731064921314,1.0,0.0,0.2049967800886364,0.0,0.7994874423456821,0.0739525884169755,0.0020499678008863,0.0840486798363409,2.82959626229108,1.3760114266036747,0.0,9.0,12.7,5.0,0.0,1.0,0.0,4.0,0.37,0.01,0.41,14.0,6.880490963023374,0.0,57.85714285714286,81.64285714285714,32.142857142857146,0.0,6.428571428571428,0.0,25.71428571428571,2.378571428571429,0.0642857142857142,2.6357142857142857,44.23172761943598,0.0,Liverpool,Brentford,2026-05-24T15:00:00Z,38,1.6162474
497,Tyler Adams,3.0,0,2.1739274766868766,1.800014640187395,1.4843813892721411,1.3253187290721609,1.2760144320047273,1.197664595650709,1.2623114361549288,1.3267371701590465,,241.0,4.0,247.0,190.0,1679.0,49.0,,3.0,0.3,266.0,1.665259611714872,1.5751367596388566,1.5522578466798904,1.5446869163772212,0.7554228697783842,1.0240556929622369,1.2430957966446117,1.3519282732907731,0.1099561275490903,10.435650742504397,9.29265314586122,2.6570378158824344,0.0259760836912923,0.6367488839841537,0.0,1.6396556528602642,0.0076333484151686,0.0325471889249616,0.914504769091812,57.827683169075115,2.3495510731444464,0.1015928103318173,11.806385219643252,8.099744945567448,2.808001705745173,0.0544234764568382,0.8694999984850051,0.0,2.835824604315696,0.0174717212156597,0.0296933022404516,0.9718615656177236,62.225682863127275,2.4670688688008813,0.0932659432946187,12.522091216851964,7.77212934375953,2.765060590776761,0.0561679097600081,1.0156080898681676,0.0,3.5444547180841086,0.0258517304664081,0.028125440869292,1.0242712775282714,66.99101984317362,2.5006708703969527,0.0884402216776425,12.563302033190173,7.772591920378103,2.656378312015876,0.0485163182201985,1.0668274243149745,0.0,3.7394111984823786,0.0306984973251664,0.0270683289803606,1.0369842672121432,68.51458611528021,2.46013493895976,2.0,675.0,429.4,137.0,2.0,60.0,0.0,207.0,1.94,1.3999999999999988,56.52,3756.0,130.24338246496893,0.047923322683706,16.1741214057508,10.289137380191692,3.2827476038338657,0.047923322683706,1.437699680511182,0.0,4.960063897763578,0.0464856230031948,0.0335463258785942,1.3543130990415335,3.1208478226430256,1.0309278350515465,Bournemouth,Nottingham Forest,2026-05-24T15:00:00Z,38,2.241716
498,Tyler Dibling,3.0,0,1.102564633914661,1.101499110685907,1.1983079937381895,1.3460357492674346,1.514817248864682,1.6447311599706276,1.6535870072693977,1.6169812358281417,,326.0,,399.0,414.0,349.0,53.0,,1.3,0.0,357.0,1.3747806147727817,1.240463406248396,1.1829287279984548,1.1783239985077647,1.3414825376209991,1.2366079712289817,1.204156094708368,1.2505686018772648,0.0,3.354335349467576,4.572587750908882,1.4097531121736318,0.0003265082298884,0.1708501619714182,0.0,2.46906299260611,0.0174451968309093,0.0136853207744915,0.5807198187146545,26.586708596715074,1.5270819707047798,0.0,4.045307288368674,5.325311095454885,1.5033389371362111,0.0059494406817341,0.4120013616311504,0.0,3.0520772989123515,0.025189604913982,0.0156706307530577,0.7266704250098672,32.266741898555146,1.588771271816105,0.0,4.948813287020094,6.488644114122864,1.635502069404843,0.0187814238406277,0.7225989525016009,0.0,4.220808945679219,0.0385267082523994,0.0217334126108912,0.9269613059240412,38.557840794853895,1.685904029041584,0.0,5.596933871475346,7.464075050789216,1.730575028601952,0.0296502992904197,0.9192504445004868,0.0,5.189245305662699,0.0486093244517988,0.0273168506764804,1.0592061025318966,42.80307832955423,1.7645853331282852,0.0,296.0,405.5,86.0,2.0,52.0,0.0,296.0,2.8,1.6099999999999994,55.809999999999995,2212.0,87.098971367125,0.0,12.043399638336348,16.498643761301988,3.4990958408679926,0.081374321880651,2.115732368896926,0.0,12.043399638336348,0.1139240506329113,0.065506329113924,2.270750452079566,3.543809865751017,0.7142857142857143,Everton,Tottenham,2026-05-24T15:00:00Z,38,1.8380008
499,Tyler Fletcher,3.0,0,1.518380013408859,1.456497252041452,1.4401174887917136,1.467596997870272,0.9600736833072688,0.9970312171509038,1.1120476617581192,1.2267332376385045,,460.0,,501.0,497.0,1.0,44.0,,1.0,0.0,632.0,2.191978783358406,1.9770567259597915,1.7784648152922764,1.6480982882013095,1.4611551914500418,1.4447091712225626,1.4574709686379683,1.489175984206916,0.0,3.0,1.0,1.0,0.0,0.0,0.0,0.0,0.0,0.01,0.02,1.0,1.0301266121134065,0.0,3.0,1.0,1.0,0.0,0.0,0.0,0.0,0.0,0.01,0.02,1.0,1.0301266121134065,0.0,3.0,1.0,1.0,0.0,0.0,0.0,0.0,0.0,0.01,0.02,1.0,1.0301266121134065,0.0,3.0,1.0,1.0,0.0,0.0,0.0,0.0,0.0,0.01,0.02,1.0,1.0301266121134065,0.0,3.0,1.0,1.0,0.0,0.0,0.0,0.0,0.0,0.01,0.02,1.0,1.0301266121134065,0.0,270.0,90.0,90.0,0.0,0.0,0.0,0.0,0.0,0.9,1.8,92.71139509020657,,Manchester Utd,Brighton,2026-05-24T15:00:00Z,38,1.465221
500,Tyler Fredricson,2.0,0,1.518380013408859,1.456497252041452,1.4401174887917136,1.467596997870272,0.9600736833072688,0.9970312171509038,1.1120476617581192,1.2267332376385045,,464.0,,454.0,441.0,2.0,38.0,,1.0,0.1,429.0,2.1519374053879035,1.9265306255416592,1.7094993911216496,1.599571341283461,1.854415852785307,1.660579801494435,1.571333883796218,1.551759897986784,0.0,5.901639344262295,1.377049180327869,0.9344262295081966,0.0,1.5737704918032789,0.0,0.5245901639344263,0.0,0.0052459016393442,1.0704918032786883,49.34426229508196,2.3302138722256647,0.0,6.291512915129152,1.5110701107011073,0.966789667896679,0.0,1.627306273062731,0.0,0.5977859778597786,0.0,0.0059778597785977,1.078782287822878,52.87822878228783,2.491097039682014,0.0,6.481156879929885,1.5736196319018407,0.983347940403155,0.0,1.6485539000876424,0.0,0.6327782646801051,0.0,0.006327782646801,1.080148992112182,54.48729184925503,2.567363158720094,0.0,6.574449903866695,1.6038239692373424,0.9916684469130528,0.0,1.6579790643024994,0.0,0.6498611407818842,0.0,0.0064986114078188,1.0802499465926083,55.25528733176672,2.6044545502648906,0.0,20.0,4.9,3.0,0.0,5.0,0.0,2.0,0.0,0.02,3.24,168.0,7.922570421664541,0.0,10.714285714285714,2.625,1.607142857142857,0.0,2.6785714285714284,0.0,1.0714285714285714,0.0,0.0107142857142857,1.7357142857142855,4.244234154463147,,Manchester Utd,Brighton,2026-05-24T15:00:00Z,38,1.7347298
501,Tyrell Malacia,2.0,0,1.518380013408859,1.456497252041452,1.4401174887917136,1.467596997870272,0.9600736833072688,0.9970312171509038,1.1120476617581192,1.2267332376385045,,472.0,,492.0,480.0,7.0,38.0,,1.0,0.4,466.0,1.7906345096636034,1.813946917884947,1.726932489954397,1.6337927122429077,0.9264891664179372,1.1288736872056786,1.2822417733593334,1.3941349355466135,0.0,0.9114707282246548,2.217848643503094,0.8781532603522131,0.0,0.4497858162779629,0.0,0.0,0.0,0.0027415516420752,0.2121513564969062,16.013802950975727,0.7997274350352812,0.0,0.8700642230958949,2.568257185416717,0.8397841322556224,0.0,0.4222119117970257,0.0,0.0,0.0,0.0033823349857146,0.2202200190471539,18.66120485458231,0.7469174180663364,0.0,0.8377664901692358,2.729466736473634,0.8199740019698826,0.0,0.4105257486866298,0.0,0.0,0.0,0.0036952704858813,0.2233651148430517,19.94906071410317,0.7199127195895225,0.0,0.8194713431995151,2.8061074339174894,0.8099968125300337,0.0,0.4051281718549768,0.0,0.0,0.0,0.0038487825154172,0.2247425224837363,20.579627163748818,0.7063742989960767,0.0,4.0,14.4,4.0,0.0,2.0,0.0,0.0,0.0,0.02,1.13,106.0,3.46424736706925,0.0,3.3962264150943393,12.226415094339622,3.3962264150943393,0.0,1.6981132075471697,0.0,0.0,0.0,0.0169811320754716,0.9594339622641508,2.9413421041154013,,Manchester Utd,Brighton,2026-05-24T15:00:00Z,38,1.547074
502,Tyrick Mitchell,2.0,1,1.5307612174333038,1.704751939684622,1.7738301193564938,1.7869121026055728,0.4657699536268272,0.6514597285203065,0.7347335178883116,0.7858168606284246,,64.0,,76.0,65.0,3208.0,50.0,,3.6,2.3,140.0,0.8536648314803988,0.9633492160206902,1.1009359698913324,1.2156295095884035,1.959796680245826,1.6478487045487895,1.45378389198278,1.3520910246488829,0.2019560672726831,11.073569498292493,11.195909195984772,3.232838610226116,0.0001584774869517,1.681320100378383,0.0,8.88908063123016,0.092352188261994,0.0851651046589985,1.3347049037095553,81.46786919298658,3.188907306698024,0.1725096741889463,11.942946889159732,12.210531828389692,3.384945148047671,0.0034884874608134,1.4805489330733854,0.0,7.479376869435741,0.0653694041063969,0.0811708726645135,1.3075007087770731,82.91411760099304,3.6123270474643023,0.1315317722514262,12.769565526073832,12.91487412193293,3.524889254545148,0.0113004288698036,1.3905691086221446,0.0,6.775230725992692,0.0520925378837422,0.0769989720748782,1.2870629539741485,84.37157988219367,3.855275049732774,0.1063149860214836,13.839766843866933,13.386971587011542,3.536416438218814,0.0177812343330368,1.372591889778718,0.0,6.267818352735696,0.0439518495129071,0.0755020615923372,1.2728861053179208,85.1057223859592,3.873831616984579,3.0,2377.0,1940.7,492.0,3.0,216.0,0.0,757.0,4.359999999999999,9.919999999999998,193.76,12991.0,542.89712474849,0.0207836194288353,16.46755446078054,13.444923408513583,3.408513586328997,0.0207836194288353,1.496420598876145,0.0,5.244399969209453,0.0302055269032407,0.0687245015780155,1.342344700177046,3.761122409927187,0.6880733944954129,Crystal Palace,Arsenal,2026-05-24T15:00:00Z,38,2.713773
503,Tyrique George,3.0,0,1.102564633914661,1.101499110685907,1.1983079937381895,1.3460357492674346,1.514817248864682,1.6447311599706276,1.6535870072693977,1.6169812358281417,,345.0,,389.0,438.0,323.0,48.0,,1.1,0.1,267.0,1.7853839932665585,1.561905201609496,1.3826261767690258,1.2858406600181125,1.8345610229389568,1.547627383252877,1.3723106230104325,1.326665252713866,0.0,5.800273969937556,8.42681696521332,1.077736414111511,0.0056713466865652,0.8529226219559596,0.0,5.0802717650386064,0.0254616857251745,0.1709339968468273,0.4577980689787824,17.14048959039735,1.6848741222893882,0.0,4.979225683665724,6.700909000654631,1.2243406896093412,0.0205543327712067,0.6485875315134546,0.0,6.0621366051081145,0.0319110038448094,0.1126225768471413,0.4273496045348487,20.012921176820537,1.5788772108963578,0.0,4.767642370977959,6.2831432952915724,1.336190129378987,0.0325313003609809,0.5285317248593037,0.0,6.413558132251186,0.0347922863074411,0.0863696588121268,0.3955666506641052,21.57348126337773,1.5277823563895516,0.0,4.727621456245713,6.220650998220627,1.3960329578382311,0.0390404460017638,0.467912009757722,0.0,6.526250272603003,0.0359353741188314,0.0751327984437625,0.3771414464335544,22.222595575086867,1.502169095682924,0.0,104.0,137.5,32.0,1.0,9.0,0.0,145.0,0.81,1.44,7.88,500.0,32.47530261248074,0.0,18.72,24.750000000000004,5.76,0.18,1.62,0.0,26.1,0.1458,0.2592,1.4184,5.845554470246532,1.2345679012345678,Everton,Tottenham,2026-05-24T15:00:00Z,38,1.8746231
504,Tyrone Mings,2.0,0,2.0877065823215184,2.0313064824181177,1.9983975655290631,1.9899321472113032,0.7760600908270671,0.8320655962724971,0.902284812718804,0.9638814197680602,,321.0,,314.0,263.0,1232.0,43.0,,2.9,0.6,272.0,1.2808248069949075,1.3078359161516613,1.3678054318897854,1.412844796939809,1.676362537411458,1.5153499370888617,1.3943046342017076,1.3608698584092551,0.053947280965332,6.066540229171351,4.078837171494317,1.8837354445281769,0.0002004042785028,1.956325167820236,0.0,8.72117165250404,0.1030048708702321,0.0285343742985049,1.4755794412211227,83.93431148071532,2.8736513804308452,0.0652316579050296,10.647901721247433,4.584018121279776,2.544572296425338,0.0043848283305486,1.5968243814622665,0.0,7.852899361873936,0.0859805852579559,0.0276123282868246,1.3288911462785884,80.23880744698778,3.3593936906942576,0.0656480537173311,15.697665111574622,4.941182862469402,2.917822126139296,0.0167291763239979,1.4436352042508251,0.0,7.955882584106125,0.0721191689928031,0.027270724576638,1.2425859662279335,80.47805877046306,3.608603359358592,0.0644791593176592,19.09457932980029,5.026103631974232,3.1005524434237146,0.0310907127313306,1.4422756364038225,0.0,8.64342391731864,0.0646676875167391,0.0271299760651504,1.2263575114124428,81.93813683353098,3.674667776540707,1.0,1665.0,369.7,253.0,4.0,113.0,0.0,739.0,4.549999999999999,1.9799999999999995,95.56,6470.0,275.2028966988202,0.0139103554868624,23.160741885625963,5.142658423493045,3.519319938176198,0.0556414219474497,1.571870170015456,0.0,10.279752704791344,0.063292117465224,0.0275425038639876,1.3292735703245748,3.8281701240948713,0.8791208791208793,Aston Villa,Manchester City,2026-05-24T15:00:00Z,38,1.9231302
505,Valentín Castellanos,4.0,1,1.4873748164371934,1.4101831854236713,1.3542056928734252,1.3172760593840596,0.7915192984902504,1.0407607451397949,1.3223124000649034,1.5182899044580005,,224.0,,158.0,272.0,1297.0,55.0,,3.1,0.2,45.0,0.9107868180919828,1.0951527852122245,1.16085576712912,1.203309571343217,1.3152548847855938,1.4094199807491106,1.5375319051139422,1.6147602101157532,0.0089987263248244,13.592304817609888,7.69205624412965,3.173161059569053,0.38022126263071,0.7505731723607105,0.0,41.478146008628705,0.316723472043152,0.0403282337273849,1.0776255650996902,70.8286393007574,3.3100653334971133,0.0274556153063649,13.11209872319141,9.097782453957882,3.159638440589077,0.3421427747685283,0.8257613875085277,0.0,35.29571310114082,0.2967255232314799,0.0446993295513672,1.0719665059930492,73.44508948079022,3.2769587307395707,0.0419051402405704,12.741197158525008,9.71586574644053,3.1466123050756667,0.3194965898823578,0.8805583498385009,0.0,32.92079606553382,0.290816043780597,0.0462639267574279,1.0735538120340344,74.87980162012133,3.271843286213993,0.0501468183899964,12.505444968914372,9.990609060059755,3.134413829994504,0.3071043892655841,0.9104718824536407,0.0,31.987564631355628,0.2895083577175894,0.0467696244177667,1.0761464395450435,75.59481554023839,3.271458067823575,1.0,208.0,174.1,53.0,5.0,16.0,0.0,531.0,4.92,0.8,18.36,1297.0,55.62822719733632,0.069390902081727,14.43330763299923,12.08095605242868,3.677717810331534,0.3469545104086353,1.110254433307633,0.0,36.84656900539707,0.3414032382420971,0.0555127216653816,1.2740169622205089,3.860092866430431,1.016260162601626,West Ham,Leeds United,2026-05-24T15:00:00Z,38,3.2020917
506,Veljko Milosavljevic,2.0,0,2.1739274766868766,1.800014640187395,1.4843813892721411,1.3253187290721609,1.2760144320047273,1.197664595650709,1.2623114361549288,1.3267371701590465,,386.0,,374.0,318.0,367.0,44.0,,2.7,0.0,376.0,1.892726829197074,1.6913629488380035,1.6146739305065971,1.5753548952437222,2.3031647781596294,2.0517547099150315,1.7804191761296515,1.6203204642453903,0.0,7.333457507976872,1.1319026254838764,2.3327934435788213,0.0,0.7466027437197323,0.0,1.0459176236212566,0.0242950389530457,0.0135611668097374,0.5665128520756063,42.408853112194485,2.5212007732754955,0.0,8.214151880638624,1.53536241206924,2.5399224194757517,0.0,0.8160658811496423,0.0,1.232242246595813,0.0232891083070045,0.0198885879727377,0.6081133157920664,47.966197632331486,2.7375991888029887,0.0,8.620989684564943,1.7561839517879785,2.631405174458339,0.0,0.839860517228497,0.0,1.3293906140685203,0.0224381400562648,0.0234270823807947,0.6218334311976197,50.33295190480762,2.8290860811219907,0.0,8.814137681409505,1.8700538385279255,2.6739248548665526,0.0,0.8492680458965494,0.0,1.3787632671186387,0.0219498720960274,0.025266325143139,0.6271130140444143,51.4139225706937,2.8705537926444396,0.0,63.0,13.9,19.0,0.0,6.0,0.0,10.0,0.15,0.19,4.42,367.0,20.36450649664873,0.0,15.449591280653951,3.408719346049047,4.659400544959128,0.0,1.4713896457765667,0.0,2.4523160762942777,0.0367847411444141,0.0465940054495912,1.0839237057220708,4.994020666753094,0.0,Bournemouth,Nottingham Forest,2026-05-24T15:00:00Z,38,1.9711885
507,Victor Lindelöf,2.0,0,2.0877065823215184,2.0313064824181177,1.9983975655290631,1.9899321472113032,0.7760600908270671,0.8320655962724971,0.902284812718804,0.9638814197680602,,387.0,,388.0,338.0,870.0,45.0,,1.7,0.1,392.0,1.424659845595926,1.3770523245396504,1.3994154522796445,1.4275718895734348,1.7410900299291667,1.5638149433821844,1.4245896822370918,1.376900592278413,0.0176774450267199,6.207079488612951,2.325447368306132,1.513617246189613,2.1308785847686644e-05,0.9548331786890742,0.0,1.7884935264936392,0.0272284762222787,0.008140064960301,0.8941086565361357,61.302996069959526,2.241916856859504,0.0385186416763409,7.404963065198449,2.5040807735336457,1.75340422711073,0.0014001746378513,0.9013586585397836,0.0,1.7206904752907843,0.0214566620300388,0.0076216257779891,0.8994831566984088,58.688539338132735,2.3363563068295727,0.0507972125504468,9.514727888042335,3.1082316017127076,2.0087732472867805,0.007676542543103,0.9010510543355816,0.0,2.0577179441037443,0.0185001965118458,0.0098830673230078,0.921797985766256,58.08888178967814,2.3623657894430985,0.0568123095862225,12.397277296245528,3.808163397400114,2.244847777990504,0.0151619223920289,0.9921513673489564,0.0,2.477822971165289,0.0187336822326573,0.0141927516067161,0.9851277177724416,61.058197491073216,2.4899959526881257,1.0,1350.0,376.9,205.0,2.0,95.0,0.0,234.0,1.67,1.7199999999999995,87.69,5484.0,225.39333585265135,0.0164113785557986,22.155361050328228,6.185448577680526,3.364332603938731,0.0328227571115973,1.5590809628008753,0.0,3.840262582056893,0.0274070021881838,0.0282275711159737,1.4391137855579867,3.699015358632134,1.1976047904191618,Aston Villa,Manchester City,2026-05-24T15:00:00Z,38,1.6462256
508,Viktor Gyökeres,4.0,0,1.0829318651843192,1.067014294422874,1.145889565874812,1.235301562856742,1.967837344196661,1.6830638340953552,1.4810949370442836,1.36834061592233,,164.0,,52.0,108.0,2210.0,91.0,2.0,3.6,17.6,19.0,1.6634515217916297,1.7830577107642605,1.8145583965856904,1.80715560782024,0.5822124420335341,0.7238441428036401,0.7734040602432958,0.806032190476869,0.128051944039591,16.078162610008583,7.3761537982306145,4.309531561945963,0.4698384094463225,0.2485987921943045,0.0,21.521747092375083,0.3950370872065475,0.0317294303600214,0.4882252382067472,53.50015858282144,3.7021107094550985,0.0830796118782576,15.73487764901509,7.23501547340111,4.219443131102286,0.4747992063071019,0.350194720645282,0.0,21.22998157499489,0.3748914322838284,0.0448335367363819,0.5049608855519907,57.20164136601623,3.6930774001774354,0.0541121248018512,14.690131473634326,7.145386854521362,3.965334183624213,0.442266523192572,0.3747219373473525,0.0,21.24097035107644,0.3560263210987064,0.0498475548026762,0.5003857346041231,59.80171881277049,3.6207050951752056,0.0404349791129687,14.040095935697137,7.159128672191234,3.8071284349325514,0.4205304343128701,0.376170502409715,0.0,21.47380830457693,0.3490548333812953,0.0514693546816056,0.494578532002669,61.38852846061495,3.5884645522086824,1.0,470.0,253.3,128.0,14.0,13.0,0.0,766.0,12.1,1.84,17.06,2210.0,125.02132022162552,0.0407239819004524,19.14027149321267,10.315384615384616,5.212669683257919,0.5701357466063348,0.5294117647058824,0.0,31.19457013574661,0.4927601809954751,0.0749321266968325,0.6947511312217194,5.0913659818761525,1.15702479338843,Arsenal,Crystal Palace,2026-05-24T15:00:00Z,38,5.0219836
509,Virgil van Dijk,2.0,1,1.3398971820673846,1.3739348418074238,1.4343213778237405,1.471195734191458,1.5252828948975592,1.3982776425588164,1.364558433783409,1.3824857175755458,,195.0,3.0,30.0,3.0,3330.0,60.0,,4.7,30.7,54.0,1.7948830310854702,1.7638612024277347,1.777071859288577,1.882232119440549,1.369070929853555,1.3107531840700402,1.284425194007207,1.240001898284402,0.0214804131140766,16.067071643861787,3.2354711235721414,6.137391282568009,0.534790145387388,1.895237257143629,0.0,19.982056742650897,0.1921638599527063,0.0271444278828244,1.4720779864470122,89.99999999373374,4.595181054180906,0.0355894398178167,16.392757136048527,4.582457831685807,5.528746764045525,0.3617019622513261,1.58345543949987,0.0,18.113272777093517,0.1574488654260804,0.0350986657523749,1.3720845293513475,89.99974495114428,4.8617662683594105,0.0352152732097227,16.90560209871751,5.407059856065645,4.931124921988944,0.2430687403719053,1.4552666184779135,0.0,15.467924669939574,0.1241555740775688,0.0357764228584847,1.2773365409654711,89.97704627957528,4.797436986430935,0.0319159865487021,18.2237138100067,5.7264119827990605,4.490014571155551,0.1737276189636602,1.3806793641248745,0.0,13.823488761649116,0.1014505187019689,0.0335173095949099,1.204876940307102,89.85385612680146,4.645489834711936,1.0,2478.0,657.2,484.0,14.0,145.0,0.0,1523.0,9.329999999999998,3.429999999999999,131.85,10467.0,514.7820432899188,0.0085984522785898,21.306964746345656,5.6509028374892525,4.161650902837489,0.1203783319002579,1.246775580395529,0.0,13.095442820292346,0.0802235597592433,0.0294926913155631,1.133705932932072,4.426328833103343,1.5005359056806005,Liverpool,Brentford,2026-05-24T15:00:00Z,38,4.0998325
510,Vitalii Mykolenko,2.0,0,1.102564633914661,1.101499110685907,1.1983079937381895,1.3460357492674346,1.514817248864682,1.6447311599706276,1.6535870072693977,1.6169812358281417,,95.0,,140.0,103.0,2869.0,49.0,,2.9,0.7,318.0,1.7853839932665585,1.561905201609496,1.3826261767690258,1.2858406600181125,1.8345610229389568,1.547627383252877,1.3723106230104325,1.326665252713866,0.0171934912712062,6.137588962903966,11.95406848827585,1.8580730725610948,0.0001014153046994,2.073178131210428,0.0,1.360228146172073,0.0017872036050136,0.0478822945829429,1.5463622228262206,89.89565071924262,2.5390619231813982,0.0324969004208472,9.27718294962649,12.73503332037847,2.5231836039006756,0.002811629722606,1.7089181153326027,0.0,1.6827248858361374,0.00552649218828,0.0634325498653576,1.5245559492998009,89.77117811535557,3.167633140744969,0.0352727393056353,11.428378806635632,12.828957811585855,2.9568629455121584,0.0101856391516625,1.494747094387268,0.0,2.2751921302322415,0.009416913773201,0.0680811805573025,1.4582063718917475,89.50050482023761,3.466232954226016,0.0340822018128846,12.806472371486436,12.437022193255306,3.1721205113853936,0.0180853844604001,1.4189936552458466,0.0,3.0058566396891955,0.0142544369039186,0.0638877313077482,1.4174194534956992,89.01091095614599,3.5096209519879693,1.0,1434.0,1135.2,331.0,3.0,141.0,0.0,431.0,2.329999999999999,5.219999999999999,141.75,8814.0,339.9978919862743,0.0102110279101429,14.642614023144995,11.59155888359428,3.379850238257318,0.0306330837304288,1.4397549353301566,0.0,4.400953029271613,0.023791695030633,0.0533015656909462,1.4474132062627638,3.4717279644616164,1.28755364806867,Everton,Tottenham,2026-05-24T15:00:00Z,38,2.9794247
511,Vitaly Janelt,3.0,0,1.8359064248683763,1.78747508218593,1.7882183641372678,1.8851857440962256,1.8952567438828445,1.5796778656740686,1.420205125806682,1.3092227962416565,2.0,117.0,,213.0,218.0,1344.0,49.0,,3.0,0.1,295.0,1.1748714775842306,1.3043720462789254,1.4045468873177778,1.4575194754261969,1.4066036186219488,1.3314196026761185,1.3311119711831043,1.3665151862017706,0.1014645714385602,13.439078655348467,15.2297321916677,2.855634551317433,0.0819277174585752,1.5231556741956147,0.0,3.2628146521227164,0.0341799107648181,0.0933007761366779,1.434151636494946,66.02081779320365,2.7200386440003705,0.1616695797809598,14.248420171684318,15.192843964675214,3.1150766022223175,0.0666802848095031,1.1898794045008712,0.0,3.808708428702132,0.0354089420857169,0.0929353650451249,1.258897251206526,65.6541619807315,2.92263905948691,0.1740283288757968,13.43367958438746,13.544927287712891,2.905715749886593,0.0496523895498872,1.0499075996600715,0.0,4.132837397714286,0.0337868407491769,0.0870616408860556,1.12678927672669,64.03785176587816,2.787880552666341,0.1727826300896359,13.219015083221764,12.982478927283408,2.7404571974835332,0.0478937246160799,1.109445722387492,0.0,5.154289339434848,0.0362042234102786,0.0844667108879969,1.105236787563094,66.16367735151908,2.6953826072552727,4.0,1628.0,1621.2,321.0,8.0,153.0,0.0,958.0,5.769999999999999,9.879999999999995,136.17,8566.0,322.1573773797322,0.0420266168573429,17.104833060938592,17.033387812281113,3.372636002801775,0.0840532337146859,1.6075180947933692,0.0,10.065374737333643,0.0606233948167172,0.1038057436376371,1.4306911043660984,3.3847961667261153,1.3864818024263434,Brentford,Liverpool,2026-05-24T15:00:00Z,38,2.2115083
512,Walter Benítez,1.0,1,1.5307612174333038,1.704751939684622,1.7738301193564938,1.7869121026055728,0.4657699536268272,0.6514597285203065,0.7347335178883116,0.7858168606284246,,561.0,,468.0,444.0,90.0,40.0,,7.0,0.3,531.0,1.4314309667606298,1.2384592415991629,1.2682849346750742,1.313256788447608,1.349738503674626,1.3529247305080714,1.2975279378993505,1.2717885706216348,0.0,29.0,0.0,7.0,0.0,0.0,3.0,0.0,0.0,0.0,1.12,90.0,8.23063368646136,0.0,29.0,0.0,7.0,0.0,0.0,3.0,0.0,0.0,0.0,1.12,90.0,8.23063368646136,0.0,29.0,0.0,7.0,0.0,0.0,3.0,0.0,0.0,0.0,1.12,90.0,8.23063368646136,0.0,29.0,0.0,7.0,0.0,0.0,3.0,0.0,0.0,0.0,1.12,90.0,8.23063368646136,0.0,29.0,0.0,7.0,0.0,0.0,3.0,0.0,0.0,0.0,1.12,90.0,8.23063368646136,0.0,29.000000000000004,0.0,7.0,0.0,0.0,3.0,0.0,0.0,0.0,1.12,8.23063368646136,,Crystal Palace,Arsenal,2026-05-24T15:00:00Z,38,2.5642858
513,Wesley Fofana,2.0,0,1.2993027530090575,1.1556816927460971,1.0987727083015113,1.0838528074355682,1.4810645035741192,1.4785520139318924,1.401222411431172,1.340576268058851,,344.0,,260.0,143.0,1657.0,44.0,,2.8,0.4,314.0,0.8217437632716966,1.134546306254829,1.3856480673125384,1.5567381638705695,1.9461272212939953,1.726776355974721,1.5030031132035966,1.391311211572286,0.1780205474505425,9.769684986642629,2.2786829470753127,2.582476681385041,0.0,1.2398860559617058,0.0,4.5867504862470465,0.0296645909695348,0.0132542538823132,1.0746026426250797,74.82294980391809,2.678893801547227,0.1319024487814235,10.827824676152172,3.029217095374328,2.5704407996277037,0.0,1.1363530254899674,0.0,4.040646604674702,0.0331421113764836,0.020854643431661,1.0410451767702358,72.73709757463408,2.893403728218259,0.1072582307681049,12.79347627661887,3.6246919356146066,2.6108411418147015,0.0,1.0729104363089468,0.0,3.712031844570887,0.0344244104682177,0.0210475577157211,1.0359504218159536,73.64277482729109,3.0937456538142567,0.0950856085160414,14.422106114612664,4.054026220693769,2.6355912250418445,0.0,1.075434864255747,0.0,3.7280522014134654,0.0358560473093745,0.0191356640335879,1.0441599420775824,75.3541568238508,3.1958372728603015,2.0,884.0,243.2,147.0,0.0,60.0,0.0,211.0,2.0899999999999994,0.8899999999999995,58.41000000000001,4281.0,177.59058076892933,0.0420462508759635,18.584442887175893,5.112824106517168,3.0903994393833214,0.0,1.2613875262789067,0.0,4.435879467414155,0.0439383321653819,0.0187105816398037,1.227960756832516,3.733509056109236,0.0,Chelsea,Sunderland,2026-05-24T15:00:00Z,38,2.578786
514,Wilfried Gnonto,3.0,0,0.9286294544735864,1.0856375066906117,1.1528129081947445,1.198210556571093,1.6522039078284754,1.568477982680725,1.610655951538412,1.6495020971055678,,270.0,,378.0,401.0,500.0,51.0,,1.4,0.1,338.0,1.609218520546492,1.4557591011541449,1.3728565942724111,1.3255979439912915,0.9893991231128136,1.1564008437632494,1.3919395085176185,1.558113373678318,0.1191118578229359,5.916599682320581,5.400678731149134,1.4055936130677598,0.0,0.2094701904709328,0.0,2.668407539268072,0.0191625375416643,0.0265078914287211,0.4771815402378564,20.06978858156662,1.1276750284636752,0.1290770366474783,5.635789722323493,5.718257476453729,1.4215652498994638,0.0,0.4033164630689169,0.0,2.7600779398714734,0.0189609927406249,0.0317468341953279,0.4848328252405664,20.67673833532037,1.133617082219154,0.1336608190871048,5.6272995923755085,6.131208746858923,1.4663643101625563,0.0,0.5863868154766358,0.0,2.9890927137780516,0.0215381453292107,0.0350989098305434,0.5487874335619101,23.18377252494261,1.163081762721273,0.1353665446038323,5.659997520244248,6.402122590268123,1.507467824615096,0.0,0.6951737738031923,0.0,3.181639438054451,0.0237049214587415,0.0367191203334843,0.5945945789365694,25.042049064337338,1.185357886589177,3.0,177.0,207.40000000000003,50.0,0.0,25.0,0.0,106.0,0.8399999999999999,1.22,20.619999999999997,868.0,37.53370773968233,0.3110599078341014,18.352534562211986,21.50460829493088,5.184331797235023,0.0,2.5921658986175116,0.0,10.990783410138247,0.0870967741935483,0.1264976958525345,2.138018433179723,3.891743890059227,0.0,Leeds United,West Ham,2026-05-24T15:00:00Z,38,1.8323063
515,Will Hughes,3.0,1,1.5307612174333038,1.704751939684622,1.7738301193564938,1.7869121026055728,0.4657699536268272,0.6514597285203065,0.7347335178883116,0.7858168606284246,3.0,127.0,,263.0,317.0,1470.0,47.0,,1.4,0.1,296.0,1.0670810393504986,1.0703880178061882,1.1588805317157862,1.2469045082647208,1.699745850307282,1.497609671713268,1.37240330554067,1.3096945949667442,0.0172011631926384,4.8719368968299035,8.350139364207434,1.1449101314589931,4.742843975528797e-10,0.6421443191375662,0.0,1.565087927571998,0.0183835684724612,0.0747034242187421,0.823650463558778,51.43458310496725,1.474006423797849,0.0327702275100952,6.064456677442555,9.817238363539197,1.3273489622954948,8.46424103508324e-06,0.5958641387314096,0.0,2.3926265992954505,0.0315602222072525,0.0698479255161176,0.8170270719485547,50.853211164019896,1.64052625691414,0.0362126411491954,7.109156991513459,11.03840292376138,1.5581206150916156,0.0005222824555313,0.6759262098335433,0.0,2.774868403267204,0.0341671574321371,0.0690430995512255,0.8180223994221326,52.70640415646748,1.7800426653399777,0.0355618795821769,7.905947528698634,11.731895585709598,1.7715811369686,0.0027962826969154,0.7870977404488926,0.0,2.915466752777412,0.0314240429008812,0.0682221434538123,0.8451223258480653,55.47811199152179,1.8774698595073205,1.0,991.0,1316.1,226.0,1.0,104.0,0.0,345.0,2.7699999999999996,7.169999999999998,101.97,6594.0,219.56120252909136,0.013648771610555,13.525932666060054,17.963148316651505,3.084622383985441,0.013648771610555,1.4194722474977253,0.0,4.7088262056414925,0.0378070973612374,0.0978616924476796,1.3917652411282984,2.99674070785839,0.3610108303249098,Crystal Palace,Arsenal,2026-05-24T15:00:00Z,38,1.6237973
516,William Osula,4.0,0,0.6778779658843567,0.924018470010329,1.1073081949231147,1.2014107865787766,1.1735260962061695,1.2474230176816807,1.319555879612648,1.3684865116798042,,319.0,,257.0,270.0,740.0,55.0,,3.2,1.6,121.0,1.3275696596803437,1.3822876109761566,1.4569662457029895,1.5517182423639602,1.3846503455189316,1.4919863902684225,1.457703428287506,1.4015191720577116,0.0088483243098962,24.665654629116712,7.697349973821392,6.092057978595732,0.7200010171045489,0.7659387227805633,0.0,25.122842228791757,0.4720236636742678,0.0812018517505699,0.8976412835831972,59.06719752481056,4.850923110897742,0.0251015250908522,17.02602819918782,5.504843687746439,4.406978580671027,0.4726581757161198,0.6601301761374281,0.0,17.72879896861966,0.3023014028054661,0.0497103481016317,0.7439291386810051,43.05956667983209,3.484284214552362,0.0352039135589035,11.778792655739723,3.8418163528157954,3.217024228264724,0.3059727341300868,0.607114859690093,0.0,12.70890867339554,0.193762676221604,0.0302068445814119,0.6292899780131435,33.12809925555841,2.580546321546881,0.0397355215741205,8.898203073919431,2.9910595827450828,2.5866302711701517,0.2173419928821391,0.619250387336706,0.0,10.448172941956347,0.1429747227690384,0.0211356428598981,0.604774495302396,29.50851593621407,2.136907266666358,1.0,361.0,132.5,118.0,8.0,39.0,0.0,519.0,6.08,0.8199999999999997,36.63,1642.0,103.27814211064972,0.0548112058465286,19.78684531059683,7.262484774665042,6.467722289890378,0.4384896467722289,2.137637028014616,0.0,28.447015834348353,0.333252131546894,0.0449451887941534,2.0077344701583435,5.660799506673858,1.3157894736842106,Newcastle Utd,Fulham,2026-05-24T15:00:00Z,38,3.442106
517,William Saliba,2.0,0,1.0829318651843192,1.067014294422874,1.145889565874812,1.235301562856742,1.967837344196661,1.6830638340953552,1.4810949370442836,1.36834061592233,,198.0,,182.0,99.0,2614.0,63.0,,4.4,17.2,297.0,1.6634515217916297,1.7830577107642605,1.8145583965856904,1.80715560782024,0.5822124420335341,0.7238441428036401,0.7734040602432958,0.806032190476869,0.0,23.267067706821788,7.965176890711594,5.793163030598983,0.0419463321587116,0.4999104885553048,0.0,4.057038621674249,0.0203437650995192,0.0792648712770464,0.7522925868926469,89.87737545548951,5.862940496293881,0.0,20.847399053717265,7.925931549943091,5.142223189857409,0.0486517216699844,0.666824952264014,0.0,3.8725061197344743,0.0294978775170907,0.059911330827323,0.7550114537803058,88.66911345278903,5.340647227488238,0.0,19.123029472117327,6.90551341478914,4.628438217806128,0.0431676908027158,0.7131039893330832,0.0,3.4110049190684006,0.0355056801179835,0.0464427075057751,0.7482932432485649,87.03509467892783,4.954669687335058,0.0,18.46972411510162,5.91411750809891,4.3968581469941475,0.0429979715811812,0.7270463564595226,0.0,3.269170622767975,0.041662098109684,0.0391203988877974,0.7520548255205022,86.57739555717642,4.754824054532142,0.0,1926.0,503.2,445.0,5.0,78.0,0.0,346.0,5.0,3.3899999999999983,79.05,9073.0,479.4355304069879,0.0,19.105036922737792,4.9915132811638925,4.414195966053125,0.0495977074837429,0.7737242367463903,0.0,3.432161357875014,0.0495977074837429,0.0336272456739777,0.7841397553179763,4.755780638887789,1.0,Arsenal,Crystal Palace,2026-05-24T15:00:00Z,38,4.78018
518,Wilson Isidor,4.0,1,1.0573950106173575,1.221091675632897,1.4163659335031855,1.5678551940989556,1.7569017770351965,1.6540987203742674,1.4778527368431342,1.381497105747743,,397.0,,229.0,276.0,1119.0,50.0,3.0,2.4,1.3,62.0,0.8739904195180044,0.946034418834362,0.9799623012717682,1.0016999219902454,1.6013696707264908,1.5329499585552229,1.426295372575658,1.3551781333246342,0.0656009680519739,11.473679983041112,1.0098154897615244,2.4310322790738783,0.3054171171682583,0.3312990541083705,0.0,9.799882901367916,0.12947485872526,0.0431437676630456,0.4219807910517769,15.696038435016824,2.008569355796614,0.0613911996551585,8.845976024861026,0.8942327354112145,2.12907452982123,0.2065621510227656,0.4049844856494232,0.0,10.46741692302498,0.1262686032374412,0.0265074204286179,0.481656427867151,21.35174552344333,1.8953375224494469,0.0485986416241345,8.156108497126272,0.909581701534157,2.1411329382247213,0.1819444244922443,0.4719991278256662,0.0,11.93941813727238,0.1341845808714658,0.0185235718543732,0.5519580083135457,27.929585869175988,1.9646675249296264,0.0405054679886895,8.158314060111316,0.9338205586566968,2.2228472812228164,0.1828574761733406,0.51054881461105,0.0,12.942448640390875,0.1409360600817078,0.0149889694581355,0.5942717016123202,31.966043068892617,2.0422797196629165,1.0,261.0,29.8,73.0,6.0,17.0,0.0,435.0,4.61,0.37,19.74,1119.0,66.39593599071111,0.0804289544235924,20.99195710455764,2.396782841823057,5.871313672922252,0.4825737265415549,1.3672922252010724,0.0,34.98659517426273,0.3707774798927614,0.0297587131367292,1.587667560321716,5.340155709708668,1.3015184381778742,Sunderland,Chelsea,2026-05-24T15:00:00Z,38,2.3302212
519,Wilson Odobert,3.0,1,1.6283071946132468,1.5057146814462412,1.3634947000475075,1.2786717611892149,2.0676488183511657,1.6928646449335476,1.4536958060334333,1.368632576429858,,88.0,,153.0,285.0,972.0,53.0,,1.9,0.1,95.0,1.154387582947103,1.2375183967205208,1.347735960147748,1.46553417701655,1.7986507355334744,1.654722164459159,1.5850091485720683,1.5576319240214227,0.1117236932465378,8.793859758104546,16.59629818483242,2.0709769714787223,0.0004841373634863,0.4249594378142584,0.0,13.177926855311515,0.1101084870494345,0.0613548702164084,0.9097906925437826,44.67097709299755,2.3810812240983505,0.1040787871018289,8.367400457328241,14.450445558868166,2.0968461724549647,0.0062305206899987,0.5810955388707004,0.0,11.802804033096676,0.0996019975304039,0.0577099264026512,0.8039864526732882,45.32846004792094,2.344343202945653,0.0949879327689346,7.8841985862633885,12.640546866203415,2.1170888636592413,0.0190616715287271,0.7976515312271687,0.0,11.142869604979085,0.0937235253025255,0.0600031083913766,0.8541989507337753,48.28256289826495,2.3435663324882237,0.0894031439788938,7.883819503022909,12.080997459343932,2.194382936123058,0.0337653507187079,0.9752341114731152,0.0,11.393661170808686,0.0923738975288403,0.0662584957467351,0.957194866357426,52.03592968685214,2.397675944347153,2.0,571.0,828.3,162.0,4.0,81.0,0.0,835.0,6.299999999999999,5.289999999999998,75.88,3910.0,171.3896454571319,0.0460358056265984,13.143222506393862,19.065728900255753,3.728900255754476,0.0920716112531969,1.864450127877238,0.0,19.21994884910486,0.1450127877237851,0.1217647058823529,1.7465984654731457,3.9450302023380743,0.634920634920635,Tottenham,Everton,2026-05-24T15:00:00Z,38,2.3705938
520,Xavi Simons,3.0,1,1.6283071946132468,1.5057146814462412,1.3634947000475075,1.2786717611892149,2.0676488183511657,1.6928646449335476,1.4536958060334333,1.368632576429858,2.0,39.0,3.0,89.0,191.0,1747.0,65.0,4.0,2.9,2.1,121.0,0.9379019382682148,1.0312438815470577,1.1880684204493226,1.3566541283746851,2.0185967989860396,1.941367413477819,1.7936795900752491,1.6809395971431424,0.1989678824764587,13.129773936913413,19.843552080723683,3.3714071300673254,0.1659504944742895,1.0127499784520764,0.0,10.39752460255621,0.1683938360513403,0.1123127660731544,0.8125535880240276,54.01478457844469,3.164851939383204,0.1842757031910618,12.84087768176342,20.632399041117093,3.024610135871561,0.1145237766310392,1.2520459215184565,0.0,9.949716233851245,0.1425649014861844,0.1333016267805722,1.0212802847051012,58.293792658236505,3.0788786178027587,0.180572479379191,12.6531595703069,20.212712608347907,2.9227021777560833,0.0911949425766262,1.3110708590887792,0.0,9.623000865124684,0.1266851122192488,0.1391282181359669,1.085632525126203,60.71251793977508,3.0593171465987736,0.1793276758477947,12.505695655654606,19.710026234292165,2.886558985921778,0.0808327511304424,1.3093957402427114,0.0,9.388316989015117,0.1180394518826826,0.1392757953550527,1.0980280555468085,61.67615044989842,3.0448040462716697,5.0,345.0,533.8,80.0,2.0,36.0,0.0,255.0,3.06,3.85,30.71,1747.0,84.6902561195582,0.2575844304522037,17.77332570120206,27.49971379507727,4.12135088723526,0.1030337721808815,1.8546078992558672,0.0,13.136805953062394,0.1576416714367487,0.1983400114481969,1.5820835718374358,4.362978277481533,0.6535947712418301,Tottenham,Everton,2026-05-24T15:00:00Z,38,3.1683493
521,Yankuba Minteh,3.0,1,1.840832047565444,1.809043192946828,1.7503560523911208,1.6644300751948404,1.22773277493323,1.230558127920629,1.293397159421104,1.3794963287296922,5.0,27.0,,32.0,136.0,2344.0,55.0,,3.5,2.5,31.0,1.8979750167610736,1.6183302800534345,1.5159138462337038,1.5053512875565596,0.950092104134086,0.996701352389878,1.117944961587651,1.2325660053177352,0.0165946718354822,15.002414137956336,22.442970201262703,3.765780286628772,0.2024181984931088,0.7131080868923839,0.0,15.940033270331805,0.1026330568199465,0.1857477346141327,0.9055773690601588,77.52080121800161,3.70669207844444,0.083570815024387,13.598396936847372,20.452418412027704,3.406241683732438,0.1483814960084893,0.8056781689094058,0.0,16.572169887945762,0.095544730112268,0.1684718213389744,0.9242074699438286,70.13581036815594,3.362898037345287,0.1563640717410716,13.349985002565967,19.31414243827144,3.3862887573316587,0.1264406955608124,0.9133159049598012,0.0,17.89631905901121,0.104137805671075,0.1573945662461179,0.966079795417508,68.12276609900483,3.291122111970818,0.1996754016817407,13.342402881208008,18.44195888173472,3.4056607249790884,0.1276828516654174,0.9710710822292674,0.0,18.655265061896724,0.1132596896676612,0.1539690291608415,0.976201618679498,66.81736260544008,3.26871467608549,8.0,858.0,1124.8,220.0,9.0,65.0,0.0,1232.0,7.94,9.94,62.029999999999994,4175.0,208.27292866861217,0.1724550898203593,18.495808383233538,24.24718562874252,4.74251497005988,0.1940119760479041,1.401197604790419,0.0,26.55808383233533,0.1711616766467065,0.2142754491017964,1.3371736526946107,4.489715827586849,1.1335012594458438,Brighton,Manchester Utd,2026-05-24T15:00:00Z,38,3.6082785
522,Yasin Ayari,3.0,1,1.840832047565444,1.809043192946828,1.7503560523911208,1.6644300751948404,1.22773277493323,1.230558127920629,1.293397159421104,1.3794963287296922,4.0,166.0,2.0,180.0,201.0,1921.0,48.0,,3.4,0.4,148.0,1.8979750167610736,1.6183302800534345,1.5159138462337038,1.5053512875565596,0.950092104134086,0.996701352389878,1.117944961587651,1.2325660053177352,0.1481736724100655,8.858011875115086,4.586603059521119,2.7584159941370734,0.0453422696102577,0.5830933398582855,0.0,3.868197964780715,0.0337238890845482,0.0172341519992959,0.442586690604504,35.902258031899294,2.204888816790878,0.1772939988097221,11.69212598276215,6.721300461746709,3.3098981721131993,0.0855300255613027,0.6736550070861429,0.0,5.88945742298845,0.0640876548724964,0.0305322872391035,0.6931332446132875,50.24779859190721,2.771665035880019,0.1672990972307432,12.696865641365148,8.853177002883495,3.2946326324238187,0.098168862072524,0.7714803600789677,0.0,6.972827101874397,0.0793335584471219,0.0424352115723129,0.8361718547931224,58.2512107213837,2.9324188483374147,0.1545905721873064,12.669777455590518,10.457104559571818,3.0923449964537584,0.0934761719986163,0.8188164942026039,0.0,7.331040916473789,0.0824966238048892,0.050586049223761,0.8865112599856734,60.83010860239103,2.893400983605757,4.0,778.0,784.3,177.0,5.0,54.0,0.0,481.0,5.209999999999999,3.7699999999999982,58.35,3944.0,177.10477132564753,0.0912778904665314,17.753549695740364,17.89731237322515,4.039046653144016,0.1140973630831643,1.2322515212981744,0.0,10.976166328600405,0.1188894523326571,0.0860294117647058,1.3315162271805274,4.0414374795406385,0.959692898272553,Brighton,Manchester Utd,2026-05-24T15:00:00Z,38,2.328647
523,Yehor Yarmoliuk,3.0,0,1.8359064248683763,1.78747508218593,1.7882183641372678,1.8851857440962256,1.8952567438828445,1.5796778656740686,1.420205125806682,1.3092227962416565,,155.0,,186.0,149.0,2652.0,50.0,,2.8,0.1,262.0,1.1748714775842306,1.3043720462789254,1.4045468873177778,1.4575194754261969,1.4066036186219488,1.3314196026761185,1.3311119711831043,1.3665151862017706,0.2031331105383884,15.243589793217703,6.16665731625467,3.698641287365597,0.0056295009816146,1.2641397442590363,0.0,1.4557057039539734,0.0088337868477693,0.0273771926871273,1.3453462522006776,79.09156818320072,3.1388785496881617,0.1197517552715684,13.174633382142956,6.492422315689632,3.0816430020291663,0.0185445470972918,1.1297109757246833,0.0,2.0559938762305183,0.0197743128354923,0.0310909498890542,1.1593629979231357,73.45424123850697,2.8836619876753184,0.093003311384922,12.054287422465654,6.8380349987086655,2.7330274106058177,0.0227001322364487,1.0725871724109195,0.0,2.6311326967772573,0.0260765326683069,0.0347144371523029,1.0780334899255215,69.62062389216568,2.7172811972531363,0.0852785151757537,11.298275776726827,6.957598326484101,2.4811952986989945,0.0203026739184682,1.0362050717864764,0.0,2.8843139773584183,0.0273380929378816,0.0353773380989783,1.033482334962003,65.97028731332097,2.551110447960915,3.0,703.0,469.1,147.0,1.0,67.0,0.0,206.0,1.84,2.2999999999999994,66.74,4087.0,156.60150042537836,0.0660631269880107,15.480792757523854,10.33007095669195,3.2370932224125277,0.0220210423293369,1.475409836065574,0.0,4.536334719843406,0.0405187178859799,0.0506483973574749,1.4696843650599465,3.4485282697049304,0.5434782608695653,Brentford,Liverpool,2026-05-24T15:00:00Z,38,2.226723
524,Yerson Mosquera Valdelamar,2.0,0,0.7880939941043962,0.88089881267518,0.9708858168980458,1.0216470235091468,1.9916444456516489,2.0329944594527656,2.001641049126402,1.9158268090481736,,253.0,,201.0,181.0,2047.0,43.0,,2.2,0.1,134.0,0.5892227469066972,0.7076212761886956,0.7867373521018872,0.8837968096905914,1.9445521292894057,1.788732804211168,1.7328812565570086,1.710429327457707,0.0,5.017297101535295,3.9929673553970497,2.608573758586264,0.0,1.6377083736034033,0.0,10.564872091052049,0.1434258401268645,0.0268550529416565,1.4947670748061397,83.75525997256076,3.809052422722189,0.0,7.1943243343585745,4.887043564330003,2.792342991576021,0.0,1.550650754321838,0.0,10.310935979865755,0.1145046953434942,0.0262654391584942,1.4734710307529308,82.53812242204295,3.635610295170513,0.0,7.757103594367792,5.239169692931421,2.70700363862041,0.0,1.5162996475517456,0.0,10.115740165344569,0.1011091310116325,0.02481078839367,1.4304142235801476,81.1357362306878,3.484264824940377,0.0,7.805333242263961,5.339941641909827,2.6023276309224053,0.0,1.505704006206851,0.0,9.96318555623574,0.0944172724587143,0.023818005220891,1.399281788433668,80.06220885978787,3.377655025898231,0.0,200.0,139.7,64.0,0.0,39.0,0.0,254.0,2.28,0.59,35.44,2047.0,84.51877146370154,0.0,8.793356130923302,6.142159257449926,2.8138739618954567,0.0,1.714704445530044,0.0,11.167562286272592,0.1002442598925256,0.0259404005862237,1.5581827063996092,3.716018286142227,0.0,Wolves,Burnley,2026-05-24T15:00:00Z,38,3.1075754
525,Yoane Wissa,4.0,0,0.6778779658843567,0.924018470010329,1.1073081949231147,1.2014107865787766,1.1735260962061695,1.2474230176816807,1.319555879612648,1.3684865116798042,,386.0,,383.0,426.0,493.0,73.0,,1.5,0.6,224.0,1.3275696596803437,1.3822876109761566,1.4569662457029895,1.5517182423639602,1.3846503455189316,1.4919863902684225,1.457703428287506,1.4015191720577116,0.130348143400182,2.808427349880018,1.0022521707741134,1.4651175593629884,0.0205806545755398,0.4796326939105541,0.0,5.9128597425572185,0.1842450105922002,0.0121550390689449,0.4487508030878682,19.906478962786004,1.7813488957313377,0.0953047284603332,5.806851639727321,3.0815153696409388,2.0426476796243027,0.1045549790050793,0.6469579111746118,0.0,11.78225572740746,0.2366137572886148,0.0272762196806598,0.5976532280791694,32.90571911380976,2.382285097454085,0.074860769560055,10.183160607720575,5.850342010306504,2.921866856202195,0.2258918061340666,0.8409719536775475,0.0,18.530550517966216,0.3065972799848843,0.0413844602206786,0.7920927134652304,48.53454744211948,3.1487226348114117,0.0649318023138523,13.141888055907,7.791924607997603,3.5093389379273807,0.3112612560241745,0.9911104203650746,0.0,22.36522871926055,0.3372626025728679,0.0470818702830788,0.9330475409694312,58.18392781020283,3.592937653113986,1.0,1666.0,993.1,432.0,41.0,123.0,0.0,2676.0,35.47,5.089999999999998,118.13,7006.0,413.3728357395026,0.012846131886954,21.40165572366543,12.757493576934058,5.549528975164145,0.5266914073651155,1.5800742220953468,0.0,34.37624892948901,0.4556522980302597,0.065386811304596,1.5175135598058809,5.310241966393838,1.1559063997744574,Newcastle Utd,Fulham,2026-05-24T15:00:00Z,38,2.5068855
526,Youri Tielemans,3.0,0,2.0877065823215184,2.0313064824181177,1.9983975655290631,1.9899321472113032,0.7760600908270671,0.8320655962724971,0.902284812718804,0.9638814197680602,5.0,57.0,,116.0,163.0,1840.0,59.0,4.0,2.8,0.7,209.0,1.424659845595926,1.3770523245396504,1.3994154522796445,1.4275718895734348,1.7410900299291667,1.5638149433821844,1.4245896822370918,1.376900592278413,0.0471196448424136,17.482991324277002,15.373080013145266,2.5674552456270083,0.001055850548451,1.385569763624004,0.0,5.641473308114793,0.03319689901391,0.0901577036264849,1.2808962682188596,82.80443487446344,3.067405850297587,0.1081204945649492,17.995350157274114,18.963940824348807,2.844994732126964,0.0141247783232544,1.2843347416292548,0.0,6.799269287079506,0.0444130217506649,0.1141901839805443,1.268641264982805,79.91868728440801,3.1917847611443655,0.1415321003096142,18.33198533217854,21.19819808375864,3.06002364259021,0.0383698057877681,1.252427021476616,0.0,8.16085333330209,0.0577918207939459,0.122508034492276,1.2320957183950323,78.12713522046917,3.226482323620167,0.1555932972810683,17.861238877889438,21.605921271052587,3.088764155750918,0.0596740240325084,1.2503595328152712,0.0,8.666884262860366,0.0675464432360158,0.1206240951553985,1.2069460736362867,75.98883458009482,3.1451136256938206,4.0,2362.0,2901.7999999999997,428.0,14.0,179.0,0.0,1391.0,12.4,14.839999999999996,169.75,10179.0,414.328595683071,0.035366931918656,20.8841732979664,25.65694076038903,3.784261715296198,0.1237842617152962,1.5826702033598583,0.0,12.298850574712644,0.1096374889478337,0.1312113174182139,1.5008841732979663,3.663382808868886,1.1290322580645162,Aston Villa,Manchester City,2026-05-24T15:00:00Z,38,2.5065963
527,Yves Bissouma,3.0,1,1.6283071946132468,1.5057146814462412,1.3634947000475075,1.2786717611892149,2.0676488183511657,1.6928646449335476,1.4536958060334333,1.368632576429858,,398.0,,408.0,389.0,600.0,52.0,,1.5,0.0,386.0,0.950321550614572,1.028119493392176,1.1786649031819154,1.347706963202057,1.6148774391888316,1.747230672119112,1.703994692647116,1.638770887953127,0.0,6.645697014122964,2.177334501603055,1.3884795452779963,0.000142950432077,1.3106369490468528,0.0,0.7285472459271181,0.013926345683733,0.0062047009073813,0.8455917764995791,50.32559751009707,1.5079198463848944,0.0,7.415531235138692,2.6558011198376845,1.4089764087091297,0.0046065147463722,1.3627922058252266,0.0,1.4096577770406655,0.0210461783189184,0.0084615746068145,0.965554064246186,50.854674171224296,1.553690248678675,0.0,8.458231076551895,3.917142555964289,1.5145422613448285,0.0159376432931242,1.2900061007937536,0.0,2.0807198506878386,0.0253158141298887,0.0153636094460827,1.0346749088098273,53.59258086227121,1.6356423397450917,0.0,9.776587699297702,5.379048701244799,1.6489847015681345,0.0214821222486001,1.2193251308998994,0.0,2.9136640436304284,0.0290041955418071,0.0244303430958367,1.090888563683522,59.772572895012935,1.7784035219011198,0.0,1302.0,795.8,207.0,2.0,126.0,0.0,457.0,3.699999999999998,3.979999999999998,126.39,8016.0,225.53736940408663,0.0,14.618263473053892,8.934880239520957,2.3241017964071857,0.0224550898203592,1.4146706586826348,0.0,5.130988023952096,0.0415419161676646,0.0446856287425149,1.4190494011976047,2.5322309439081585,0.5405405405405408,Tottenham,Everton,2026-05-24T15:00:00Z,38,1.7811799
528,Yéremy Pino Santos,3.0,1,1.5307612174333038,1.704751939684622,1.7738301193564938,1.7869121026055728,0.4657699536268272,0.6514597285203065,0.7347335178883116,0.7858168606284246,2.0,25.0,1.0,79.0,240.0,2029.0,58.0,,2.2,0.2,85.0,0.8536648314803988,0.9633492160206902,1.1009359698913324,1.2156295095884035,1.959796680245826,1.6478487045487895,1.45378389198278,1.3520910246488829,0.0023073054377752,6.434161805279772,15.033930849847703,1.2962269625366798,0.0121834300646945,1.0346400630641417,0.0,4.853485233331607,0.053564859630035,0.1144342885357082,0.7302228810866952,48.42520497363042,1.8908211447325711,0.0125453565492846,7.830578601644909,18.12224828082792,1.7075923302614957,0.0353747889676632,0.9011323495418996,0.0,7.247640176329528,0.08116738059759,0.1486696020216259,0.7850672422700318,53.26789532255621,2.436841451416774,0.0219667466715786,8.731095825753211,19.735159683938356,1.9877530361068976,0.0502895227495194,0.8607970382444441,0.0,9.035281107521165,0.1037449274889748,0.1661321042981712,0.8322087245280709,57.53441040337717,2.8039366796433653,0.0266046375733282,9.115202134385813,20.32353205921114,2.1137836144501434,0.0564220153836428,0.8415891305046006,0.0,9.903105200396435,0.1163250985835271,0.1724408464024576,0.8533332753001555,59.67054057164108,2.97586041556699,1.0,310.0,682.1,73.0,2.0,27.0,0.0,351.0,4.25,5.81,28.65,2029.0,102.93187715293269,0.0443568260226712,13.750616067028092,30.25579103006407,3.238048299655002,0.0887136520453425,1.197634302612124,0.0,15.569245933957614,0.1885165105963528,0.25771315919172,1.2708230655495316,4.565731367059605,0.4705882352941176,Crystal Palace,Arsenal,2026-05-24T15:00:00Z,38,2.0672953
529,Zach Abbott,2.0,1,1.5322076893718972,1.5176230765891512,1.5246329989409293,1.5307653860088308,0.8043382958227075,1.0216501233696416,1.230935744218627,1.342933417719982,,447.0,,472.0,455.0,165.0,38.0,,1.0,0.2,488.0,2.4022021029040563,1.738017328599701,1.4013359954710596,1.2714652535011055,0.7578406875092307,0.9967963935573092,1.1892752036586662,1.297894821921181,0.0,0.8196721311475409,2.0672131147540984,1.0,0.0,1.2459016393442623,0.0,0.0,0.0,0.0032786885245901,1.1242622950819674,54.83606557377049,1.0259802296444631,0.0,0.904059040590406,2.109225092250923,1.0,0.0,1.2952029520295203,0.0,0.0,0.0,0.0033210332103321,1.1440221402214024,54.963099630996304,1.0191514512180688,0.0,0.950920245398773,2.123225241016652,1.0,0.0,1.3155127081507452,0.0,0.0,0.0,0.0033304119193689,1.1511218229623137,54.99123575810692,1.0151311133800522,0.0,0.9752189703054902,2.1287331766716515,1.0,0.0,1.3247169408246102,0.0,0.0,0.0,0.0033326212347788,1.1540760521256144,54.99786370433667,1.013003620745914,0.0,3.0,6.4,3.0,0.0,4.0,0.0,0.0,0.0,0.01,3.47,165.0,3.032427056953164,0.0,1.6363636363636362,3.4909090909090907,1.6363636363636362,0.0,2.1818181818181817,0.0,0.0,0.0,0.0054545454545454,1.8927272727272728,1.6540511219744531,,Nottingham Forest,Bournemouth,2026-05-24T15:00:00Z,38,1.7761163
530,Zeki Amdouni,4.0,1,0.6713781975253578,0.7368591485710255,0.7974005780690301,0.886711191832273,1.7556417034315248,1.7098595237868155,1.6962368721663368,1.692611722456014,,466.0,,482.0,500.0,45.0,48.0,,1.0,0.0,408.0,0.9851174926304958,0.9787764719265952,1.022008359547608,1.0484439670146557,2.2395555570645613,2.1477716373262017,2.054383025950329,1.939848177190176,0.0,3.986502046045138,2.828998753059039,1.4916329862819229,0.0616225158056253,0.4230748995858707,0.0,7.193619240680018,0.1457449710744424,0.009130302525028,0.4067972307212792,24.058609965804273,1.7902647966228675,0.0,5.064133765565796,4.172818667605887,1.830165093106516,0.0978823238657074,0.6888096229998277,0.0,9.574855023206473,0.1523775158223766,0.0174849490804266,0.615293164191388,33.62144156717418,1.9808890536369148,0.0,5.956421544719726,5.457611982244784,2.1062843823749815,0.1191870513500211,0.8892160609443476,0.0,11.756432658312873,0.1542943230382406,0.0251091027834349,0.7838383397670813,43.19012584262054,2.1632045945545566,0.0,6.423229772834719,6.1452437555093,2.250716205357382,0.1283337523642548,0.9990681347389376,0.0,12.999269412869506,0.1553962723192672,0.0293103617343308,0.879063440613906,48.69893342841957,2.269987061643108,0.0,253.0,249.7,88.0,5.0,41.0,0.0,525.0,5.789999999999999,1.229999999999999,36.0,1998.0,87.79539087310795,0.0,11.396396396396398,11.247747747747749,3.963963963963964,0.2252252252252252,1.8468468468468469,0.0,23.64864864864865,0.2608108108108107,0.0554054054054053,1.6216216216216215,3.954747336626484,0.8635578583765113,Burnley,Wolves,2026-05-24T15:00:00Z,38,2.085766
531,Zian Flemming,4.0,1,0.6713781975253578,0.7368591485710255,0.7974005780690301,0.886711191832273,1.7556417034315248,1.7098595237868155,1.6962368721663368,1.692611722456014,,240.0,5.0,115.0,158.0,1680.0,53.0,1.0,3.2,0.5,49.0,0.9851174926304958,0.9787764719265952,1.022008359547608,1.0484439670146557,2.2395555570645613,2.1477716373262017,2.054383025950329,1.939848177190176,0.0,12.925929239050571,6.993462378826061,3.9992760524561297,0.3699520702727529,1.789681509141987,0.0,18.682223613209437,0.3392175280104291,0.0194768802311797,1.5700398908206723,80.37971258288826,3.3377733379088546,0.0,12.997910360223276,6.628269181807521,3.9265238746983617,0.3755921448183845,1.6122088100491352,0.0,19.89569167725792,0.3305147145509346,0.0176585194182947,1.4903621849261144,73.21683139031597,3.387309172641158,0.0,12.643502449363211,6.141492450813167,3.729398066180544,0.3697429017154958,1.4321529378882607,0.0,19.509756938069607,0.3103477849291504,0.0160184874520697,1.3890444121984296,67.13657951754536,3.2582211792610907,0.0,12.39074130231085,5.83885586320343,3.601710987035793,0.3643116384234249,1.3254870159565826,0.0,18.99369167360541,0.2959392441256814,0.0150142763046237,1.3264032853063557,63.63326228699917,3.1549846504721115,0.0,339.0,154.6,97.0,10.0,34.0,0.0,512.0,7.82,0.39,35.27,1680.0,84.93962411028716,0.0,18.160714285714285,8.282142857142857,5.196428571428572,0.5357142857142857,1.8214285714285716,0.0,27.42857142857143,0.4189285714285714,0.0208928571428571,1.8894642857142856,4.55033700590824,1.278772378516624,Burnley,Wolves,2026-05-24T15:00:00Z,38,3.735083
532,Álex Jiménez Sánchez,2.0,0,2.1739274766868766,1.800014640187395,1.4843813892721411,1.3253187290721609,1.2760144320047273,1.197664595650709,1.2623114361549288,1.3267371701590465,,149.0,,163.0,161.0,2315.0,45.0,,2.4,0.2,183.0,1.5394681433044872,1.4878231452918107,1.5066338642079995,1.521140229505323,1.180348234028727,1.2642663282037356,1.3774592870926032,1.4238430649374918,0.0073932252845669,12.776568038652858,11.641953930682131,3.0878160494217304,0.0137575201352133,0.9365256069235912,0.0,4.4200142999216165,0.0195422710424851,0.0733312271431924,1.2729148469300458,83.76160619156282,3.7485170546037514,0.0313830253933403,11.780858722862623,10.87959557851226,2.893155148108136,0.0293632204823433,1.0714786323169043,0.0,5.458136126652401,0.0302437925904679,0.0708056985846104,1.3475860589457087,81.6454202171361,3.5377408428827306,0.0499611077873953,10.832884467092152,9.947908949967712,2.719386830816118,0.0339382439856272,1.175687818239803,0.0,5.901994124582871,0.0344955841718549,0.0649146054833045,1.3582721967595832,79.0897847682009,3.3098207459959172,0.058309971431778,10.232520334242112,9.342476270017414,2.596857383343239,0.0339270394780998,1.2228732119729049,0.0,5.980633250896617,0.0353548665954546,0.0606582445089052,1.348241163709912,77.11613215758742,3.15171502793266,2.0,297.0,269.3,76.0,1.0,39.0,0.0,184.0,1.09,1.73,41.11,2315.0,92.05440692492468,0.0777537796976241,11.546436285097192,10.469546436285098,2.9546436285097193,0.038876889848812,1.5161987041036715,0.0,7.153347732181425,0.0423758099352051,0.0672570194384449,1.5982289416846651,3.578789038118022,0.9174311926605504,Bournemouth,Nottingham Forest,2026-05-24T15:00:00Z,38,2.5475643
533,Đorđe Petrović,1.0,0,2.1739274766868766,1.800014640187395,1.4843813892721411,1.3253187290721609,1.2760144320047273,1.197664595650709,1.2623114361549288,1.3267371701590465,,777.0,,197.0,30.0,3330.0,46.0,,3.3,5.0,765.0,1.665259611714872,1.5751367596388566,1.5522578466798904,1.5446869163772212,0.7554228697783842,1.0240556929622369,1.2430957966446117,1.3519282732907731,0.0,15.94084240291926,0.0,3.845819322957903,0.0,0.804402477568543,2.3732601954145607,0.0,0.0,0.0,1.43606701875944,90.0,4.582061624479935,0.0,15.170686212562371,0.0,3.647370887773485,0.0,1.0258603608572148,2.6191465797925275,0.0,0.0,0.0,1.4913684380018928,90.0,4.399205132623859,0.0,14.60645573699344,0.0,3.4633023442406587,0.0,1.2534466026865825,2.782317241768092,0.0,0.0,0.0,1.5109914068843826,90.0,4.196149559466342,0.0,14.50301281414461,0.0,3.369460853512651,0.0,1.3826852804626604,2.856771034324853,0.0,0.0,0.0,1.511563151037303,90.0,4.068256781534811,0.0,702.0,0.0,161.0,0.0,72.0,140.0,0.0,0.0,0.0,73.82000000000001,4410.0,188.91039611342623,0.0,14.326530612244897,0.0,3.285714285714286,0.0,1.469387755102041,2.8571428571428568,0.0,0.0,0.0,1.506530612244898,3.8553142063964545,,Bournemouth,Nottingham Forest,2026-05-24T15:00:00Z,38,3.1754608
