,can_transact,can_select,chance_of_playing_next_round,chance_of_playing_this_round,code,cost_change_event,cost_change_event_fall,cost_change_start,cost_change_start_fall,price_change_percent,dreamteam_count,element_type,ep_next,ep_this,event_points,first_name,form,id,in_dreamteam,news,news_added,now_cost,photo,points_per_game,removed,second_name,selected_by_percent,special,squad_number,status,team,team_code,total_points,transfers_in,transfers_in_event,transfers_out,transfers_out_event,value_form,value_season,web_name,known_name,region,team_join_date,birth_date,has_temporary_code,opta_code,minutes,goals_scored,assists,clean_sheets,goals_conceded,own_goals,penalties_saved,penalties_missed,yellow_cards,red_cards,saves,bonus,bps,influence,creativity,threat,ict_index,clearances_blocks_interceptions,recoveries,tackles,defensive_contribution,starts,expected_goals,expected_assists,expected_goal_involvements,expected_goals_conceded,corners_and_indirect_freekicks_order,corners_and_indirect_freekicks_text,direct_freekicks_order,direct_freekicks_text,penalties_order,penalties_text,scout_risks,scout_news_link,influence_rank,influence_rank_type,creativity_rank,creativity_rank_type,threat_rank,threat_rank_type,ict_index_rank,ict_index_rank_type,expected_goals_per_90,saves_per_90,expected_assists_per_90,expected_goal_involvements_per_90,expected_goals_conceded_per_90,goals_conceded_per_90,now_cost_rank,now_cost_rank_type,form_rank,form_rank_type,points_per_game_rank,points_per_game_rank_type,selected_rank,selected_rank_type,starts_per_90,clean_sheets_per_90,defensive_contribution_per_90,team_name,name,season
0,True,True,,,154561,0,0,0,0,0,0,1,4.0,,0,David,0.0,1,False,,,60,154561.jpg,4.4,False,Raya Martín,33.4,False,,a,1,3,162,0,0,0,0,0.0,27.0,Raya,,200.0,2024-07-04,1995-09-15,False,p154561,3330,0,0,19,26,0,0,0,1,0,60,11,633,541.6,33.5,0.0,57.5,37,304,1,0,37,0.00,0.07,0.07,27.56,,,,,,,[],,96,16,304,3,580,66,229,16,0.0,1.62,0.0,0.0,0.74,0.7,60,1,485,66,32,3,5,1,1.0,0.51,0.0,Arsenal,David Raya Martín,25-26
1,True,True,,,109745,0,0,0,0,0,0,1,2.6,,0,Kepa,0.0,2,False,,,50,109745.jpg,2.0,False,Arrizabalaga Revuelta,0.1,False,,a,1,3,2,0,0,0,0,0.0,0.4,Arrizabalaga,,200.0,2025-07-01,1994-10-03,False,p109745,90,0,0,0,1,0,0,0,0,0,2,0,11,19.8,0.0,0.0,2.0,3,8,0,0,1,0.00,0.00,0.00,0.98,,,,,,,[],,357,30,496,59,490,54,373,30,0.0,2.0,0.0,0.0,0.98,1.0,233,9,210,51,285,28,423,47,1.0,0.0,0.0,Arsenal,Kepa Arrizabalaga Revuelta,25-26
2,True,True,,,437495,0,0,0,0,0,0,1,2.6,,0,Illan,0.0,3,False,,,50,437495.jpg,0.0,False,Meslier,0.1,False,,a,1,3,0,0,0,0,0,0.0,0.0,Meslier,,73.0,2026-07-09,2000-03-02,False,p437495,0,11,0,0,0,0,0,0,0,0,0,0,11,0.0,0.0,0.0,0.0,0,0,0,0,0,0.00,0.00,0.00,0.00,,,,,,,[],,519,65,516,62,513,60,519,65,0.0,0.0,0.0,0.0,0.0,0.0,297,15,274,57,519,65,498,56,0.0,0.0,0.0,Arsenal,Illan Meslier,25-26
3,True,True,,,226597,0,0,0,0,0,0,2,4.0,,0,Gabriel,0.0,4,False,,,80,226597.jpg,6.5,False,dos Santos Magalhães,28.4,False,,a,1,3,209,0,0,0,0,0.0,26.1,Gabriel,Gabriel Magalhães,30.0,2020-09-01,1997-12-19,False,p226597,2750,3,5,18,20,0,0,0,4,0,0,30,724,824.0,128.5,298.0,125.0,239,64,38,277,30,2.94,1.75,4.69,22.01,,,,,,,[],,25,9,219,61,101,15,80,18,0.1,0.0,0.06,0.16,0.72,0.65,9,1,581,194,4,1,7,1,0.98,0.59,9.07,Arsenal,Gabriel dos Santos Magalhães,25-26
4,True,True,0.0,,445122,0,0,0,0,0,0,2,0.0,,0,Jurriën,0.0,5,False,Groin injury - Unknown return date,2026-07-23T12:01:23.272929Z,65,445122.jpg,5.0,False,Timber,0.3,False,,i,1,3,149,0,0,0,0,0.0,22.9,J.Timber,Jurriën Timber,152.0,2023-07-14,2001-06-17,False,p445122,2452,3,6,13,20,0,0,0,5,0,0,9,532,499.0,402.6,352.0,125.7,82,97,66,148,28,4.71,1.53,6.24,17.45,,,,,,,[],https://www.arsenal.com/news/artetas-update-on-rice-saka-saliba-and-timber-apAqr8i40BvM,114,49,76,18,76,9,79,17,0.17,0.0,0.06,0.23,0.64,0.73,47,3,552,192,13,3,328,122,1.03,0.48,5.43,Arsenal,Jurriën Timber,25-26
5,True,True,0.0,,462424,0,0,0,0,0,0,2,0.0,,0,William,0.0,6,False,Back injury - Unknown return date,2026-07-23T12:01:23.289376Z,60,462424.jpg,4.4,False,Saliba,0.4,False,,i,1,3,137,0,0,0,0,0.0,22.8,Saliba,,73.0,2019-07-25,2001-03-24,False,p462424,2614,1,0,15,20,0,0,0,2,0,0,12,581,552.6,201.0,90.0,84.3,158,113,35,193,30,0.88,1.21,2.09,20.41,,,,,,,[],https://www.arsenal.com/news/artetas-update-on-rice-saka-saliba-and-timber-apAqr8i40BvM,92,41,167,41,245,76,164,57,0.03,0.0,0.04,0.07,0.7,0.69,88,9,513,189,34,13,284,107,1.03,0.52,6.64,Arsenal,William Saliba,25-26
6,True,True,,,499169,0,0,0,0,0,0,3,2.0,,0,Myles,0.0,7,False,,,55,499169.jpg,1.4,False,Lewis-Skelly,0.5,False,,a,1,3,29,0,0,0,0,0.0,5.3,Lewis-Skelly,,241.0,2022-12-04,2006-09-26,False,p499169,697,0,0,2,8,0,0,0,3,0,0,0,110,73.2,74.6,29.0,17.6,17,30,8,25,5,0.10,0.20,0.30,9.01,,,,,,,[],,318,144,262,145,302,157,315,150,0.01,0.0,0.03,0.04,1.16,1.03,193,119,451,170,341,155,271,87,0.65,0.26,3.23,Arsenal,Myles Lewis-Skelly,25-26
7,True,True,,,466075,0,0,0,0,0,0,2,2.5,,0,Riccardo,0.0,8,False,,,55,466075.jpg,4.2,False,Calafiori,24.6,False,,a,1,3,109,0,0,0,0,0.0,19.8,Calafiori,,106.0,2024-07-29,2002-05-19,False,p466075,1697,1,2,13,8,0,0,0,5,0,0,6,389,283.0,182.3,313.0,77.9,70,74,32,102,22,3.36,0.76,4.12,9.72,,,,,,,[],,211,80,182,46,93,12,178,62,0.18,0.0,0.04,0.22,0.52,0.42,178,25,436,175,41,16,11,2,1.17,0.69,5.41,Arsenal,Riccardo Calafiori,25-26
8,True,True,,,448104,0,0,0,0,0,0,2,2.5,,0,Piero,0.0,9,False,,,55,448104.jpg,3.5,False,Hincapié,3.0,False,,a,1,3,87,0,0,0,0,0.0,15.8,Hincapie,,62.0,2026-07-01,2002-01-09,False,p448104,1787,1,2,5,19,1,0,0,2,0,0,7,335,453.6,184.7,72.0,70.9,123,63,48,171,20,0.36,1.67,2.03,17.53,,,,,,,[],,129,54,180,45,258,82,196,65,0.02,0.0,0.08,0.1,0.88,0.96,168,22,426,172,105,43,100,38,1.01,0.25,8.61,Arsenal,Piero Hincapié,25-26
9,True,True,100.0,,198869,0,0,0,0,0,0,2,2.5,,0,Benjamin,0.0,10,False,,2026-07-23T12:01:23.305229Z,55,198869.jpg,3.8,False,White,2.4,False,,a,1,3,45,0,0,0,0,0.0,8.2,White,,241.0,2021-07-30,1997-10-08,False,p198869,699,0,1,5,6,0,0,0,0,0,0,3,181,154.8,133.4,54.0,34.3,38,28,15,53,9,0.45,0.69,1.14,8.68,,,,,,,[],,272,101,213,58,275,89,280,92,0.06,0.0,0.09,0.15,1.12,0.77,129,13,387,163,71,27,118,48,1.16,0.64,6.82,Arsenal,Benjamin White,25-26
10,True,True,,,500040,0,0,0,0,0,0,2,2.5,,0,Cristhian,0.0,11,False,,,55,500040.jpg,2.0,False,Mosquera,11.9,False,,a,1,3,40,0,0,0,0,0.0,7.3,Mosquera,,200.0,2025-07-24,2004-06-27,False,p500040,986,0,0,3,8,0,0,0,4,0,0,1,195,219.2,88.7,20.0,32.9,63,35,32,95,9,0.10,0.63,0.73,9.04,,,,,,,[],,239,90,243,79,310,108,282,93,0.01,0.0,0.06,0.07,0.83,0.73,195,29,453,179,288,110,34,12,0.82,0.27,8.67,Arsenal,Cristhian Mosquera,25-26
11,True,True,,,223340,0,0,0,0,0,0,3,3.2,,0,Bukayo,0.0,12,False,,,95,223340.jpg,5.1,False,Saka,9.9,False,,a,1,3,157,0,0,0,0,0.0,16.5,Saka,,241.0,2018-11-28,2001-09-05,False,p223340,2218,7,10,12,16,0,0,0,2,0,0,18,570,627.0,847.6,828.0,230.6,28,116,40,184,25,7.57,7.16,14.73,15.57,2.0,,2.0,,1.0,,[],,68,20,12,11,11,6,10,8,0.31,0.0,0.29,0.6,0.63,0.65,3,2,587,258,12,6,46,16,1.01,0.49,7.47,Arsenal,Bukayo Saka,25-26
12,True,True,,,204480,0,0,0,0,0,0,3,2.6,,0,Declan,0.0,13,False,,,75,204480.jpg,5.1,False,Rice,20.4,False,,a,1,3,184,0,0,0,0,0.0,24.5,Rice,,241.0,2023-07-15,1999-01-14,False,p204480,3093,4,9,18,25,0,0,0,3,0,0,23,790,827.2,1027.4,298.0,215.4,127,180,69,376,35,3.15,7.32,10.47,23.87,1.0,,1.0,,,,[],,24,8,4,4,100,63,14,11,0.09,0.0,0.21,0.3,0.69,0.73,13,8,569,248,9,4,17,6,1.02,0.52,10.94,Arsenal,Declan Rice,25-26
13,True,True,,,232413,0,0,0,0,0,0,3,2.3,,0,Eberechi,0.0,14,False,,,65,232413.jpg,3.4,False,Eze,2.6,False,,a,1,3,113,0,0,0,0,0.0,17.4,Eze,,241.0,2025-08-23,1998-06-29,False,p232413,1885,7,3,11,14,0,0,0,1,0,0,8,439,393.4,305.7,455.0,115.1,22,79,19,120,22,5.18,2.66,7.84,14.21,,,3.0,,,,[],,156,61,123,85,47,28,95,54,0.25,0.0,0.13,0.38,0.68,0.67,41,28,546,230,122,50,110,36,1.05,0.53,5.73,Arsenal,Eberechi Eze,25-26
14,True,True,,,184029,0,0,0,0,0,0,3,2.3,,0,Martin,0.0,15,False,,,65,184029.jpg,3.1,False,Ødegaard,4.7,False,,a,1,3,74,0,0,0,0,0.0,11.4,Ødegaard,,161.0,2021-08-20,1998-12-17,False,p184029,1363,1,7,6,13,0,0,0,0,0,0,5,306,311.8,564.4,168.0,104.4,13,70,19,102,16,1.25,3.65,4.90,16.20,4.0,,,,3.0,,[],,196,85,39,36,180,98,120,68,0.08,0.0,0.24,0.32,1.07,0.86,35,23,540,225,163,62,76,27,1.06,0.4,6.74,Arsenal,Martin Ødegaard,25-26
15,True,True,,,248857,0,0,0,0,0,0,3,2.3,,0,Noni,0.0,16,False,,,65,248857.jpg,2.8,False,Madueke,0.3,False,,a,1,3,72,0,0,0,0,0.0,11.1,Madueke,,241.0,2025-07-18,2002-03-10,False,p248857,1205,3,1,8,9,0,0,0,0,0,0,9,254,257.4,352.8,404.0,101.3,14,35,21,70,16,1.23,2.86,4.09,12.77,6.0,,,,,,[],,221,98,98,71,64,38,126,72,0.09,0.0,0.21,0.3,0.95,0.67,43,30,548,232,201,77,300,98,1.2,0.6,5.23,Arsenal,Noni Madueke,25-26
16,True,True,,,195384,0,0,0,0,0,0,3,2.1,,0,Mikel,0.0,17,False,,,60,195384.jpg,3.0,False,Merino Zazón,0.9,False,,a,1,3,67,0,0,0,0,0.0,11.2,Merino,,200.0,2024-08-27,1996-06-22,False,p195384,1024,4,3,4,10,0,0,0,1,0,0,5,236,304.4,191.8,244.0,73.6,30,57,26,113,10,3.36,1.45,4.81,7.36,,,,,,,[],,199,88,176,118,119,69,189,94,0.3,0.0,0.13,0.43,0.65,0.88,64,42,489,191,175,68,197,67,0.88,0.35,9.93,Arsenal,Mikel Merino Zazón,25-26
17,True,True,,,444145,0,0,0,0,0,0,3,2.3,,0,Gabriel,0.0,18,False,,,65,444145.jpg,1.9,False,Martinelli Silva,0.3,False,,a,1,3,57,0,0,0,0,0.0,8.8,Martinelli,Gabriel Martinelli,30.0,2019-07-15,2001-06-18,False,p444145,1065,1,5,2,8,0,0,0,3,0,0,3,195,204.6,202.2,390.0,79.0,13,52,12,77,11,4.12,1.27,5.39,10.51,,,,,,,[],,249,112,166,111,69,42,177,86,0.35,0.0,0.11,0.46,0.89,0.68,45,32,550,234,298,130,317,108,0.93,0.17,6.51,Arsenal,Gabriel Martinelli Silva,25-26
18,True,True,,,481655,0,0,0,0,0,0,3,2.0,,0,Martín,0.0,19,False,,,55,481655.jpg,3.5,False,Zubimendi Ibáñez,1.3,False,,a,1,3,133,0,0,0,0,0.0,24.2,Zubimendi,,200.0,2025-07-06,1999-02-02,False,p481655,2991,5,1,16,25,0,0,0,4,0,0,9,604,603.2,385.1,271.0,126.2,123,116,68,307,34,2.84,2.27,5.11,26.09,,,,,,,[],,74,24,85,63,110,64,78,49,0.09,0.0,0.07,0.16,0.79,0.75,185,113,443,164,107,42,168,55,1.02,0.48,9.24,Arsenal,Martín Zubimendi Ibáñez,25-26
19,True,True,,,616077,0,0,0,0,0,0,3,2.0,,0,Max,0.0,20,False,,,55,616077.jpg,2.7,False,Dowman,0.2,False,,a,1,3,16,0,0,0,0,0.0,2.9,Dowman,,241.0,2025-07-22,2009-12-31,False,p616077,152,1,1,1,1,0,0,0,0,0,0,0,51,45.2,55.5,65.0,16.6,1,13,2,16,1,1.19,0.30,1.49,0.88,,,,,,,[],,338,154,279,153,264,140,318,152,0.7,0.0,0.18,0.88,0.52,0.59,219,137,477,188,212,83,388,144,0.59,0.59,9.47,Arsenal,Max Dowman,25-26
20,True,True,,,499175,0,0,0,0,0,0,3,2.0,,0,Ethan,0.0,22,False,,,55,499175.jpg,1.3,False,Nwaneri,0.0,False,,a,1,3,8,0,0,0,0,0.0,1.5,Nwaneri,,241.0,2022-09-17,2007-03-21,False,p499175,165,0,0,1,0,0,0,0,0,0,0,0,20,8.6,22.5,24.0,5.4,1,10,2,13,0,0.23,0.08,0.31,0.73,,,,,,,[],,372,171,321,165,306,158,356,166,0.13,0.0,0.04,0.17,0.4,0.0,194,120,452,171,347,159,557,237,0.0,0.55,7.09,Arsenal,Ethan Nwaneri,25-26
21,True,True,,,438098,0,0,0,0,0,0,3,2.0,,0,Fábio,0.0,23,False,,,55,438098.jpg,0.0,False,Ferreira Vieira,0.0,False,,a,1,3,0,0,0,0,0,0.0,0.0,Fábio Vieira,Fábio Vieira,173.0,2022-06-21,2000-05-30,False,p438098,0,0,0,0,0,0,0,0,0,0,0,0,0,0.0,0.0,0.0,0.0,0,0,0,0,0,0.00,0.00,0.00,0.00,,,,,,,[],,565,243,565,243,564,243,565,243,0.0,0.0,0.0,0.0,0.0,0.0,160,100,418,151,565,243,570,247,0.0,0.0,0.0,Arsenal,Fábio Ferreira Vieira,25-26
22,True,True,,,200641,0,0,0,0,0,0,3,2.0,,0,Reiss,0.0,24,False,,,55,200641.jpg,1.3,False,Nelson,0.0,False,,a,1,3,13,0,0,0,0,0.0,2.4,Nelson,,241.0,2017-07-12,1999-12-10,False,p200641,118,0,1,0,2,0,0,0,0,0,0,0,39,42.6,32.6,29.0,10.0,3,16,4,23,0,0.71,0.11,0.82,3.02,,,,,,,[],,340,156,306,161,301,156,337,157,0.54,0.0,0.08,0.62,2.3,1.53,131,82,389,133,345,157,572,249,0.0,0.0,17.54,Arsenal,Reiss Nelson,25-26
23,True,True,,,224117,0,0,0,0,0,0,4,2.3,,0,Viktor,0.0,25,False,,,75,224117.jpg,3.6,False,Gyökeres,11.4,False,,a,1,3,128,0,0,0,0,0.0,17.1,Gyökeres,,206.0,2025-07-26,1998-06-04,False,p224117,2217,14,1,12,14,0,0,0,5,0,0,16,474,539.6,271.7,772.0,157.5,23,55,7,85,26,12.26,1.94,14.19,17.81,,,,,2.0,,[],,99,9,133,11,19,11,46,8,0.5,0.0,0.08,0.58,0.72,0.57,15,6,571,64,97,10,39,8,1.06,0.49,3.45,Arsenal,Viktor Gyökeres,25-26
24,True,True,,,219847,0,0,0,0,0,0,4,2.3,,0,Kai,0.0,26,False,,,75,219847.jpg,3.0,False,Havertz,4.1,False,,a,1,3,36,0,0,0,0,0.0,4.8,Havertz,,80.0,2023-06-28,1999-06-11,False,p219847,577,2,3,4,4,0,0,0,1,0,0,3,143,152.6,134.6,210.0,49.9,10,14,8,32,7,3.31,0.64,3.95,6.68,,,,,,,[],,274,27,211,23,145,32,245,27,0.52,0.0,0.1,0.62,1.04,0.62,14,5,570,63,177,17,82,12,1.09,0.62,4.99,Arsenal,Kai Havertz,25-26
25,True,True,,,205651,0,0,0,0,0,0,4,2.0,,0,Gabriel,0.0,27,False,,,60,205651.jpg,1.7,False,Fernando de Jesus,0.4,False,,a,1,3,24,0,0,0,0,0.0,4.0,G.Jesus,Gabriel Jesus,30.0,2022-07-04,1997-04-03,False,p205651,418,3,0,1,6,0,0,0,3,0,0,0,92,141.8,54.3,281.0,47.5,7,19,4,30,3,2.71,0.26,2.97,3.97,,,,,,,[],,280,30,281,33,107,27,252,30,0.58,0.0,0.06,0.64,0.85,1.29,68,17,493,48,319,35,289,50,0.65,0.22,6.46,Arsenal,Gabriel Fernando de Jesus,25-26
26,True,True,,,208706,0,0,0,0,0,0,3,2.5,,0,Bruno,0.0,452,False,,,70,208706.jpg,5.3,False,Guimarães Rodriguez Moura,9.3,False,,a,1,3,154,0,0,0,0,0.0,22.0,Bruno G.,Bruno Guimarães,30.0,2026-08-08,1997-11-16,False,p208706,2456,9,7,6,37,0,0,0,6,0,0,22,681,782.4,756.7,488.0,202.9,55,134,62,251,27,5.59,4.96,10.55,31.99,5.0,,,,4.0,,[],,32,9,18,17,45,27,20,16,0.2,0.0,0.18,0.38,1.17,1.36,24,15,562,243,7,3,50,18,0.99,0.22,9.2,Arsenal,Bruno Guimarães Rodriguez Moura,25-26
27,True,True,,,439509,0,0,0,0,0,0,3,2.3,,0,Christos,0.0,557,False,,,65,439509.jpg,0.0,False,Tzolis,12.3,False,,a,1,3,0,0,0,0,0,0.0,0.0,Tzolis,,83.0,2026-07-23,2002-01-30,False,p439509,0,0,0,0,0,0,0,0,0,0,0,0,0,0.0,0.0,0.0,0.0,0,0,0,0,0,0.00,0.00,0.00,0.00,3.0,,,,,,[],,586,257,586,257,586,257,586,257,0.0,0.0,0.0,0.0,0.0,0.0,44,31,549,233,586,257,32,9,0.0,0.0,0.0,Arsenal,Christos Tzolis,25-26
28,True,True,,,98980,0,0,0,0,0,0,1,2.6,,0,Emiliano,0.0,28,False,,,50,98980.jpg,3.8,False,Martínez Romero,4.9,False,,a,2,7,120,0,0,0,0,0.0,24.0,Martinez,Emiliano Martínez,10.0,2020-09-16,1992-09-02,False,p98980,2835,0,1,7,39,0,1,0,2,0,95,11,530,769.8,23.2,0.0,79.2,27,272,0,0,32,0.00,0.08,0.08,42.92,,,,,,,[],,34,10,319,4,488,52,175,10,0.0,3.02,0.0,0.0,1.36,1.24,230,7,207,49,69,7,73,10,1.02,0.22,0.0,Aston Villa,Emiliano Martínez Romero,25-26
29,True,True,,,72147,0,0,0,0,0,0,1,1.9,,0,Marco,0.0,29,False,,,45,72147.jpg,2.3,False,Bizot,0.1,False,,a,2,7,16,0,0,0,0,0.0,3.6,M.Bizot,,152.0,2025-07-15,1991-03-10,False,p72147,585,0,0,1,10,0,0,0,2,0,19,0,75,139.2,0.0,0.0,13.9,10,53,0,0,6,0.00,0.00,0.00,11.02,,,,,,,[],,283,21,438,35,421,26,323,21,0.0,2.92,0.0,0.0,1.7,1.54,394,22,72,22,253,25,412,44,0.92,0.15,0.0,Aston Villa,Marco Bizot,25-26
30,True,False,0.0,,101188,0,0,0,0,0,0,2,0.0,,0,Lucas,0.0,30,False,Has joined Paris Saint-Germain permanently,2026-08-10T14:03:30.089007Z,45,101188.jpg,3.1,False,Digne,0.5,False,,u,2,7,97,0,0,0,0,0.0,21.6,Digne,,73.0,2022-01-13,1993-07-20,False,p101188,1842,0,7,7,23,0,0,0,3,0,0,5,381,400.2,455.5,130.0,98.5,77,63,36,113,21,0.67,3.28,3.95,27.79,,,,,,,[],,153,63,60,11,206,56,134,43,0.03,0.0,0.16,0.19,1.36,1.12,399,82,77,53,154,61,253,95,1.03,0.34,5.52,Aston Villa,Lucas Digne,25-26
31,True,True,,,199798,0,0,0,0,0,0,2,1.7,,0,Ezri,0.0,31,False,,,45,199798.jpg,2.9,False,Konsa Ngoyo,15.2,False,,a,2,7,100,0,0,0,0,0.0,22.2,Konsa,,241.0,2019-07-11,1997-10-23,False,p199798,3035,0,1,9,44,0,0,0,0,1,0,3,497,601.4,108.3,124.0,84.0,174,108,22,196,34,1.27,0.59,1.86,48.93,,,,,,,[],,76,31,233,72,210,58,165,58,0.04,0.0,0.02,0.06,1.45,1.3,424,96,102,67,180,74,26,9,1.01,0.27,5.81,Aston Villa,Ezri Konsa Ngoyo,25-26
32,True,True,,,199796,0,0,0,0,0,0,2,1.7,,0,Matty,0.0,32,False,,,45,199796.jpg,3.3,False,Cash,8.6,False,,a,2,7,117,0,0,0,0,0.0,26.0,Cash,,172.0,2020-09-03,1997-08-07,False,p199796,3016,3,3,8,38,0,0,0,9,0,0,7,450,643.0,510.7,221.0,137.5,120,88,66,186,34,1.14,2.94,4.08,45.45,1.0,,,,,,[],,65,29,49,6,136,28,67,13,0.03,0.0,0.09,0.12,1.36,1.13,423,95,101,66,125,48,54,21,1.01,0.24,5.55,Aston Villa,Matty Cash,25-26
33,True,True,,,149484,0,0,0,0,0,0,2,1.7,,0,Tyrone,0.0,33,False,,,45,149484.jpg,2.9,False,Mings,0.3,False,,a,2,7,50,0,0,0,0,0.0,11.1,Mings,,241.0,2019-07-08,1993-03-13,False,p149484,1322,0,1,3,23,0,0,0,1,0,0,4,169,282.6,80.5,105.0,46.8,102,47,5,107,15,1.30,0.42,1.72,23.37,,,,,,,[],,212,81,256,85,226,68,255,81,0.09,0.0,0.03,0.12,1.59,1.57,411,86,89,57,178,73,319,119,1.02,0.2,7.28,Aston Villa,Tyrone Mings,25-26
34,True,True,,,244954,0,0,0,0,0,0,2,1.7,,0,Pau,0.0,34,False,,,45,244954.jpg,3.0,False,Torres,0.3,False,,a,2,7,64,0,0,0,0,0.0,14.2,Pau,,200.0,2023-07-12,1997-01-16,False,p244954,1673,0,2,5,19,1,0,0,1,0,0,2,280,321.8,47.1,79.0,45.1,90,79,22,112,18,1.33,0.39,1.72,22.81,,,,,,,[],,193,74,290,99,251,79,260,85,0.07,0.0,0.02,0.09,1.23,1.02,450,116,128,87,167,70,301,111,0.97,0.27,6.03,Aston Villa,Pau Torres,25-26
35,True,True,,,515597,0,0,0,0,0,0,3,1.5,,0,Lamare,0.0,35,False,,,50,515597.jpg,1.4,False,Bogarde,0.1,False,,a,2,7,40,0,0,0,0,0.0,8.0,Bogarde,,152.0,2021-01-07,2004-01-05,False,p515597,1042,0,0,2,17,0,0,0,5,0,0,4,121,133.0,59.4,14.0,20.6,34,43,26,60,11,0.00,0.20,0.20,15.38,,,,,,,[],,288,133,277,152,322,164,309,147,0.0,0.0,0.02,0.02,1.33,1.47,353,206,330,94,339,153,478,197,0.95,0.17,5.18,Aston Villa,Lamare Bogarde,25-26
36,True,True,,,441302,0,0,0,0,0,0,2,1.7,,0,Ian,0.0,36,False,,,45,441302.jpg,1.8,False,Maatsen,0.8,False,,a,2,7,54,0,0,0,0,0.0,12.0,Maatsen,,152.0,2024-06-28,2002-03-10,False,p441302,1590,0,1,2,27,0,0,0,2,0,0,1,242,336.6,373.4,231.0,94.3,85,82,43,128,17,1.26,2.39,3.65,26.64,,,,,,,[],,180,71,90,21,130,25,142,47,0.07,0.0,0.14,0.21,1.51,1.53,456,121,134,92,299,111,204,75,0.96,0.11,7.25,Aston Villa,Ian Maatsen,25-26
37,True,True,,,184667,0,0,0,0,0,0,2,1.7,,0,Victor,0.0,37,False,,,45,184667.jpg,1.7,False,Lindelöf,0.2,False,,a,2,7,29,0,0,0,0,0.0,6.4,Lindelöf,,206.0,2025-09-01,1994-07-17,False,p184667,942,0,1,1,15,0,0,0,0,0,0,0,124,167.8,36.6,22.0,22.7,47,19,7,54,11,0.28,0.10,0.38,15.93,,,,,,,[],,262,99,302,103,307,106,307,106,0.03,0.0,0.01,0.04,1.52,1.43,420,92,98,63,311,114,343,127,1.05,0.1,5.16,Aston Villa,Victor Lindelöf,25-26
38,True,True,,,606798,0,0,0,0,0,0,2,1.0,,0,Andrés,0.0,38,False,,,40,606798.jpg,0.8,False,García,1.7,False,,a,2,7,5,0,0,0,0,0.0,1.2,A.García,,,,,False,p606798,83,0,0,0,3,0,0,0,0,0,0,0,12,17.8,3.2,2.0,2.3,5,4,5,10,1,0.00,0.01,0.01,2.74,,,,,,,[],,360,125,359,126,348,126,369,128,0.0,0.0,0.01,0.01,2.97,3.25,585,189,64,44,395,132,149,61,1.08,0.0,10.84,Aston Villa,Andrés García,25-26
39,True,True,,,578545,0,0,0,0,0,0,2,1.0,,0,Kosta,0.0,39,False,,,40,578545.jpg,0.0,False,Nedeljkovic,0.8,False,,a,2,7,0,0,0,0,0,0.0,0.0,Nedeljkovic,,190.0,2024-01-22,2005-12-16,False,p578545,0,0,0,0,0,0,0,0,0,0,0,0,0,0.0,0.0,0.0,0.0,0,0,0,0,0,0.00,0.00,0.00,0.00,,,,,,,[],,445,167,431,167,413,164,447,167,0.0,0.0,0.0,0.0,0.0,0.0,582,187,61,42,450,167,206,76,0.0,0.0,0.0,Aston Villa,Kosta Nedeljkovic,25-26
40,True,True,,,195546,0,0,0,0,0,0,3,2.1,,0,Emiliano,0.0,41,False,,,60,195546.jpg,2.8,False,Buendía Stati,1.3,False,,a,2,7,102,0,0,0,0,0.0,17.0,Buendía,,10.0,2021-06-10,1996-12-25,False,p195546,1753,6,2,3,24,0,0,0,6,0,0,10,382,427.0,402.1,398.0,121.4,39,109,49,197,21,3.38,2.23,5.61,28.03,,,1.0,,1.0,,[],,144,55,77,58,67,40,87,51,0.17,0.0,0.11,0.28,1.44,1.23,65,43,490,192,199,75,175,58,1.08,0.15,10.11,Aston Villa,Emiliano Buendía Stati,25-26
41,True,True,,,215711,0,0,0,0,0,0,3,2.0,,0,Leon,0.0,44,False,,,55,215711.jpg,1.6,False,Bailey,0.1,False,,a,2,7,21,0,0,0,0,0.0,3.8,Bailey,,107.0,2021-08-04,1997-08-09,False,p215711,450,0,2,0,9,0,0,0,1,0,0,0,69,71.2,160.4,69.0,30.1,7,31,10,48,3,0.50,1.46,1.96,7.03,,,,,,,[],,319,145,192,125,263,139,288,139,0.1,0.0,0.29,0.39,1.41,1.8,140,87,398,138,325,143,402,155,0.6,0.0,9.6,Aston Villa,Leon Bailey,25-26
42,True,True,,,122806,0,0,0,0,0,0,3,2.0,,0,John,0.0,45,False,,,55,122806.jpg,3.4,False,McGinn,3.2,False,,a,2,7,103,0,0,0,0,0.0,18.7,McGinn,,243.0,2018-08-08,1994-10-18,False,p122806,2136,5,4,8,28,0,0,0,5,0,0,6,443,459.8,605.3,309.0,137.3,32,89,29,150,28,3.00,4.11,7.11,33.08,2.0,,,,,,[],,127,46,33,32,96,61,68,43,0.13,0.0,0.17,0.3,1.39,1.18,117,76,375,127,114,44,95,32,1.18,0.34,6.32,Aston Villa,John McGinn,25-26
43,True,True,,,88894,0,0,0,0,0,0,3,1.5,,0,Ross,0.0,46,False,,,50,88894.jpg,2.7,False,Barkley,0.2,False,,a,2,7,56,0,0,0,0,0.0,11.2,Barkley,,241.0,2024-07-01,1993-12-05,False,p88894,844,3,2,1,15,0,0,0,1,0,0,5,221,227.8,162.3,191.0,58.1,15,45,14,74,7,1.58,1.26,2.84,13.20,,,,,,,[],,234,104,187,123,161,86,226,115,0.17,0.0,0.13,0.3,1.41,1.6,227,140,204,28,204,78,368,131,0.75,0.11,7.89,Aston Villa,Ross Barkley,25-26
44,True,True,100.0,,226944,0,0,0,0,0,0,3,1.5,,0,Boubacar,0.0,47,False,,2026-07-23T12:01:23.337269Z,50,226944.jpg,3.4,False,Kamara,0.2,False,,a,2,7,61,0,0,0,0,0.0,12.2,Kamara,,73.0,2022-06-11,1999-11-23,False,p226944,1410,1,3,5,15,0,0,0,5,0,0,7,282,325.0,241.3,75.0,64.2,46,65,38,149,17,0.53,0.84,1.36,20.80,,,,,,,[],,190,81,141,97,253,135,212,108,0.03,0.0,0.05,0.08,1.33,0.96,279,166,256,54,111,43,336,117,1.09,0.32,9.51,Aston Villa,Boubacar Kamara,25-26
45,True,True,0.0,,449871,0,0,0,0,0,0,3,0.0,,0,Amadou,0.0,48,False,Knee injury - Unknown return date,2026-07-23T12:01:23.352497Z,50,449871.jpg,3.0,False,Onana,0.0,False,,i,2,7,76,0,0,0,0,0.0,15.2,Onana,,21.0,2024-07-22,2001-08-16,False,p449871,1755,2,0,6,26,0,0,0,3,0,0,4,353,413.2,152.6,178.0,74.4,99,72,48,219,21,1.68,0.69,2.37,28.53,,,,,,,[],,148,56,203,130,175,94,185,93,0.09,0.0,0.04,0.13,1.46,1.33,305,180,282,68,170,64,541,224,1.08,0.31,11.23,Aston Villa,Amadou Onana,25-26
46,True,False,0.0,,469247,0,0,0,0,0,0,3,0.0,,0,Samuel,0.0,49,False,Has joined Bolton Wanderers on loan for the rest of the season,2026-08-17T13:52:28.532616Z,50,469247.jpg,0.0,False,Iling-Junior,0.0,False,,u,2,7,0,0,0,0,0,0.0,0.0,Iling Jr,,241.0,2024-07-01,2003-10-04,False,p469247,0,0,0,0,0,0,0,0,0,0,0,0,0,0.0,0.0,0.0,0.0,0,0,0,0,0,0.00,0.00,0.00,0.00,,,,,,,[],,528,219,527,219,523,218,528,219,0.0,0.0,0.0,0.0,0.0,0.0,317,185,294,73,528,219,562,241,0.0,0.0,0.0,Aston Villa,Samuel Iling-Junior,25-26
47,True,True,,,645618,0,0,0,0,0,0,3,1.0,,0,Bradley,0.0,50,False,,,45,645618.jpg,1.0,False,Burrowes,0.7,False,,a,2,7,1,0,0,0,0,0.0,0.2,Burrowes,,241.0,2025-01-09,2008-03-04,False,p645618,16,0,0,0,1,0,0,0,0,0,0,0,3,0.0,0.3,0.0,0.0,0,1,0,1,0,0.00,0.00,0.00,0.90,,,,,,,[],,498,199,375,187,484,197,498,199,0.0,0.0,0.0,0.0,5.06,5.62,519,258,197,23,375,171,221,72,0.0,0.0,5.62,Aston Villa,Bradley Burrowes,25-26
48,True,True,,,577285,0,0,0,0,0,0,3,1.0,,0,George,0.0,51,False,,,45,577285.jpg,1.0,False,Hemmings,0.4,False,,a,2,7,2,0,0,0,0,0.0,0.4,George Hemmings,,241.0,2025-08-05,2007-03-04,False,p577285,25,0,0,0,0,0,0,0,0,0,0,0,5,0.0,1.7,2.0,0.3,0,1,0,1,0,0.04,0.01,0.05,0.61,,,,,,,[],,491,197,369,185,353,179,392,184,0.14,0.0,0.04,0.18,2.2,0.0,506,254,184,19,371,169,282,91,0.0,0.0,3.6,Aston Villa,George Hemmings,25-26
49,True,True,,,653481,0,0,0,0,0,0,3,1.5,,0,Alysson Edward Franco,0.0,52,False,,,50,653481.jpg,1.0,False,da Rocha dos Santos,0.0,False,,a,2,7,3,0,0,0,0,0.0,0.6,Alysson,Alysson Edward,30.0,2026-01-01,2006-05-05,False,p653481,47,0,0,0,2,0,0,0,0,0,0,0,11,3.2,3.5,10.0,1.5,1,3,0,4,0,0.05,0.05,0.10,1.87,,,,,,,[],,384,179,358,177,329,168,380,179,0.1,0.0,0.1,0.2,3.58,3.83,387,232,364,120,385,181,509,213,0.0,0.0,7.66,Aston Villa,Alysson Edward Franco da Rocha dos Santos,25-26
50,True,True,0.0,,614071,0,0,0,0,0,0,3,0.0,,0,Johan,0.0,53,False,Knee injury - Unknown return date,2026-08-15T15:30:06.388335Z,60,614071.jpg,0.0,False,Manzambi,1.1,False,,i,2,7,0,0,0,0,0,0.0,0.0,Manzambi,,207.0,2026-07-17,2005-10-14,False,p614071,0,0,0,0,0,0,0,0,0,0,0,0,0,0.0,0.0,0.0,0.0,0,0,0,0,0,0.00,0.00,0.00,0.00,,,,,,,[],,585,256,585,256,585,256,585,256,0.0,0.0,0.0,0.0,0.0,0.0,110,72,535,221,585,256,187,64,0.0,0.0,0.0,Aston Villa,Johan Manzambi,25-26
51,True,True,0.0,,448089,0,0,0,0,0,0,3,0.0,,0,Joao,0.0,54,False,Calf injury - Unknown return date,2026-08-15T16:00:07.546807Z,55,448089.jpg,3.0,False,Gomes,0.2,False,,i,2,7,85,0,0,0,0,0.0,15.5,Gomes,João Gomes,30.0,2026-07-20,2001-02-12,False,p448089,2207,1,1,4,41,0,0,0,9,0,0,4,421,486.6,353.4,176.0,102.0,87,193,107,387,25,1.15,1.34,2.49,48.60,,,,,,,[],,117,41,96,70,177,96,125,71,0.05,0.0,0.05,0.1,1.98,1.67,167,105,425,156,173,66,342,120,1.02,0.16,15.78,Aston Villa,Joao Gomes,25-26
52,True,True,,,178301,0,0,0,0,0,0,4,2.5,,0,Ollie,0.0,55,False,,,80,178301.jpg,4.5,False,Watkins,12.5,False,,a,2,7,167,0,0,0,0,0.0,20.9,Watkins,,241.0,2020-09-09,1995-12-30,False,p178301,2833,16,4,9,38,0,0,0,4,0,0,26,623,720.2,330.9,1206.0,225.2,23,49,22,94,33,15.40,1.18,16.58,43.39,,,,,2.0,,[],,42,4,107,5,2,2,11,3,0.49,0.0,0.04,0.53,1.38,1.21,7,3,579,67,29,5,30,7,1.05,0.29,2.99,Aston Villa,Ollie Watkins,25-26
53,True,True,75.0,,173879,0,0,0,0,0,0,4,1.3,,0,Tammy,0.0,56,False,Knock - 75% chance of playing,2026-08-15T16:00:07.558543Z,55,173879.jpg,1.9,False,Abraham,0.2,False,,d,2,7,23,0,0,0,0,0.0,4.2,Abraham,,241.0,2026-01-27,1997-10-02,False,p173879,278,2,0,0,8,0,0,0,0,0,0,2,93,87.2,49.2,136.0,27.1,3,6,4,13,2,2.05,0.36,2.41,5.12,,,,,,,[],,311,34,286,34,200,36,297,35,0.66,0.0,0.12,0.78,1.66,2.59,122,31,380,27,292,29,341,58,0.65,0.0,4.21,Aston Villa,Tammy Abraham,25-26
54,True,True,,,493105,0,0,0,0,0,0,3,2.1,,0,Alejandro,0.0,160,False,,,60,493105.jpg,2.3,False,Garnacho Ferreyra,0.7,False,,a,2,7,56,0,0,0,0,0.0,9.3,Garnacho,,10.0,2026-07-23,2004-07-01,False,p493105,1261,1,4,4,20,0,0,0,2,0,0,3,222,211.4,405.3,399.0,100.5,10,45,16,71,14,3.44,3.68,7.12,20.52,,,,,,,[],,243,109,73,55,66,39,127,73,0.25,0.0,0.26,0.51,1.46,1.43,95,60,520,209,260,108,219,71,1.0,0.29,5.07,Aston Villa,Alejandro Garnacho Ferreyra,25-26
55,True,True,0.0,,690838,0,0,0,0,0,0,4,0.0,,0,Brian,0.0,582,False,Unspecified injury - Unknown return date,2026-08-15T16:00:07.974271Z,55,690838.jpg,0.0,False,Madjo,1.1,False,,i,2,7,0,0,0,0,0,0.0,0.0,Madjo,,241.0,2026-01-12,2009-01-12,False,p690838,0,0,0,0,0,0,0,0,0,0,0,0,0,0.0,0.0,0.0,0.0,0,0,0,0,0,0.00,0.00,0.00,0.00,,,,,,,[],,580,67,580,67,579,67,580,67,0.0,0.0,0.0,0.0,0.0,0.0,222,47,480,43,580,67,188,31,0.0,0.0,0.0,Aston Villa,Brian Madjo,25-26
56,True,True,,,457569,0,0,0,0,0,0,1,1.9,,0,Đorđe,0.0,57,False,,,45,457569.jpg,3.3,False,Petrović,3.6,False,,a,3,91,124,0,0,0,0,0.0,27.6,Petrović,,190.0,2025-07-16,1999-10-08,False,p457569,3420,0,0,11,54,1,0,0,3,0,109,5,512,822.6,0.0,0.0,82.4,62,285,0,0,38,0.00,0.00,0.00,56.72,,,,,,,[],,26,7,461,48,447,41,167,8,0.0,2.87,0.0,0.0,1.49,1.42,459,37,137,37,126,16,88,14,1.0,0.29,0.0,Bournemouth,Đorđe Petrović,25-26
57,True,True,,,40383,0,0,0,0,0,0,1,1.0,,0,Fraser,0.0,58,False,,,40,40383.jpg,0.0,False,Forster,3.2,False,,a,3,91,0,0,0,0,0,0.0,0.0,Forster,,241.0,2026-01-02,1988-03-17,False,p40383,0,0,0,0,0,0,0,0,0,0,0,0,0,0.0,0.0,0.0,0.0,0,0,0,0,0,0.00,0.00,0.00,0.00,,,,,,,[],,396,33,379,15,360,6,398,33,0.0,0.0,0.0,0.0,0.0,0.0,523,48,2,2,402,33,93,16,0.0,0.0,0.0,Bournemouth,Fraser Forster,25-26
58,True,True,,,444172,0,0,0,0,0,0,1,1.0,,0,Will,0.0,59,False,,,40,444172.jpg,0.0,False,Dennis,0.2,False,,a,3,91,0,0,0,0,0,0.0,0.0,Dennis,,241.0,2019-08-01,2000-07-10,False,p444172,0,0,0,0,0,0,0,0,0,0,0,0,0,0.0,0.0,0.0,0.0,0,0,0,0,0,0.00,0.00,0.00,0.00,,,,,,,[],,423,43,408,27,389,18,425,43,0.0,0.0,0.0,0.0,0.0,0.0,556,60,35,14,429,43,365,40,0.0,0.0,0.0,Bournemouth,Will Dennis,25-26
59,True,True,,,463981,0,0,0,0,0,0,2,2.5,,0,James,0.0,60,False,,,55,463981.jpg,3.8,False,Hill,1.1,False,,a,3,91,110,0,0,0,0,0.0,20.0,Hill,,241.0,2022-01-05,2002-01-10,False,p463981,2102,0,3,8,24,2,0,0,5,0,0,4,386,579.4,161.7,119.0,86.3,221,74,39,260,22,0.89,1.16,2.04,33.42,,,,,,,[],,83,35,189,48,218,63,157,53,0.04,0.0,0.05,0.09,1.43,1.03,174,24,432,174,73,28,190,67,0.94,0.34,11.13,Bournemouth,James Hill,25-26
60,True,True,,,494521,0,0,0,0,0,0,2,2.5,,0,Adrien,0.0,61,False,,,55,494521.jpg,4.3,False,Truffert,4.9,False,,a,3,91,165,0,0,0,0,0.0,30.0,Truffert,,73.0,2025-06-16,2001-11-20,False,p494521,3378,1,6,11,51,0,0,0,5,0,0,19,607,857.0,574.2,194.0,162.6,199,188,102,301,38,1.35,3.07,4.42,54.42,,,,,,,[],,19,7,37,2,160,43,43,7,0.04,0.0,0.08,0.12,1.45,1.36,190,28,448,178,39,15,72,27,1.01,0.29,8.02,Bournemouth,Adrien Truffert,25-26
61,True,True,,,242882,0,0,0,0,0,0,2,2.2,,0,Bafodé,0.0,62,False,,,50,242882.jpg,2.6,False,Diakité,0.2,False,,a,3,91,46,0,0,0,0,0.0,9.2,Diakité,,73.0,2025-08-13,2001-01-06,False,p242882,1275,0,0,4,27,0,0,0,1,0,0,2,164,267.0,54.3,22.0,34.4,97,48,20,117,15,0.02,0.19,0.21,22.47,,,,,,,[],,217,83,280,95,308,107,279,91,0.0,0.0,0.01,0.01,1.59,1.91,289,52,266,134,224,91,364,137,1.06,0.28,8.26,Bournemouth,Bafodé Diakité,25-26
62,True,True,0.0,,620487,0,0,0,0,0,0,2,0.0,,0,Veljko,0.0,63,False,Unspecified injury - Unknown return date,2026-08-06T10:00:10.456051Z,50,620487.jpg,2.7,False,Milosavljevic,0.0,False,,i,3,91,19,0,0,0,0,0.0,3.8,Milosavljević,,190.0,2025-09-01,2007-06-28,False,p620487,367,0,0,1,6,0,0,0,0,0,0,0,63,98.4,13.9,10.0,12.2,34,13,5,39,4,0.15,0.19,0.34,4.42,,,,,,,[],,306,111,331,117,328,118,330,114,0.04,0.0,0.05,0.09,1.08,1.47,382,77,359,159,207,85,527,177,0.98,0.25,9.56,Bournemouth,Veljko Milosavljevic,25-26
63,True,True,,,54469,0,0,0,0,0,0,2,1.7,,0,Adam,0.0,64,False,,,45,54469.jpg,2.6,False,Smith,0.1,False,,a,3,91,58,0,0,0,0,0.0,12.9,Smith,,241.0,2014-01-28,1991-04-29,False,p54469,1073,0,2,6,16,0,0,0,3,0,0,4,185,176.2,76.6,18.0,27.1,55,29,15,70,14,0.00,0.23,0.23,18.18,,,,,,,[],,259,97,260,87,314,112,296,100,0.0,0.0,0.02,0.02,1.52,1.34,392,79,70,50,217,86,434,148,1.17,0.5,5.87,Bournemouth,Adam Smith,25-26
64,True,True,0.0,,436893,0,0,0,0,0,0,2,0.0,,0,Julián,0.0,65,False,Thigh injury - Unknown return date,2026-08-09T08:00:05.645826Z,45,436893.jpg,0.0,False,Araujo Zúñiga,0.1,False,,i,3,91,0,0,0,0,0,0.0,0.0,J.Araujo,,139.0,2024-08-13,2001-08-13,False,p436893,0,0,0,0,0,0,0,0,0,0,0,0,0,0.0,0.0,0.0,0.0,0,0,0,0,0,0.00,0.00,0.00,0.00,,,,,,,[],https://www.afcb.co.uk/news/2026/august/06/araujo-undergoes-successful-surgery/,467,176,459,176,444,175,469,176,0.0,0.0,0.0,0.0,0.0,0.0,454,119,132,90,472,176,495,168,0.0,0.0,0.0,Bournemouth,Julián Araujo Zúñiga,25-26
65,True,True,75.0,,575901,0,0,0,0,0,0,2,0.8,,0,Julio,0.0,66,False,Hamstring injury - 75% chance of playing,2026-08-15T16:30:07.021055Z,40,575901.jpg,1.0,False,Soler Barreto,0.5,False,,d,3,91,3,0,0,0,0,0.0,0.8,Soler,,10.0,2025-01-07,2005-02-16,False,p575901,34,0,0,0,2,0,0,0,0,0,0,0,2,1.8,2.5,2.0,0.6,0,4,1,1,0,0.00,0.00,0.00,1.62,,,,,,,[],,388,132,362,127,347,125,387,131,0.0,0.0,0.0,0.0,4.29,5.29,579,184,58,39,360,125,266,99,0.0,0.0,2.65,Bournemouth,Julio Soler Barreto,25-26
66,True,True,,,499604,0,0,0,0,0,0,3,2.3,,0,Rayan Vitor,0.0,67,False,,,65,499604.jpg,4.5,False,Simplício Rocha,3.1,False,,a,3,91,67,0,0,0,0,0.0,10.3,Rayan,Rayan,30.0,2026-01-27,2006-08-03,False,p499604,1110,5,2,6,10,0,0,0,1,0,0,3,238,277.6,211.9,263.0,75.3,28,43,11,82,13,2.67,1.84,4.51,19.14,,,,,,,[],,213,94,157,105,112,65,182,90,0.22,0.0,0.15,0.37,1.55,0.81,50,35,555,237,27,12,97,33,1.05,0.49,6.65,Bournemouth,Rayan Vitor Simplício Rocha,25-26
67,True,True,,,201658,0,0,0,0,0,0,3,2.1,,0,Marcus,0.0,68,False,,,60,201658.jpg,4.0,False,Tavernier,1.8,False,,a,3,91,137,0,0,0,0,0.0,22.8,Tavernier,,241.0,2022-08-01,1999-03-22,False,p201658,2732,7,4,11,44,0,0,0,6,0,0,14,552,656.8,816.6,605.0,207.9,62,150,39,251,31,9.06,4.60,13.66,41.06,1.0,,1.0,,3.0,,[],,60,17,15,14,30,16,19,15,0.3,0.0,0.15,0.45,1.35,1.45,66,44,491,193,57,24,142,43,1.02,0.36,8.27,Bournemouth,Marcus Tavernier,25-26
68,True,True,,,503139,0,0,0,0,0,0,3,2.1,,0,Alex,0.0,69,False,,,60,503139.jpg,3.7,False,Scott,1.6,False,,a,3,91,136,0,0,0,0,0.0,22.7,Scott,,241.0,2023-08-10,2003-08-21,False,p503139,2848,3,2,11,41,0,0,0,5,0,0,9,603,597.2,482.0,314.0,139.0,133,193,60,386,34,3.80,2.94,6.74,47.02,2.0,,4.0,,,,[],,77,25,53,46,91,57,63,41,0.12,0.0,0.09,0.21,1.49,1.3,98,63,523,212,81,35,158,48,1.07,0.35,12.2,Bournemouth,Alex Scott,25-26
69,True,True,,,222683,0,0,0,0,0,0,3,2.1,,0,Justin,0.0,70,False,,,60,222683.jpg,2.0,False,Kluivert,1.1,False,,a,3,91,41,0,0,0,0,0.0,6.8,Kluivert,,152.0,2023-07-01,1999-05-05,False,p222683,945,2,0,4,19,0,0,0,5,0,0,3,147,148.0,305.1,135.0,58.8,9,46,10,65,10,2.31,1.55,3.86,17.96,3.0,,2.0,,2.0,,[],,276,127,124,86,202,112,224,114,0.22,0.0,0.15,0.37,1.71,1.81,74,47,499,196,290,124,182,62,0.95,0.38,6.19,Bournemouth,Justin Kluivert,25-26
70,True,True,,,155408,0,0,0,0,0,0,3,1.5,,0,Lewis,0.0,71,False,,,50,155408.jpg,2.2,False,Cook,0.1,False,,a,3,91,40,0,0,0,0,0.0,8.0,Cook,,241.0,2016-07-08,1997-02-03,False,p155408,872,0,1,1,19,0,0,0,1,1,0,0,190,206.8,183.8,12.0,40.6,56,62,25,143,8,0.07,0.52,0.59,14.00,5.0,,,,,,[],,247,111,181,120,324,165,269,131,0.01,0.0,0.05,0.06,1.44,1.96,242,146,219,34,266,111,411,159,0.83,0.1,14.76,Bournemouth,Lewis Cook,25-26
71,True,True,,,496208,0,0,0,0,0,0,3,1.5,,0,Ben,0.0,72,False,,,50,496208.jpg,1.4,False,Gannon-Doak,0.1,False,,a,3,91,11,0,0,0,0,0.0,2.2,Gannon-Doak,,243.0,2025-08-18,2005-11-11,False,p496208,105,0,1,0,1,0,0,0,0,0,0,0,33,32.4,17.8,39.0,8.9,1,6,6,13,0,0.26,0.13,0.39,4.74,,,,,,,[],,347,160,326,167,286,150,341,161,0.22,0.0,0.11,0.33,4.06,0.86,337,196,314,84,337,151,429,172,0.0,0.0,11.14,Bournemouth,Ben Gannon-Doak,25-26
72,True,True,75.0,,200785,0,0,0,0,0,0,3,1.1,,0,Tyler,0.0,73,False,Unspecified injury - 75% chance of playing,2026-08-15T16:30:07.029928Z,50,200785.jpg,3.1,False,Adams,0.5,False,,d,3,91,77,0,0,0,0,0.0,15.4,Adams,,229.0,2023-08-20,1999-02-14,False,p200785,1769,2,2,7,28,0,0,0,8,0,0,3,346,387.0,158.2,115.0,66.3,83,96,53,232,21,0.63,0.63,1.26,27.18,,,,,,,[],,157,62,197,126,223,121,208,105,0.03,0.0,0.03,0.06,1.38,1.42,255,155,232,43,158,60,251,82,1.07,0.36,11.8,Bournemouth,Tyler Adams,25-26
73,True,True,75.0,,111317,0,0,0,0,0,0,3,1.1,,0,David,0.0,74,False,Unspecified injury - 75% chance of playing,2026-08-15T16:30:07.037929Z,50,111317.jpg,1.9,False,Brooks,0.1,False,,d,3,91,59,0,0,0,0,0.0,11.8,Brooks,,244.0,2018-07-01,1997-07-08,False,p111317,1188,1,3,5,20,0,0,0,7,0,0,4,215,236.2,384.5,434.0,104.1,19,56,19,94,13,5.81,3.40,9.21,20.25,4.0,,3.0,,,,[],,230,102,87,65,53,32,121,69,0.44,0.0,0.26,0.7,1.53,1.52,234,141,211,29,291,125,404,157,0.98,0.38,7.12,Bournemouth,David Brooks,25-26
74,True,True,0.0,,158499,0,0,0,0,0,0,3,0.0,,0,Ryan,0.0,75,False,Suspended until 29 Aug,2026-07-24T17:30:10.035483Z,50,158499.jpg,1.8,False,Christie,0.0,False,,s,3,91,47,0,0,0,0,0.0,9.4,Christie,,243.0,2021-08-31,1995-02-22,False,p158499,978,2,1,3,14,0,0,0,3,1,0,2,214,226.6,197.0,220.0,64.7,34,62,27,123,9,1.81,0.79,2.60,19.14,6.0,,,,,,[],,235,105,173,115,138,78,210,107,0.17,0.0,0.07,0.24,1.76,1.29,243,147,220,35,302,131,550,232,0.83,0.28,11.32,Bournemouth,Ryan Christie,25-26
75,True,True,,,614574,0,0,0,0,0,0,3,1.5,,0,Alex,0.0,76,False,,,50,614574.jpg,0.9,False,Tóth,0.0,False,,a,3,91,8,0,0,0,0,0.0,1.6,Tóth.A,,98.0,2026-01-20,2005-10-23,False,p614574,135,0,0,0,3,0,0,0,1,0,0,0,32,18.6,60.2,18.0,9.6,8,8,1,17,2,0.11,0.33,0.44,4.90,,,,,,,[],,359,166,276,151,315,160,339,159,0.07,0.0,0.22,0.29,3.27,2.0,381,228,358,116,394,185,561,240,1.33,0.0,11.33,Bournemouth,Alex Tóth,25-26
76,True,True,0.0,,489888,0,0,0,0,0,0,3,0.0,,0,Amine,0.0,77,False,Unspecified injury - Unknown return date,2026-08-15T16:00:07.590566Z,50,489888.jpg,2.2,False,Adli,0.1,False,,i,3,91,67,0,0,0,0,0.0,13.4,Adli,,145.0,2025-08-21,2000-05-10,False,p489888,1074,3,2,3,17,0,0,0,2,0,0,4,241,272.6,235.9,260.0,76.1,26,61,36,123,10,2.60,1.62,4.22,18.22,,,,,,,[],,216,95,145,98,113,66,180,88,0.22,0.0,0.14,0.36,1.53,1.42,329,191,306,79,269,114,419,165,0.84,0.25,10.31,Bournemouth,Amine Adli,25-26
77,True,True,0.0,,560262,0,0,0,0,0,0,3,0.0,,0,Junior,0.0,78,False,Foot injury - Unknown return date,2026-07-29T17:30:09.796802Z,75,560262.jpg,3.4,False,Kroupi,1.8,False,,i,3,91,113,0,0,0,0,0.0,15.1,Kroupi.Jr,,73.0,2025-02-02,2006-06-23,False,p560262,1663,13,0,10,21,0,0,0,5,0,0,13,480,532.2,306.9,563.0,139.9,42,61,9,112,21,8.31,1.51,9.82,25.91,,,,,1.0,,[],https://www.afcb.co.uk/news/2026/july/29/junior-kroupi-undergoes-successful-surgery-after-foot-injury/,103,33,122,84,37,22,60,39,0.45,0.0,0.08,0.53,1.4,1.14,22,13,578,253,123,51,141,42,1.14,0.54,6.06,Bournemouth,Junior Kroupi,25-26
78,True,True,,,444102,0,0,0,0,0,0,4,2.0,,0,Francisco Evanilson,0.0,79,False,,,60,444102.jpg,3.2,False,de Lima Barbosa,2.1,False,,a,3,91,115,0,0,0,0,0.0,19.2,Evanilson,Evanilson,30.0,2024-08-16,1999-10-06,False,p444102,2741,6,7,11,40,0,0,0,2,0,0,6,412,350.6,397.9,809.0,155.5,42,80,13,135,32,10.64,1.48,12.12,39.02,,,,,,,[],,171,15,78,2,14,7,48,10,0.35,0.0,0.05,0.4,1.28,1.31,84,22,509,53,152,13,126,17,1.05,0.36,4.43,Bournemouth,Francisco Evanilson de Lima Barbosa,25-26
79,True,False,0.0,,168636,0,0,0,0,0,0,4,0.0,,0,Enes,0.0,80,False,Has joined Getafe permanently,2026-08-14T14:14:21.881112Z,55,168636.jpg,1.2,False,Ünal,0.1,False,,u,3,91,27,0,0,0,0,0.0,4.9,Enes Ünal,,219.0,2024-07-01,1997-05-10,False,p168636,214,1,0,0,3,0,0,0,1,0,0,1,83,70.2,25.0,104.0,19.1,15,7,1,23,0,2.00,0.07,2.07,6.16,,,,,,,[],,322,35,315,40,229,38,311,37,0.84,0.0,0.03,0.87,2.59,1.26,119,29,377,25,350,40,405,62,0.0,0.0,9.67,Bournemouth,Enes Ünal,25-26
80,True,True,75.0,,561245,0,0,0,0,0,0,4,1.5,,0,Álvaro,0.0,81,False,Unspecified injury - 75% chance of playing,2026-08-15T16:30:07.054142Z,60,561245.jpg,0.0,False,Rodríguez,0.2,False,,d,3,91,0,0,0,0,0,0.0,0.0,Rodríguez,,230.0,2026-07-14,2004-07-14,False,p561245,0,0,0,0,0,0,0,0,0,0,0,0,0,0.0,0.0,0.0,0.0,0,0,0,0,0,0.00,0.00,0.00,0.00,,,,,,,[],,583,69,583,69,583,69,583,69,0.0,0.0,0.0,0.0,0.0,0.0,105,27,530,58,583,69,331,56,0.0,0.0,0.0,Bournemouth,Álvaro Rodríguez,25-26
81,True,True,,,483067,0,0,0,0,0,0,2,2.2,,0,António João,0.0,566,False,,,50,483067.jpg,0.0,False,Pereira de Albuquerque Tavares da Silva,0.2,False,,a,3,91,0,0,0,0,0,0.0,0.0,Silva,António Silva,173.0,2026-08-01,2003-10-30,False,p483067,0,0,0,0,0,0,0,0,0,0,0,0,0,0.0,0.0,0.0,0.0,0,0,0,0,0,0.00,0.00,0.00,0.00,,,,,,,[],,532,186,531,186,527,186,532,186,0.0,0.0,0.0,0.0,0.0,0.0,323,64,300,146,532,186,333,124,0.0,0.0,0.0,Bournemouth,António João Pereira de Albuquerque Tavares da Silva,25-26
82,True,True,,,494928,0,0,0,0,0,0,2,1.7,,0,Juanlu,0.0,573,False,,,45,494928.jpg,0.0,False,Sánchez,0.1,False,,a,3,91,0,0,0,0,0,0.0,0.0,Sanchez,,200.0,2026-08-06,2003-08-15,False,p494928,0,0,0,0,0,0,0,0,0,0,0,0,0,0.0,0.0,0.0,0.0,0,0,0,0,0,0.00,0.00,0.00,0.00,,,,,,,[],,476,178,470,178,457,177,478,178,0.0,0.0,0.0,0.0,0.0,0.0,477,129,155,100,481,178,395,143,0.0,0.0,0.0,Bournemouth,Juanlu Sánchez,25-26
83,True,True,,,200720,0,0,0,0,0,0,1,2.6,,0,Caoimhín,0.0,82,False,,,50,200720.jpg,3.9,False,Kelleher,5.8,False,,a,4,94,143,0,0,0,0,0.0,28.6,Kelleher,,104.0,2025-06-03,1998-11-23,False,p200720,3330,0,0,10,49,0,3,0,1,0,109,11,570,913.8,23.0,0.0,93.8,48,301,1,0,37,0.00,0.22,0.22,53.48,,,,,,,[],,12,3,320,5,497,56,143,3,0.0,2.95,0.01,0.01,1.45,1.32,254,11,231,53,64,5,66,8,1.0,0.27,0.0,Brentford,Caoimhín Kelleher,25-26
84,True,True,,,507433,0,0,0,0,0,0,1,1.9,,0,Hákon Rafn,0.0,83,False,,,45,507433.jpg,1.0,False,Valdimarsson,0.1,False,,a,4,94,1,0,0,0,0,0.0,0.2,Valdimarsson,,99.0,2024-01-26,2001-10-13,False,p507433,90,0,0,0,3,0,0,0,0,0,1,0,1,13.0,0.0,0.0,1.3,0,7,0,0,1,0.00,0.00,0.00,0.97,,,,,,,[],,365,31,473,52,461,46,383,31,0.0,1.0,0.0,0.0,0.97,3.0,482,42,160,42,364,31,433,49,1.0,0.0,0.0,Brentford,Hákon Rafn Valdimarsson,25-26
85,True,True,,,432830,0,0,0,0,0,0,2,2.5,,0,Nathan,0.0,84,False,,,55,432830.jpg,3.7,False,Collins,2.0,False,,a,4,94,129,0,0,0,0,0.0,23.5,Collins,,104.0,2023-07-04,2001-04-30,False,p432830,2971,1,2,9,44,1,0,0,7,0,0,7,450,848.6,143.8,325.0,131.9,287,139,32,319,32,2.24,1.71,3.95,47.52,,,,,,,[],,20,8,206,54,86,10,73,16,0.07,0.0,0.05,0.12,1.44,1.33,157,19,415,169,79,32,127,52,0.97,0.27,9.66,Brentford,Nathan Collins,25-26
86,True,True,0.0,,444765,0,0,0,0,0,0,2,0.0,,0,Sepp,0.0,85,False,Unspecified injury - Unknown return date,2026-08-15T15:30:06.416627Z,50,444765.jpg,3.5,False,van den Berg,0.5,False,,i,4,94,113,0,0,0,0,0.0,22.6,Van den Berg,,152.0,2024-08-22,2001-12-20,False,p444765,2761,0,3,8,41,0,0,0,2,0,0,3,435,659.0,98.0,305.0,106.3,249,109,23,272,30,3.36,1.45,4.81,41.59,,,,,,,[],,58,25,239,76,97,13,115,34,0.11,0.0,0.05,0.16,1.36,1.34,302,57,279,139,103,42,259,97,0.98,0.26,8.87,Brentford,Sepp van den Berg,25-26
87,True,True,,,249231,0,0,0,0,0,0,3,2.0,,0,Keane,0.0,86,False,,,55,249231.jpg,3.2,False,Lewis-Potter,0.5,False,,a,4,94,115,0,0,0,0,0.0,20.9,Lewis-Potter,,241.0,2022-07-12,2001-02-22,False,p249231,1960,3,4,9,32,0,0,0,1,0,0,5,356,378.2,332.2,353.0,106.4,51,96,23,74,22,3.01,2.51,5.52,33.74,,,1.0,,,,[],,159,63,106,76,75,46,114,64,0.14,0.0,0.12,0.26,1.55,1.47,153,95,411,146,148,58,263,84,1.01,0.41,3.4,Brentford,Keane Lewis-Potter,25-26
88,True,True,,,191866,0,0,0,0,0,0,2,1.7,,0,Kristoffer,0.0,87,False,,,45,191866.jpg,2.8,False,Ajer,2.0,False,,a,4,94,76,0,0,0,0,0.0,16.9,Ajer,,161.0,2021-07-21,1998-04-17,False,p191866,1805,0,2,5,32,0,0,0,4,0,0,1,211,401.4,59.1,165.0,62.7,155,59,37,192,20,0.69,0.73,1.42,31.51,,,,,,,[],,152,62,278,94,182,49,216,70,0.03,0.0,0.04,0.07,1.57,1.6,421,93,99,64,189,77,130,53,1.0,0.25,9.57,Brentford,Kristoffer Ajer,25-26
89,True,True,,,607464,0,0,0,0,0,0,2,1.7,,0,Michael,0.0,88,False,,,45,607464.jpg,3.1,False,Kayode,3.6,False,,a,4,94,113,0,0,0,0,0.0,25.1,Kayode,,106.0,2025-07-01,2004-07-10,False,p607464,3258,1,2,10,49,1,0,0,8,0,0,9,494,613.8,470.2,130.0,121.7,151,163,68,219,37,1.28,2.89,4.17,52.65,,,,,,,[],,71,30,55,8,207,57,84,21,0.04,0.0,0.08,0.12,1.45,1.35,514,143,192,114,157,64,90,34,1.02,0.28,6.05,Brentford,Michael Kayode,25-26
90,True,True,,,194010,0,0,0,0,0,0,2,1.7,,0,Rico,0.0,89,False,,,45,194010.jpg,2.1,False,Henry,0.2,False,,a,4,94,52,0,0,0,0,0.0,11.6,Henry,,107.0,2016-08-31,1997-07-08,False,p194010,1322,0,2,4,22,0,0,0,2,0,0,0,144,151.6,82.0,35.0,26.9,53,72,15,68,14,0.18,0.54,0.72,23.91,,,,,,,[],,275,102,254,84,292,98,299,101,0.01,0.0,0.04,0.05,1.63,1.5,422,94,100,65,274,104,329,123,0.95,0.27,4.63,Brentford,Rico Henry,25-26
91,True,True,,,472713,0,0,0,0,0,0,2,1.7,,0,Aaron,0.0,90,False,,,45,472713.jpg,1.8,False,Hickey,0.1,False,,a,4,94,37,0,0,0,0,0.0,8.2,Hickey,,243.0,2022-07-09,2002-06-10,False,p472713,679,0,0,2,9,0,0,0,1,0,0,0,105,101.4,17.1,43.0,16.0,36,35,15,51,8,0.44,0.17,0.61,9.03,,,,,,,[],,304,109,328,114,281,91,320,109,0.06,0.0,0.02,0.08,1.2,1.19,465,125,143,96,301,112,475,162,1.06,0.27,6.76,Brentford,Aaron Hickey,25-26
92,True,True,,,231065,0,0,0,0,0,0,2,1.7,,0,Ethan,0.0,91,False,,,45,231065.jpg,3.5,False,Pinnock,0.1,False,,a,4,94,14,0,0,0,0,0.0,3.1,Pinnock,,107.0,2019-07-02,1993-05-29,False,p231065,318,0,0,1,5,1,0,0,1,0,0,2,53,88.6,1.2,33.0,12.3,37,11,5,42,4,0.01,0.06,0.07,3.70,,,,,,,[],,310,113,370,129,295,99,328,112,0.0,0.0,0.02,0.02,1.05,1.42,438,107,116,78,99,39,448,153,1.13,0.28,11.89,Brentford,Ethan Pinnock,25-26
93,True,True,,,570241,0,0,0,0,0,0,2,1.7,,0,Kim,0.0,92,False,,,45,570241.jpg,0.0,False,Ji-soo,0.0,False,,a,4,94,0,0,0,0,0,0.0,0.0,Ji-soo,Kim Ji-Soo,114.0,2023-07-20,2004-12-24,False,p570241,0,0,0,0,0,0,0,0,0,0,0,0,0,0.0,0.0,0.0,0.0,0,0,0,0,0,0.00,0.00,0.00,0.00,,,,,,,[],,490,181,486,181,477,181,492,181,0.0,0.0,0.0,0.0,0.0,0.0,501,137,179,108,494,181,538,184,0.0,0.0,0.0,Brentford,Kim Ji-soo,25-26
94,True,True,,,513086,0,0,0,0,0,0,2,1.7,,0,Jannik,0.0,93,False,,,45,513086.jpg,0.0,False,Schuster,0.2,False,,a,4,94,0,0,0,0,0,0.0,0.0,Schuster,,14.0,2026-06-15,2006-05-16,False,p513086,0,0,0,0,0,0,0,0,0,0,0,0,0,0.0,0.0,0.0,0.0,0,0,0,0,0,0.00,0.00,0.00,0.00,,,,,,,[],,479,179,474,179,462,178,481,179,0.0,0.0,0.0,0.0,0.0,0.0,483,131,161,102,484,179,387,142,0.0,0.0,0.0,Brentford,Jannik Schuster,25-26
95,True,True,,,513418,0,0,0,0,0,0,3,2.1,,0,Kevin,0.0,94,False,,,60,513418.jpg,3.6,False,Schade,2.9,False,,a,4,94,125,0,0,0,0,0.0,20.8,Schade,,80.0,2023-07-01,2001-11-27,False,p513418,2744,8,5,11,34,0,0,1,6,1,0,5,385,536.8,380.1,821.0,172.8,54,94,42,190,32,12.08,2.05,14.13,40.05,,,,,2.0,,[],,100,31,89,66,12,7,33,25,0.4,0.0,0.07,0.47,1.31,1.12,100,65,525,214,94,40,104,34,1.05,0.36,6.23,Brentford,Kevin Schade,25-26
96,True,True,,,533463,0,0,0,0,0,0,3,2.3,,0,Dango,0.0,95,False,,,65,533463.jpg,4.2,False,Ouattara,1.4,False,,a,4,94,136,0,0,0,0,0.0,20.9,O.Dango,,35.0,2025-08-16,2002-02-11,False,p533463,2271,7,8,6,35,0,0,0,5,0,0,16,429,509.8,422.8,702.0,162.8,76,85,24,185,25,7.94,4.12,12.06,34.75,4.0,,,,,,[],,112,38,65,50,23,10,42,29,0.31,0.0,0.16,0.47,1.38,1.39,53,37,558,239,44,20,165,53,0.99,0.24,7.33,Brentford,Dango Ouattara,25-26
97,True,True,,,440089,0,0,0,0,0,0,3,2.0,,0,Mikkel,0.0,96,False,,,55,440089.jpg,3.4,False,Damsgaard,0.6,False,,a,4,94,113,0,0,0,0,0.0,20.5,Damsgaard,,58.0,2022-08-10,2000-07-03,False,p440089,2046,4,4,5,32,0,0,0,0,0,0,9,467,530.6,691.3,326.0,155.0,45,139,57,241,24,2.61,5.43,8.04,31.55,3.0,,3.0,,,,[],,106,34,26,25,85,53,49,31,0.11,0.0,0.24,0.35,1.39,1.41,161,101,419,152,116,46,239,78,1.06,0.22,10.6,Brentford,Mikkel Damsgaard,25-26
98,True,True,,,207283,0,0,0,0,0,0,3,2.0,,0,Mathias,0.0,97,False,,,55,207283.jpg,2.7,False,Jensen,0.2,False,,a,4,94,98,0,0,0,0,0.0,17.8,Jensen,,58.0,2019-07-10,1996-01-01,False,p207283,2239,3,2,9,33,0,0,0,3,0,0,1,465,435.6,632.7,201.0,126.9,62,118,40,220,26,2.21,6.06,8.27,35.72,1.0,,2.0,,3.0,,[],,140,52,29,28,155,84,77,48,0.09,0.0,0.24,0.33,1.44,1.33,137,85,395,136,209,81,381,141,1.05,0.36,8.84,Brentford,Mathias Jensen,25-26
99,True,True,,,204580,0,0,0,0,0,0,3,1.5,,0,Vitaly,0.0,98,False,,,50,204580.jpg,3.0,False,Janelt,0.1,False,,a,4,94,74,0,0,0,0,0.0,14.8,Janelt,,80.0,2020-10-03,1998-05-10,False,p204580,1434,1,4,5,21,0,0,0,8,0,0,6,334,350.4,351.8,97.0,79.0,71,85,27,183,15,0.82,2.27,3.09,26.62,2.0,,,,,,[],,172,69,99,72,234,126,176,85,0.05,0.0,0.14,0.19,1.67,1.32,258,157,235,45,169,63,438,176,0.94,0.31,11.49,Brentford,Vitaly Janelt,25-26
100,True,True,75.0,,543295,0,0,0,0,0,0,3,1.1,,0,Antoni,0.0,99,False,Knee injury - 75% chance of playing,2026-07-23T12:01:23.384798Z,50,543295.jpg,1.0,False,Milambo,0.0,False,,d,4,94,1,0,0,0,0,0.0,0.2,Milambo,,152.0,2025-07-03,2005-04-03,False,p543295,45,0,0,0,3,0,0,0,0,0,0,0,5,4.0,1.8,0.0,0.6,0,2,2,4,1,0.00,0.01,0.01,1.49,,,,,,,[],https://www.brentfordfc.com/en/news/article/first-team-brentford-v-crystal-palace-premier-league-team-news?utm_source=premier-league-web&utm_medium=referral&utm_campaign=pl-referral-always-on&utm_term=injuries&utm_content=club-injury-article,380,176,368,184,543,230,388,182,0.0,0.0,0.02,0.02,2.98,6.0,363,215,340,103,380,176,584,257,2.0,0.0,8.0,Brentford,Antoni Milambo,25-26
101,True,True,100.0,,244858,0,0,0,0,0,0,3,1.5,,0,Fábio,0.0,100,False,,2026-07-23T12:01:23.400917Z,50,244858.jpg,2.2,False,Freitas Gouveia Carvalho,0.0,False,,a,4,94,13,0,0,0,0,0.0,2.6,Carvalho,Fábio Carvalho,173.0,2024-08-12,2002-08-30,False,p244858,100,1,0,0,4,0,0,0,0,0,0,1,42,39.0,6.5,36.0,8.1,0,5,3,8,1,0.70,0.03,0.73,2.08,,,,,,,[],,343,158,349,173,291,152,345,162,0.63,0.0,0.03,0.66,1.87,3.6,290,173,267,61,268,113,534,222,0.9,0.0,7.2,Brentford,Fábio Freitas Gouveia Carvalho,25-26
102,True,True,,,508395,0,0,0,0,0,0,3,1.5,,0,Yehor,0.0,102,False,,,50,508395.jpg,2.8,False,Yarmoliuk,1.4,False,,a,4,94,104,0,0,0,0,0.0,20.8,Yarmoliuk,,225.0,2022-10-28,2004-03-01,False,p508395,2652,1,3,8,42,0,0,0,7,0,0,1,448,445.0,273.0,117.0,83.4,83,186,69,338,30,1.22,1.39,2.61,40.31,,,,,,,[],,132,47,132,90,219,119,166,81,0.04,0.0,0.05,0.09,1.37,1.43,346,201,323,89,196,73,163,52,1.02,0.27,11.47,Brentford,Yehor Yarmoliuk,25-26
103,True,True,,,183656,0,0,0,0,0,0,3,1.5,,0,Josh,0.0,103,False,,,50,183656.jpg,1.0,False,Dasilva,0.0,False,,a,4,94,2,0,0,0,0,0.0,0.4,Dasilva,,241.0,2025-10-23,1998-10-23,False,p183656,2,0,0,0,0,0,0,0,0,0,0,0,5,0.4,11.3,4.0,1.6,0,1,0,1,0,0.08,0.00,0.08,0.05,,,,,,,[],,394,185,336,171,342,174,377,176,3.6,0.0,0.0,3.6,2.25,0.0,251,152,228,40,378,174,533,221,0.0,0.0,45.0,Brentford,Josh Dasilva,25-26
104,True,True,,,444180,0,0,0,0,0,0,3,2.1,,0,Jaidon,0.0,105,False,,,60,444180.jpg,0.0,False,Anthony,0.2,False,,a,4,94,0,0,0,0,0,0.0,0.0,Anthony,,241.0,2026-07-07,1999-12-01,False,p444180,0,0,0,0,0,0,0,0,0,0,0,0,0,0.0,0.0,0.0,0.0,49,141,42,232,0,0.00,0.00,0.00,0.00,,,,,,,[],,581,254,581,254,581,254,581,254,0.0,0.0,0.0,0.0,0.0,0.0,85,54,510,203,581,254,359,127,0.0,0.0,0.0,Brentford,Jaidon Anthony,25-26
105,True,True,,,502500,0,0,0,0,0,0,4,2.5,,0,Igor Thiago,0.0,106,False,,,80,502500.jpg,4.8,False,Nascimento Rodrigues,17.3,False,,a,4,94,181,0,0,0,0,0.0,22.6,Thiago,Igor Thiago,30.0,2024-07-01,2001-06-26,False,p502500,3282,22,1,10,50,0,0,1,7,0,0,22,710,1019.4,382.5,1170.0,256.9,84,93,37,214,37,20.60,1.83,22.43,53.17,,,,,1.0,,[],,5,2,88,3,3,3,6,2,0.56,0.0,0.05,0.61,1.46,1.37,12,4,584,68,15,3,23,4,1.01,0.27,5.87,Brentford,Igor Thiago Nascimento Rodrigues,25-26
106,True,True,,,593174,0,0,0,0,0,0,4,1.0,,0,Kaye,0.0,107,False,,,45,593174.jpg,1.0,False,Furo,0.8,False,,a,4,94,1,0,0,0,0,0.0,0.2,Furo,,21.0,2026-01-11,2007-02-06,False,p593174,1,0,0,0,0,0,0,0,0,0,0,0,2,0.0,0.0,0.0,0.0,0,0,0,0,0,0.00,0.00,0.00,0.02,,,,,,,[],,492,52,487,52,479,53,493,53,0.0,0.0,0.0,0.0,1.8,0.0,509,67,187,9,373,44,208,35,0.0,0.0,0.0,Brentford,Kaye Furo,25-26
107,True,True,,,75115,0,0,0,0,0,0,4,1.8,,0,Callum,0.0,108,False,,,55,75115.jpg,0.0,False,Wilson,0.4,False,,a,4,94,0,0,0,0,0,0.0,0.0,Wilson,,241.0,2026-07-09,1992-02-27,False,p75115,0,0,0,0,0,0,0,0,0,0,0,0,0,0.0,0.0,0.0,0.0,10,27,4,41,0,0.00,0.00,0.00,0.00,,,,,,,[],,558,63,558,63,556,63,558,63,0.0,0.0,0.0,0.0,0.0,0.0,112,28,370,24,558,63,295,51,0.0,0.0,0.0,Brentford,Callum Wilson,25-26
108,True,True,,,513545,0,0,0,0,0,0,3,2.0,,0,Mamadou,0.0,565,False,,,55,513545.jpg,0.0,False,Sangaré,1.7,False,,a,4,94,0,0,0,0,0,0.0,0.0,Sangaré,,132.0,2026-08-01,2002-06-26,False,p513545,0,0,0,0,0,0,0,0,0,0,0,0,0,0.0,0.0,0.0,0.0,0,0,0,0,0,0.00,0.00,0.00,0.00,,,,,,,[],,572,249,572,249,571,249,572,249,0.0,0.0,0.0,0.0,0.0,0.0,198,123,456,174,572,249,147,44,0.0,0.0,0.0,Brentford,Mamadou Sangaré,25-26
109,True,True,,,489639,0,0,0,0,0,0,1,1.9,,0,Bart,0.0,109,False,,,45,489639.jpg,3.4,False,Verbruggen,18.7,False,,a,5,36,130,0,0,0,0,0.0,28.9,Verbruggen,,152.0,2023-07-03,2002-08-18,False,p489639,3420,0,0,10,46,1,1,0,3,0,106,6,616,935.0,10.0,0.0,94.7,32,332,1,0,38,0.00,0.06,0.06,49.06,,,,,,,[],,9,2,341,10,454,45,141,2,0.0,2.79,0.0,0.0,1.29,1.21,472,41,150,41,109,12,19,4,1.0,0.26,0.0,Brighton,Bart Verbruggen,25-26
110,True,True,,,49262,0,0,0,0,0,0,1,1.0,,0,Jason,0.0,111,False,,,40,49262.jpg,0.0,False,Steele,4.4,False,,a,5,36,0,0,0,0,0,0.0,0.0,Steele,,241.0,2018-07-01,1990-08-18,False,p49262,0,0,0,0,0,0,0,0,0,0,0,0,0,0.0,0.0,0.0,0.0,0,0,0,0,0,0.00,0.00,0.00,0.00,,,,,,,[],,397,34,380,16,361,7,399,34,0.0,0.0,0.0,0.0,0.0,0.0,524,49,3,3,403,34,80,12,0.0,0.0,0.0,Brighton,Jason Steele,25-26
111,True,True,,,231416,0,0,0,0,0,0,2,1.7,,0,Ferdi,0.0,113,False,,,45,231416.jpg,3.2,False,Kadıoğlu,3.1,False,,a,5,36,118,0,0,0,0,0.0,26.2,F.Kadıoğlu,,219.0,2024-08-27,1999-10-07,False,p231416,3130,1,2,10,41,0,0,0,6,0,0,7,514,505.0,444.8,284.0,123.7,113,130,57,170,34,2.06,3.31,5.37,44.61,3.0,,,,,,[],,113,48,62,13,104,17,83,20,0.06,0.0,0.1,0.16,1.28,1.18,439,108,117,79,141,55,99,37,0.98,0.29,4.89,Brighton,Ferdi Kadıoğlu,25-26
112,True,True,,,204120,0,0,0,0,0,0,2,1.7,,0,Olivier,0.0,114,False,,,45,204120.jpg,3.2,False,Boscagli,0.2,False,,a,5,36,39,0,0,0,0,0.0,8.7,Boscagli,,73.0,2025-07-02,1997-11-18,False,p204120,799,0,1,3,10,0,0,0,2,0,0,4,171,215.6,82.2,12.0,31.1,62,54,16,78,9,0.05,0.47,0.52,10.87,,,,,,,[],,242,92,253,83,323,116,287,96,0.01,0.0,0.05,0.06,1.22,1.13,426,97,104,68,139,53,361,136,1.01,0.34,8.79,Brighton,Olivier Boscagli,25-26
113,True,True,,,465730,0,0,0,0,0,0,2,1.7,,0,Maxim,0.0,115,False,,,45,465730.jpg,2.8,False,De Cuyper,1.5,False,,a,5,36,84,0,0,0,0,0.0,18.7,De Cuyper,,21.0,2025-07-05,2000-12-22,False,p465730,1404,2,3,5,23,0,0,0,2,0,0,9,318,327.8,516.6,154.0,99.9,42,68,22,64,17,1.66,4.08,5.74,24.09,2.0,,4.0,,,,[],,187,72,47,5,193,52,129,38,0.11,0.0,0.26,0.37,1.54,1.47,462,123,140,94,191,79,160,63,1.09,0.32,4.1,Brighton,Maxim De Cuyper,25-26
114,True,True,,,83299,0,0,0,0,0,0,2,1.7,,0,Lewis,0.0,116,False,,,45,83299.jpg,3.0,False,Dunk,0.9,False,,a,5,36,100,0,0,0,0,0.0,22.2,Dunk,,241.0,2009-07-01,1991-11-21,False,p83299,2837,1,1,7,40,0,0,0,10,0,0,5,443,649.6,125.5,210.0,98.7,196,135,35,231,31,1.83,0.56,2.39,41.90,,,3.0,,,,[],,63,27,221,62,144,33,133,42,0.06,0.0,0.02,0.08,1.33,1.27,397,80,75,51,164,67,202,73,0.98,0.22,7.33,Brighton,Lewis Dunk,25-26
115,True,True,,,550090,0,0,0,0,0,0,2,1.7,,0,Diego,0.0,117,False,,,45,550090.jpg,2.0,False,Coppola,0.0,False,,a,5,36,10,0,0,0,0,0.0,2.2,Coppola,,,,,False,p550090,193,0,0,1,3,0,0,0,2,0,0,0,32,42.4,3.7,2.0,4.8,16,6,2,18,2,0.00,0.01,0.01,4.52,,,,,,,[],,341,119,357,125,352,128,359,123,0.0,0.0,0.0,0.0,2.11,1.4,493,135,171,106,283,108,540,185,0.93,0.47,8.39,Brighton,Diego Coppola,25-26
116,True,True,,,223434,0,0,0,0,0,0,2,1.7,,0,Igor Julio,0.0,118,False,,,45,223434.jpg,1.5,False,dos Santos de Paulo,0.1,False,,a,5,36,6,0,0,0,0,0.0,1.3,Igor,Igor Julio,30.0,2023-07-26,1998-02-07,False,p223434,103,0,0,0,3,0,0,0,0,0,0,0,10,25.8,10.6,0.0,3.6,13,3,0,13,1,0.00,0.00,0.00,4.66,,,,,,,[],,351,122,337,118,437,172,365,125,0.0,0.0,0.0,0.0,4.07,2.62,433,102,111,73,329,118,450,154,0.87,0.0,11.36,Brighton,Igor Julio dos Santos de Paulo,25-26
117,True,True,,,451490,0,0,0,0,0,0,2,1.7,,0,João Pedro,0.0,119,False,,,45,451490.jpg,0.0,False,Loureiro da Costa,0.0,False,,a,5,36,0,0,0,0,0,0.0,0.0,Costinha,Costinha,173.0,2026-06-15,2000-03-26,False,p451490,0,0,0,0,0,0,0,0,0,0,0,0,0,0.0,0.0,0.0,0.0,0,0,0,0,0,0.00,0.00,0.00,0.00,,,,,,,[],,468,177,460,177,446,176,470,177,0.0,0.0,0.0,0.0,0.0,0.0,458,122,136,93,473,177,528,178,0.0,0.0,0.0,Brighton,João Pedro Loureiro da Costa,25-26
118,True,True,,,454490,0,0,0,0,0,0,2,2.2,,0,Michael,0.0,120,False,,,50,454490.jpg,0.0,False,Svoboda,0.1,False,,a,5,36,0,0,0,0,0,0.0,0.0,Svoboda,,14.0,2026-07-02,1998-10-15,False,p454490,0,0,0,0,0,0,0,0,0,0,0,0,0,0.0,0.0,0.0,0.0,0,0,0,0,0,0.00,0.00,0.00,0.00,,,,,,,[],,524,185,522,185,519,185,524,185,0.0,0.0,0.0,0.0,0.0,0.0,307,58,284,140,524,185,499,169,0.0,0.0,0.0,Brighton,Michael Svoboda,25-26
119,True,True,0.0,,451340,0,0,0,0,0,0,3,0.0,,0,Mitoma,0.0,121,False,Hamstring injury - Unknown return date,2026-07-24T18:30:10.661894Z,60,451340.jpg,2.5,False,Kaoru,0.1,False,,i,5,36,62,0,0,0,0,0.0,10.3,Mitoma,,108.0,2021-08-09,1997-05-20,False,p451340,1714,3,1,5,20,0,0,0,5,0,0,2,247,288.4,422.3,416.0,112.3,27,62,18,107,19,4.04,2.74,6.78,23.76,,,,,,,[],https://www.brightonandhovealbion.com/media-article/successful-surgery-for-mitoma,208,92,66,51,59,35,103,60,0.21,0.0,0.14,0.35,1.25,1.05,87,56,512,205,240,94,441,178,1.0,0.26,5.62,Brighton,Mitoma Kaoru,25-26
120,True,True,0.0,,592031,0,0,0,0,0,0,3,0.0,,0,Yankuba,0.0,122,False,Leg injury - Expected back 28 Nov,2026-08-14T18:00:06.418033Z,60,592031.jpg,3.4,False,Minteh,0.4,False,,i,5,36,117,0,0,0,0,0.0,19.5,Minteh,,78.0,2024-07-01,2004-07-22,False,p592031,2389,3,8,11,33,0,0,0,3,0,0,9,466,491.8,691.4,617.0,180.3,33,96,56,185,26,3.81,5.06,8.87,34.09,5.0,,,,,,[],,116,40,25,24,28,14,30,24,0.14,0.0,0.19,0.33,1.28,1.24,106,68,531,217,121,49,288,94,0.98,0.41,6.97,Brighton,Yankuba Minteh,25-26
121,True,True,,,532529,0,0,0,0,0,0,3,2.1,,0,Jack,0.0,123,False,,,60,532529.jpg,3.4,False,Hinshelwood,0.3,False,,a,5,36,91,0,0,0,0,0.0,15.2,Hinshelwood,,241.0,2022-12-30,2005-04-11,False,p532529,1736,4,5,7,23,1,0,0,0,0,0,2,317,312.6,228.0,412.0,94.8,35,61,18,114,20,4.94,2.34,7.28,27.83,,,,,,,[],,195,84,149,101,60,36,140,75,0.26,0.0,0.12,0.38,1.44,1.19,101,66,526,215,120,48,305,100,1.04,0.36,5.91,Brighton,Jack Hinshelwood,25-26
122,True,True,,,60307,0,0,0,0,0,0,3,2.0,,0,Pascal,0.0,124,False,,,55,60307.jpg,4.1,False,Groß,11.7,False,,a,5,36,78,0,0,0,0,0.0,14.2,Groß,,80.0,2026-01-02,1991-06-15,False,p60307,1636,1,6,6,17,0,0,0,2,0,0,10,389,397.2,668.2,220.0,128.5,40,76,29,145,18,1.39,3.95,5.34,20.36,1.0,,1.0,,1.0,,[],,155,60,27,26,139,79,76,47,0.08,0.0,0.22,0.3,1.12,0.94,111,73,369,124,46,21,36,12,0.99,0.33,7.98,Brighton,Pascal Groß,25-26
123,True,True,,,463067,0,0,0,0,0,0,4,1.8,,0,Georginio,0.0,125,False,,,55,463067.jpg,2.7,False,Rutter,0.9,False,,a,5,36,87,0,0,0,0,0.0,15.8,Georginio,,73.0,2024-08-19,2002-04-20,False,p463067,1776,3,5,7,20,1,0,0,2,0,0,2,290,338.6,349.5,448.0,113.5,38,61,32,131,20,2.90,2.90,5.80,21.59,,,,,,,[],,179,17,101,4,48,18,99,16,0.15,0.0,0.15,0.3,1.09,1.01,173,40,431,36,211,20,194,32,1.01,0.35,6.64,Brighton,Georginio Rutter,25-26
124,True,True,,,219249,0,0,0,0,0,0,3,2.0,,0,Matt,0.0,126,False,,,55,219249.jpg,2.7,False,O'Riley,0.1,False,,a,5,36,16,0,0,0,0,0.0,2.9,O'Riley,,58.0,2024-08-26,2000-11-21,False,p219249,202,1,0,1,3,0,0,0,0,0,0,2,48,65.4,67.7,63.0,19.6,3,2,5,10,2,1.21,0.18,1.39,2.53,,,,,2.0,,[],,328,147,265,147,267,143,310,148,0.54,0.0,0.08,0.62,1.13,1.34,142,88,400,139,210,82,436,175,0.89,0.45,4.46,Brighton,Matt O'Riley,25-26
125,True,True,,,514254,0,0,0,0,0,0,3,1.5,,0,Diego,0.0,127,False,,,50,514254.jpg,3.0,False,Gómez Amarilla,2.8,False,,a,5,36,97,0,0,0,0,0.0,19.4,Gomez,Diego Gómez,168.0,2025-01-01,2003-03-27,False,p514254,2117,5,1,8,29,0,0,0,9,0,0,9,361,438.2,319.7,432.0,119.0,49,112,77,238,26,6.24,1.72,7.96,29.35,,,5.0,,,,[],,136,49,112,80,55,33,91,53,0.27,0.0,0.07,0.34,1.25,1.23,350,203,327,91,171,65,108,35,1.11,0.34,10.12,Brighton,Diego Gómez Amarilla,25-26
126,True,False,0.0,,536916,0,0,0,0,0,0,3,0.0,,0,Facundo,0.0,128,False,Has joined Elche on loan for the rest of the season,2026-08-10T14:03:07.561436Z,50,536916.jpg,0.8,False,Buonanotte,0.0,False,,u,5,36,3,0,0,0,0,0.0,0.6,Buonanotte,,10.0,2023-01-01,2004-12-23,False,p536916,81,0,0,0,4,0,0,0,1,0,0,0,9,13.2,40.0,21.0,7.4,2,3,1,6,1,0.06,0.28,0.34,2.51,,,,,,,[],,363,167,298,159,309,159,351,164,0.07,0.0,0.31,0.38,2.79,4.44,361,213,338,101,397,186,545,227,1.11,0.0,6.67,Brighton,Facundo Buonanotte,25-26
127,True,True,,,509416,0,0,0,0,0,0,3,2.0,,0,Yasin,0.0,129,False,,,55,509416.jpg,3.4,False,Ayari,0.8,False,,a,5,36,98,0,0,0,0,0.0,17.8,Ayari,,206.0,2023-01-30,2003-10-06,False,p509416,1921,3,4,6,24,0,0,0,1,0,0,7,406,359.8,251.3,231.0,84.5,54,124,47,225,20,2.70,1.15,3.85,26.85,4.0,,2.0,,,,[],,169,67,137,94,131,75,163,80,0.13,0.0,0.05,0.18,1.26,1.12,197,122,455,173,118,47,215,70,0.94,0.28,10.54,Brighton,Yasin Ayari,25-26
128,True,True,,,467779,0,0,0,0,0,0,2,2.2,,0,Mats,0.0,130,False,,,50,467779.jpg,3.6,False,Wieffer,0.3,False,,a,5,36,94,0,0,0,0,0.0,18.8,Wieffer,,152.0,2024-07-06,1999-11-16,False,p467779,1901,2,4,6,26,0,0,0,8,0,0,6,398,477.0,291.1,209.0,97.7,101,102,66,269,23,1.92,1.86,3.78,23.95,,,,,,,[],,122,50,128,31,146,34,136,44,0.09,0.0,0.09,0.18,1.13,1.23,315,61,292,143,89,36,311,116,1.09,0.28,12.74,Brighton,Mats Wieffer,25-26
129,True,True,0.0,,535301,0,0,0,0,0,0,3,0.0,,0,Carlos,0.0,131,False,Ankle injury - Expected back 23 Aug,2026-08-06T16:00:10.997714Z,50,535301.jpg,1.8,False,Baleba,0.2,False,,i,5,36,56,0,0,0,0,0.0,11.2,Baleba,,38.0,2023-08-29,2004-01-03,False,p535301,1646,0,0,7,19,0,0,0,5,0,0,0,231,166.8,156.3,44.0,36.8,67,105,37,209,23,0.78,0.72,1.50,20.40,,,,,,,[],,264,120,198,127,279,149,275,133,0.04,0.0,0.04,0.08,1.12,1.04,356,208,333,96,305,133,347,121,1.26,0.38,11.43,Brighton,Carlos Baleba,25-26
130,True,False,0.0,,597320,0,0,0,0,0,0,3,0.0,,0,Harry,0.0,132,False,Has joined Leicester City on loan for the rest of the season,2026-08-17T13:53:19.019938Z,45,597320.jpg,1.3,False,Howell,0.3,False,,u,5,36,4,0,0,0,0,0.0,0.9,Howell,,,,,False,p597320,92,0,0,0,2,0,0,0,0,0,0,0,11,10.2,5.1,2.0,1.8,3,3,1,7,1,0.00,0.03,0.03,1.04,,,,,,,[],,371,170,354,175,354,180,374,173,0.0,0.0,0.03,0.03,1.02,1.96,511,256,189,21,343,156,323,111,0.98,0.0,6.85,Brighton,Harry Howell,25-26
131,True,False,0.0,,549074,0,0,0,0,0,0,3,0.0,,0,Tom,0.0,133,False,Has joined Leicester City on loan for the rest of the season,2026-08-03T14:05:44.459483Z,50,549074.jpg,0.8,False,Watson,0.0,False,,u,5,36,5,0,0,0,0,0.0,1.0,Watson,,241.0,2025-06-01,2006-04-08,False,p549074,57,0,0,0,2,0,0,0,1,0,0,0,15,6.0,2.4,7.0,1.6,0,4,1,5,0,0.04,0.03,0.07,1.72,,,,,,,[],,376,173,364,180,334,169,378,177,0.06,0.0,0.05,0.11,2.72,3.16,366,218,343,106,398,187,578,253,0.0,0.0,7.89,Brighton,Tom Watson,25-26
132,True,True,,,556637,0,0,0,0,0,0,3,1.0,,0,Nehemiah,0.0,134,False,,,45,556637.jpg,1.0,False,Oriola,0.2,False,,a,5,36,1,0,0,0,0,0.0,0.2,Oriola,,,,,False,p556637,1,0,0,0,0,0,0,0,0,0,0,0,3,0.0,0.0,0.0,0.0,0,0,0,0,0,0.00,0.00,0.00,0.00,,,,,,,[],,487,196,483,198,473,194,489,197,0.0,0.0,0.0,0.0,0.0,0.0,497,252,175,17,367,167,371,133,0.0,0.0,0.0,Brighton,Nehemiah Oriola,25-26
133,True,True,,,700308,0,0,0,0,0,0,3,1.5,,0,Zadok,0.0,135,False,,,50,700308.jpg,0.0,False,Yohanna,0.1,False,,a,5,36,0,0,0,0,0,0.0,0.0,Yohanna,,157.0,2026-06-15,2007-06-29,False,p700308,0,0,0,0,0,0,0,0,0,0,0,0,0,0.0,0.0,0.0,0.0,0,0,0,0,0,0.00,0.00,0.00,0.00,,,,,,,[],,557,238,557,238,555,238,557,238,0.0,0.0,0.0,0.0,0.0,0.0,391,235,368,123,557,238,455,185,0.0,0.0,0.0,Brighton,Zadok Yohanna,25-26
134,True,True,75.0,,608181,0,0,0,0,0,0,4,1.3,,0,Stefanos,0.0,137,False,Knee injury - 75% chance of playing,2026-07-23T12:01:23.432796Z,55,608181.jpg,1.8,False,Tzimas,0.0,False,,d,5,36,16,0,0,0,0,0.0,2.9,Tzimas,,83.0,2025-02-03,2006-01-06,False,p608181,132,1,1,0,2,0,0,0,0,0,0,0,55,66.6,65.7,44.0,17.7,2,10,3,15,1,0.44,0.11,0.55,2.59,,,,,,,[],https://www.brightonandhovealbion.com/media-video/hurzelers-liverpool-press-conference-march-26?utm_source=premier-league-web&utm_medium=referral&utm_campaign=pl-referral-always-on&utm_term=injuries&utm_content=club-injury-article,325,37,268,32,280,41,314,38,0.3,0.0,0.08,0.38,1.77,1.36,218,45,476,41,309,32,555,69,0.68,0.0,10.23,Brighton,Stefanos Tzimas,25-26
135,True,True,,,647850,0,0,0,0,0,0,4,1.8,,0,Charalampos,0.0,138,False,,,55,647850.jpg,1.7,False,Kostoulas,0.2,False,,a,5,36,35,0,0,0,0,0.0,6.4,Kostoulas,,83.0,2025-07-01,2007-05-30,False,p647850,351,2,1,1,9,0,0,0,2,0,0,3,140,143.6,126.5,255.0,52.4,5,25,11,41,2,2.12,0.54,2.66,6.04,,,,,,,[],,279,29,220,24,114,29,240,26,0.54,0.0,0.14,0.68,1.55,2.31,221,46,479,42,318,34,330,55,0.51,0.26,10.51,Brighton,Charalampos Kostoulas,25-26
136,True,True,0.0,,487117,0,0,0,0,0,0,4,0.0,,0,Evan,0.0,139,False,Ankle injury - Expected back 10 Oct,2026-07-23T12:01:23.448357Z,50,487117.jpg,0.0,False,Ferguson,0.0,False,,i,5,36,0,0,0,0,0,0.0,0.0,Ferguson,,104.0,2021-08-23,2004-10-19,False,p487117,0,0,0,0,0,0,0,0,0,0,0,0,0,0.0,0.0,0.0,0.0,0,0,0,0,0,0.00,0.00,0.00,0.00,,,,,,,[],,533,60,532,60,528,60,533,60,0.0,0.0,0.0,0.0,0.0,0.0,326,54,303,19,533,60,526,68,0.0,0.0,0.0,Brighton,Evan Ferguson,25-26
137,True,True,75.0,,222694,0,0,0,0,0,0,2,1.6,,0,Pascal,0.0,328,False,Knock - 75% chance of playing,2026-08-15T20:30:07.523574Z,50,222694.jpg,3.2,False,Struijk,0.3,False,,d,5,36,108,0,0,0,0,0.0,21.6,Struijk,,152.0,2026-06-30,1999-08-11,False,p222694,2935,0,1,7,48,0,0,0,5,0,0,4,412,697.4,161.5,272.0,113.1,258,117,39,297,33,3.06,0.76,3.82,42.92,,,,,,,[],,47,19,190,49,109,19,101,27,0.09,0.0,0.02,0.11,1.32,1.47,277,50,254,132,146,58,302,112,1.01,0.21,9.11,Brighton,Pascal Struijk,25-26
138,True,True,,,610799,0,0,0,0,0,0,2,2.2,,0,Luka,0.0,504,False,,,50,610799.jpg,0.0,False,Vušković,2.6,False,,a,5,36,0,0,0,0,0,0.0,0.0,Vuskovic,,97.0,2026-07-14,2007-02-24,False,p610799,0,0,0,0,0,0,0,0,0,0,0,0,0,0.0,0.0,0.0,0.0,0,0,0,0,0,0.00,0.00,0.00,0.00,,,,,,,[],,552,191,552,191,550,191,552,191,0.0,0.0,0.0,0.0,0.0,0.0,380,76,357,158,552,191,111,44,0.0,0.0,0.0,Brighton,Luka Vušković,25-26
139,True,True,,,244850,0,0,0,0,0,0,3,2.6,,0,Morgan,0.0,40,False,,,75,244850.jpg,4.6,False,Rogers,26.8,False,,a,6,8,169,0,0,0,0,0.0,22.5,Rogers,,241.0,2026-07-21,2002-07-26,False,p244850,3280,10,8,9,48,0,0,0,7,0,0,17,605,746.2,706.2,871.0,232.0,49,139,42,230,37,6.84,4.32,11.16,51.55,4.0,,,,,,[],,37,10,24,23,8,3,8,6,0.19,0.0,0.12,0.31,1.41,1.32,16,9,572,249,25,11,9,5,1.02,0.25,6.31,Chelsea,Morgan Rogers,25-26
140,True,True,75.0,,56979,0,0,0,0,0,0,3,1.1,,0,Jordan,0.0,101,False,Wrist injury - 75% chance of playing,2026-08-09T09:30:07.136250Z,50,56979.jpg,2.4,False,Henderson,0.0,False,,d,6,8,76,0,0,0,0,0.0,15.2,Henderson,Jordan Henderson,241.0,2026-08-03,1990-06-17,False,p56979,1911,1,3,6,28,0,0,0,6,0,0,5,343,336.6,358.3,49.0,74.4,58,98,27,183,22,0.33,2.31,2.64,28.16,,,,,,,[],,181,75,95,69,277,147,184,92,0.02,0.0,0.11,0.13,1.33,1.32,223,138,200,26,243,96,521,218,1.04,0.28,8.62,Chelsea,Jordan Henderson,25-26
141,True,True,,,50175,0,0,0,0,0,0,4,2.0,,0,Danny,0.0,136,False,,,60,50175.jpg,3.4,False,Welbeck,2.3,False,,a,6,8,126,0,0,0,0,0.0,21.0,Welbeck,,241.0,2026-08-01,1990-11-26,False,p50175,2249,13,1,10,28,0,0,2,5,0,0,18,511,578.8,309.7,803.0,168.2,39,49,24,112,26,12.36,1.40,13.76,31.68,,,,,,,[],,84,7,119,9,15,8,35,6,0.49,0.0,0.06,0.55,1.27,1.12,57,13,482,44,119,11,120,15,1.04,0.4,4.48,Chelsea,Danny Welbeck,25-26
142,True,True,,,215059,0,0,0,0,0,0,1,2.6,,0,Robert,0.0,140,False,,,50,215059.jpg,3.2,False,Lynch Sánchez,2.1,False,,a,6,8,113,0,0,0,0,0.0,22.6,Sánchez,,200.0,2023-08-05,1997-11-18,False,p215059,3040,0,1,9,49,0,0,0,3,1,98,7,509,822.2,50.0,0.0,86.7,27,302,2,0,35,0.00,0.04,0.04,48.64,,,,,,,[],,27,8,282,1,502,57,156,6,0.0,2.9,0.0,0.0,1.44,1.45,267,12,244,54,145,19,124,20,1.04,0.27,0.0,Chelsea,Robert Lynch Sánchez,25-26
143,True,False,0.0,,508479,0,0,0,0,0,0,1,0.0,,0,Filip,0.0,141,False,Has joined RC Strasbourg on loan for the rest of the season,2026-08-12T14:07:02.607115Z,50,508479.jpg,1.8,False,Jörgensen,0.1,False,,u,6,8,9,0,0,0,0,0.0,1.8,Jörgensen,,58.0,2024-07-30,2002-04-16,False,p508479,378,0,0,0,5,0,0,0,0,0,8,0,50,79.8,0.0,0.0,7.9,3,34,0,0,3,0.00,0.00,0.00,4.12,,,,,,,[],,316,26,540,66,537,64,348,26,0.0,1.9,0.0,0.0,0.98,1.19,347,20,324,62,304,30,472,54,0.71,0.0,0.0,Chelsea,Filip Jörgensen,25-26
144,True,True,,,225796,0,0,0,0,0,0,2,2.5,,0,Reece,0.0,142,False,,,55,225796.jpg,4.0,False,James,8.8,False,,a,6,8,115,0,0,0,0,0.0,20.9,James,,241.0,2019-05-15,1999-12-08,False,p225796,1957,2,6,8,20,0,0,0,4,0,0,11,493,459.0,483.7,116.0,106.1,80,101,48,128,20,1.04,3.20,4.24,28.75,1.0,,1.0,,,,[],,128,53,52,7,221,64,116,35,0.05,0.0,0.15,0.2,1.32,0.92,144,16,402,166,56,23,52,20,0.92,0.37,5.89,Chelsea,Reece James,25-26
145,True,False,0.0,,180736,0,0,0,0,0,0,2,0.0,,0,Trevoh,0.0,143,False,Has joined Como permanently,2026-08-10T14:03:50.769483Z,55,180736.jpg,4.0,False,Chalobah,0.8,False,,u,6,8,136,0,0,0,0,0.0,24.7,Chalobah,,241.0,2018-02-16,1999-07-05,False,p180736,2780,3,1,9,40,0,0,0,3,1,0,7,516,719.2,111.2,160.0,99.1,230,119,35,265,31,1.44,1.03,2.47,40.83,,,,,,,[],,43,17,231,70,188,50,132,41,0.05,0.0,0.03,0.08,1.32,1.29,125,12,383,162,54,22,210,78,1.0,0.29,8.58,Chelsea,Trevoh Chalobah,25-26
146,True,True,,,482609,0,0,0,0,0,0,2,2.2,,0,Malo,0.0,144,False,,,50,482609.jpg,2.8,False,Gusto,1.1,False,,a,6,8,96,0,0,0,0,0.0,19.2,Gusto,,73.0,2023-01-28,2003-05-19,False,p482609,2255,2,3,7,36,1,0,0,3,1,0,7,406,443.6,448.5,205.0,109.8,74,123,52,126,26,1.56,2.97,4.53,37.13,,,,,,,[],,133,55,61,12,149,37,106,29,0.06,0.0,0.12,0.18,1.48,1.44,322,63,299,145,194,82,183,66,1.04,0.28,5.03,Chelsea,Malo Gusto,25-26
147,True,True,0.0,,444463,0,0,0,0,0,0,2,0.0,,0,Wesley,0.0,145,False,Suspended until 6 Sep,2026-07-23T12:01:23.464591Z,50,444463.jpg,2.6,False,Fofana,0.0,False,,s,6,8,65,0,0,0,0,0.0,13.0,Fofana,Wesley Fofana,73.0,2022-08-31,2000-12-17,False,p444463,1718,0,2,4,25,0,0,0,5,2,0,3,288,463.6,65.6,74.0,60.4,187,81,19,206,20,0.72,0.60,1.32,25.81,,,,,,,[],,126,52,269,89,256,81,221,71,0.04,0.0,0.03,0.07,1.35,1.31,301,56,278,138,225,92,573,191,1.05,0.21,10.79,Chelsea,Wesley Fofana,25-26
148,True,True,,,242880,0,0,0,0,0,0,2,1.7,,0,Benoît,0.0,146,False,,,45,242880.jpg,0.9,False,Badiashile Mukinayi,0.0,False,,a,6,8,7,0,0,0,0,0.0,1.6,B.Badiashile,,73.0,2023-01-05,2001-03-26,False,p242880,470,0,0,0,10,0,0,0,2,0,0,0,48,102.8,7.9,2.0,11.4,41,16,7,48,6,0.00,0.06,0.06,7.41,,,,,,,[],,302,108,346,120,349,127,334,115,0.0,0.0,0.01,0.01,1.42,1.91,445,112,123,83,391,130,524,175,1.15,0.0,9.19,Chelsea,Benoît Badiashile Mukinayi,25-26
149,True,True,,,109646,0,0,0,0,0,0,2,1.7,,0,Tosin,0.0,147,False,,,45,109646.jpg,2.1,False,Adarabioyo,0.2,False,,a,6,8,34,0,0,0,0,0.0,7.6,Tosin,,241.0,2024-07-01,1997-09-24,False,p109646,788,0,0,2,14,0,0,0,2,0,0,2,130,240.4,33.3,19.0,29.3,80,22,17,97,8,0.11,0.40,0.50,13.25,,,,,,,[],,226,85,305,104,311,109,290,97,0.01,0.0,0.05,0.06,1.51,1.6,405,84,83,55,272,103,355,133,0.91,0.23,11.08,Chelsea,Tosin Adarabioyo,25-26
150,True,True,,,551210,0,0,0,0,0,0,2,1.7,,0,Jorrel,0.0,148,False,,,45,551210.jpg,0.9,False,Hato,0.7,False,,a,6,8,19,0,0,0,0,0.0,4.2,Hato,,152.0,2025-08-03,2006-03-07,False,p551210,1139,0,0,0,27,0,0,0,7,0,0,0,93,233.2,114.9,36.0,38.4,63,50,36,99,12,0.30,0.61,0.91,18.50,,,,,,,[],,232,88,227,66,290,97,270,89,0.02,0.0,0.05,0.07,1.46,2.13,494,136,172,107,392,131,227,85,0.95,0.0,7.82,Chelsea,Jorrel Hato,25-26
151,True,True,,,460028,0,0,0,0,0,0,2,2.2,,0,Levi,0.0,149,False,,,50,460028.jpg,2.7,False,Samuels Colwill,1.7,False,,a,6,8,8,0,0,0,0,0.0,1.6,Colwill,,241.0,2022-07-01,2003-02-26,False,p460028,225,0,0,0,4,0,0,0,0,0,0,0,30,66.0,7.6,6.0,8.0,22,9,3,25,2,0.00,0.12,0.12,3.36,,,,,,,[],,326,116,347,121,336,122,347,118,0.0,0.0,0.05,0.05,1.34,1.6,308,59,285,141,205,84,144,59,0.8,0.0,10.0,Chelsea,Levi Samuels Colwill,25-26
152,True,True,,,574458,0,0,0,0,0,0,2,1.7,,0,Mamadou,0.0,150,False,,,45,574458.jpg,1.0,False,Sarr,0.1,False,,a,6,8,3,0,0,0,0,0.0,0.7,M.Sarr,Mamadou Sarr,189.0,2025-06-09,2005-08-29,False,p574458,100,0,0,0,3,0,0,0,0,0,0,0,4,6.4,0.1,7.0,1.3,7,2,1,8,1,0.35,0.00,0.35,1.63,,,,,,,[],,375,130,376,132,333,121,384,130,0.32,0.0,0.0,0.32,1.47,2.7,502,138,180,109,369,128,460,159,0.9,0.0,7.2,Chelsea,Mamadou Sarr,25-26
153,True,True,,,577016,0,0,0,0,0,0,2,1.7,,0,Josh,0.0,151,False,,,45,577016.jpg,2.3,False,Acheampong,0.3,False,,a,6,8,39,0,0,0,0,0.0,8.7,Acheampong,,241.0,2024-03-10,2006-05-05,False,p577016,657,1,0,2,13,0,0,0,1,0,0,5,118,132.6,40.9,70.0,24.4,33,26,11,44,8,0.62,0.13,0.75,15.66,,,,,,,[],,289,104,296,101,261,84,302,102,0.08,0.0,0.02,0.1,2.15,1.78,505,140,183,111,255,100,321,120,1.1,0.27,6.03,Chelsea,Josh Acheampong,25-26
154,True,True,,,620109,0,0,0,0,0,0,2,2.5,,0,Marco,0.0,152,False,,,55,620109.jpg,0.0,False,Palestra,2.6,False,,a,6,8,0,0,0,0,0,0.0,0.0,Palestra,,106.0,2026-07-01,2005-03-03,False,p620109,0,0,0,0,0,0,0,0,0,0,0,0,0,0.0,0.0,0.0,0.0,0,0,0,0,0,0.00,0.00,0.00,0.00,,,,,,,[],,579,194,579,194,578,194,579,194,0.0,0.0,0.0,0.0,0.0,0.0,220,34,478,184,579,194,113,46,0.0,0.0,0.0,Chelsea,Marco Palestra,25-26
155,True,True,,,220362,0,0,0,0,0,0,2,1.7,,0,Axel,0.0,153,False,,,45,220362.jpg,0.0,False,Disasi,0.1,False,,a,6,8,0,0,0,0,0,0.0,0.0,Disasi,,73.0,2023-08-04,1998-03-11,False,p220362,0,0,0,0,0,0,0,0,0,0,0,0,0,0.0,0.0,0.0,0.0,74,32,14,88,0,0.00,0.00,0.00,0.00,,,,,,,[],,460,173,451,173,435,171,462,173,0.0,0.0,0.0,0.0,0.0,0.0,430,100,108,71,465,173,483,164,0.0,0.0,0.0,Chelsea,Axel Disasi,25-26
156,True,True,,,244851,0,0,0,0,0,0,3,3.2,,0,Cole,0.0,154,False,,,95,244851.jpg,4.4,False,Palmer,10.7,False,,a,6,8,114,0,0,0,0,0.0,12.0,Palmer,,241.0,2023-09-01,2002-05-06,False,p244851,1954,10,2,3,33,0,0,1,5,0,0,11,430,536.6,393.6,547.0,147.7,27,83,25,135,24,10.55,2.49,13.04,31.13,,,3.0,,1.0,,[],,101,32,83,61,39,23,52,32,0.49,0.0,0.11,0.6,1.43,1.52,4,3,588,259,37,16,44,15,1.11,0.14,6.22,Chelsea,Cole Palmer,25-26
157,True,True,,,448047,0,0,0,0,0,0,3,2.5,,0,Enzo,0.0,155,False,,,70,448047.jpg,4.4,False,Fernández,5.4,False,,a,6,8,157,0,0,0,0,0.0,22.4,Enzo,,10.0,2023-01-31,2001-01-17,False,p448047,3114,10,5,8,46,0,0,0,10,0,0,19,700,835.6,1063.2,747.0,264.6,51,140,53,244,35,11.26,7.26,18.52,44.89,3.0,,2.0,,2.0,,[],,23,7,3,3,20,9,3,2,0.33,0.0,0.21,0.54,1.3,1.33,29,19,567,247,36,15,68,24,1.01,0.23,7.05,Chelsea,Enzo Fernández,25-26
158,True,True,,,247632,0,0,0,0,0,0,3,2.3,,0,Pedro,0.0,156,False,,,65,247632.jpg,3.7,False,Lomba Neto,1.3,False,,a,6,8,125,0,0,0,0,0.0,19.2,Neto,Pedro Neto,173.0,2024-08-11,2000-03-09,False,p247632,2629,5,7,11,33,0,0,0,2,1,0,9,543,523.0,836.2,505.0,186.7,19,84,19,122,30,4.59,6.84,11.43,37.54,2.0,,4.0,,,,[],,110,36,14,13,41,25,29,23,0.16,0.0,0.23,0.39,1.29,1.13,42,29,547,231,83,37,169,56,1.03,0.38,4.18,Chelsea,Pedro Lomba Neto,25-26
159,True,True,,,624773,0,0,0,0,0,0,3,2.3,,0,Estêvão,0.0,157,False,,,65,624773.jpg,2.6,False,Almeida de Oliveira Gonçalves,1.5,False,,a,6,8,58,0,0,0,0,0.0,8.9,Estêvão,Estêvão,30.0,2025-07-14,2007-04-24,False,p624773,839,2,5,4,11,0,0,0,4,0,0,4,172,183.4,230.9,314.0,72.6,9,36,11,56,12,2.91,2.14,5.05,10.29,5.0,,,,3.0,,[],,257,117,148,100,92,58,192,97,0.31,0.0,0.23,0.54,1.1,1.18,55,39,560,241,229,89,162,51,1.29,0.43,6.01,Chelsea,Estêvão Almeida de Oliveira Gonçalves,25-26
160,True,True,,,463936,0,0,0,0,0,0,3,2.1,,0,Jamie,0.0,158,False,,,60,463936.jpg,1.6,False,Bynoe-Gittens,0.0,False,,a,6,8,25,0,0,0,0,0.0,4.2,Gittens,,241.0,2025-07-05,2004-08-08,False,p463936,486,0,2,1,7,0,0,0,0,0,0,0,99,93.0,130.4,91.0,31.3,6,15,8,29,5,0.81,0.94,1.75,8.89,,,,,,,[],,309,140,216,134,242,130,285,138,0.15,0.0,0.17,0.32,1.65,1.3,89,57,514,206,327,144,502,209,0.93,0.19,5.37,Chelsea,Jamie Bynoe-Gittens,25-26
161,True,True,,,486672,0,0,0,0,0,0,3,2.0,,0,Moisés,0.0,159,False,,,55,486672.jpg,3.3,False,Caicedo Corozo,4.0,False,,a,6,8,110,0,0,0,0,0.0,20.0,Caicedo,Moisés Caicedo,62.0,2023-08-14,2001-11-02,False,p486672,2796,3,1,6,47,0,0,0,11,1,0,10,580,562.4,403.1,128.0,109.2,102,177,87,366,32,1.45,2.38,3.83,42.54,,,,,,,[],,88,28,75,57,208,115,107,62,0.05,0.0,0.08,0.13,1.37,1.51,188,115,446,166,131,53,84,29,1.03,0.19,11.78,Chelsea,Moisés Caicedo Corozo,25-26
162,True,True,,,514356,0,0,0,0,0,0,3,1.5,,0,Roméo,0.0,161,False,,,50,514356.jpg,1.1,False,Lavia,0.1,False,,a,6,8,13,0,0,0,0,0.0,2.6,Lavia,,21.0,2023-08-18,2004-01-06,False,p514356,374,0,0,0,10,0,0,0,0,0,0,0,81,34.4,46.6,14.0,9.5,9,20,8,37,4,0.21,0.55,0.76,8.53,,,,,,,[],,344,159,292,156,321,163,340,160,0.05,0.0,0.13,0.18,2.05,2.41,351,204,328,92,354,163,497,208,0.96,0.0,8.9,Chelsea,Roméo Lavia,25-26
163,True,True,,,491007,0,0,0,0,0,0,3,1.0,,0,Dário,0.0,163,False,,,45,491007.jpg,0.3,False,Luís Essugo,0.2,False,,a,6,8,1,0,0,0,0,0.0,0.2,D.Essugo,Dário Essugo,173.0,2025-06-02,2005-03-14,False,p491007,26,0,0,0,1,0,0,0,2,0,0,0,7,11.4,2.1,2.0,1.6,1,1,6,8,0,0.00,0.01,0.01,0.55,,,,,,,[],,369,169,365,181,351,178,376,175,0.0,0.0,0.03,0.03,1.9,3.46,474,246,152,11,400,188,356,125,0.0,0.0,27.69,Chelsea,Dário Luís Essugo,25-26
164,True,True,100.0,,593117,0,0,0,0,0,0,3,2.0,,0,Geovany,0.0,164,False,,2026-07-24T20:30:10.609931Z,55,593117.jpg,0.0,False,Quenda,0.1,False,,a,6,8,0,0,0,0,0,0.0,0.0,Quenda,Geovany Quenda,173.0,2026-06-15,2007-04-30,False,p593117,0,0,0,0,0,0,0,0,0,0,0,0,0,0.0,0.0,0.0,0.0,0,0,0,0,0,0.00,0.00,0.00,0.00,,,,,,,[],,578,253,578,253,577,253,578,253,0.0,0.0,0.0,0.0,0.0,0.0,217,136,475,187,578,253,491,204,0.0,0.0,0.0,Chelsea,Geovany Quenda,25-26
165,True,True,,,475168,0,0,0,0,0,0,4,2.3,,0,João Pedro,0.0,165,False,,,75,475168.jpg,5.1,False,Junqueira de Jesus,59.0,False,,a,6,8,177,0,0,0,0,0.0,23.6,João Pedro,João Pedro,30.0,2025-07-02,2001-09-26,False,p475168,2658,15,9,10,36,0,0,0,5,0,0,30,715,758.4,456.6,909.0,212.1,39,72,27,138,31,14.91,1.96,16.87,37.25,,,,,,,[],,35,3,59,1,6,5,15,4,0.5,0.0,0.07,0.57,1.26,1.22,19,7,575,65,10,2,2,2,1.05,0.34,4.67,Chelsea,João Pedro Junqueira de Jesus,25-26
166,True,True,,,517052,0,0,0,0,0,0,4,2.1,,0,Nicolas,0.0,166,False,,,65,517052.jpg,0.0,False,Jackson,0.4,False,,a,6,8,0,0,0,0,0,0.0,0.0,N.Jackson,,189.0,2023-07-01,2001-06-20,False,p517052,0,0,0,0,0,0,0,0,0,0,0,0,0,0.0,0.0,0.0,0.0,0,0,0,0,0,0.00,0.00,0.00,0.00,,,,,,,[],,588,70,588,70,588,70,588,70,0.0,0.0,0.0,0.0,0.0,0.0,52,12,557,60,588,70,296,52,0.0,0.0,0.0,Chelsea,Nicolas Jackson,25-26
167,True,True,,,463034,0,0,0,0,0,0,4,1.8,,0,Liam,0.0,167,False,,,55,463034.jpg,1.6,False,Delap,0.5,False,,a,6,8,45,0,0,0,0,0.0,8.2,Delap,,241.0,2025-06-04,2003-02-08,False,p463034,1092,1,2,2,18,0,0,0,4,0,0,1,123,67.8,73.7,349.0,47.3,12,25,5,42,12,4.54,0.23,4.76,16.67,,,,,4.0,,[],,323,36,263,31,77,22,254,32,0.37,0.0,0.02,0.39,1.37,1.48,172,39,430,35,326,36,258,45,0.99,0.16,3.46,Chelsea,Liam Delap,25-26
168,True,True,,,499309,0,0,0,0,0,0,4,1.4,,0,Marc,0.0,168,False,,,50,499309.jpg,1.3,False,Guiu Paz,0.4,False,,a,6,8,13,0,0,0,0,0.0,2.6,Marc Guiu,,200.0,2024-07-01,2006-01-04,False,p499309,265,0,1,0,3,0,0,0,1,0,0,0,19,24.6,40.1,86.0,13.1,4,4,0,8,1,1.54,0.29,1.83,5.89,,,,,,,[],,353,39,297,36,247,39,325,40,0.52,0.0,0.1,0.62,2.0,1.02,340,55,317,20,344,38,274,48,0.34,0.0,2.72,Chelsea,Marc Guiu Paz,25-26
169,True,True,,,567119,0,0,0,0,0,0,4,1.0,,0,Shumaira,0.0,169,False,,,45,567119.jpg,1.0,False,Mheuka,0.4,False,,a,6,8,1,0,0,0,0,0.0,0.2,Mheuka,,,,,False,p567119,1,0,0,0,0,0,0,0,0,0,0,0,3,2.0,0.3,0.0,0.2,1,0,0,1,0,0.00,0.00,0.00,0.05,,,,,,,[],,387,44,374,45,476,52,395,46,0.0,0.0,0.0,0.0,4.5,0.0,500,66,178,8,368,43,298,54,0.0,0.0,90.0,Chelsea,Shumaira Mheuka,25-26
170,True,True,75.0,,503037,0,0,0,0,0,0,4,1.0,,0,Emmanuel,0.0,170,False,Hamstring injury - 75% chance of playing,2026-07-24T20:30:10.622380Z,50,503037.jpg,0.0,False,Emegha,0.1,False,,d,6,8,0,0,0,0,0,0.0,0.0,Emegha,,152.0,2026-06-15,2003-02-03,False,p503037,0,0,0,0,0,0,0,0,0,0,0,0,0,0.0,0.0,0.0,0.0,0,0,0,0,0,0.00,0.00,0.00,0.00,,,,,,,[],,540,61,539,61,536,61,540,61,0.0,0.0,0.0,0.0,0.0,0.0,345,56,322,21,540,61,435,64,0.0,0.0,0.0,Chelsea,Emmanuel Emegha,25-26
171,True,True,,,437499,0,0,0,0,0,0,2,2.8,,0,Maxence,0.0,200,False,,,60,437499.jpg,4.4,False,Lacroix,10.7,False,,a,6,8,154,0,0,0,0,0.0,25.7,Lacroix,,73.0,2026-07-30,2000-04-06,False,p437499,3085,1,2,11,47,0,0,0,4,1,0,11,529,822.0,106.4,316.0,124.3,310,96,60,370,35,2.45,0.83,3.28,44.04,,,,,,,[],,28,10,236,74,89,11,82,19,0.07,0.0,0.02,0.09,1.28,1.37,80,8,505,188,33,12,43,16,1.02,0.32,10.79,Chelsea,Maxence Lacroix,25-26
172,True,True,,,549939,0,0,0,0,0,0,1,1.9,,0,Mike,0.0,560,False,,,45,549939.jpg,0.0,False,Penders,0.1,False,,a,6,8,0,0,0,0,0,0.0,0.0,Penders,,21.0,2024-08-27,2005-07-31,False,p549939,0,0,0,0,0,0,0,0,0,0,0,0,0,0.0,0.0,0.0,0.0,0,0,0,0,0,0.00,0.00,0.00,0.00,,,,,,,[],,484,61,480,55,470,49,486,61,0.0,0.0,0.0,0.0,0.0,0.0,492,45,170,45,489,61,471,53,0.0,0.0,0.0,Chelsea,Mike Penders,25-26
173,True,True,,,622758,0,0,0,0,0,0,2,1.7,,0,Aaron,0.0,561,False,,,45,622758.jpg,0.0,False,Anselmino,0.0,False,,a,6,8,0,0,0,0,0,0.0,0.0,Anselmino,,10.0,2024-08-08,2005-04-29,False,p622758,0,0,0,0,0,0,0,0,0,0,0,0,0,0.0,0.0,0.0,0.0,0,0,0,0,0,0.00,0.00,0.00,0.00,,,,,,,[],,496,183,491,183,482,183,496,183,0.0,0.0,0.0,0.0,0.0,0.0,516,145,194,116,497,183,559,188,0.0,0.0,0.0,Chelsea,Aaron Anselmino,25-26
174,True,True,,,543158,0,0,0,0,0,0,3,2.0,,0,Valentín,0.0,568,False,,,55,543158.jpg,0.0,False,Barco,0.1,False,,a,6,8,0,0,0,0,0,0.0,0.0,Barco,,10.0,2026-08-02,2004-07-23,False,p543158,0,0,0,0,0,0,0,0,0,0,0,0,0,0.0,0.0,0.0,0.0,0,0,0,0,0,0.00,0.00,0.00,0.00,,,,,,,[],,574,251,574,251,573,251,574,251,0.0,0.0,0.0,0.0,0.0,0.0,201,126,459,177,574,251,426,169,0.0,0.0,0.0,Chelsea,Valentín Barco,25-26
175,True,True,,,465920,0,0,0,0,0,0,3,2.0,,0,Mykhailo,0.0,578,False,,,55,465920.jpg,0.0,False,Mudryk,0.0,False,,a,6,8,0,0,0,0,0,0.0,0.0,Mudryk,,225.0,2023-01-15,2001-01-05,False,p465920,0,0,0,0,0,0,0,0,0,0,0,0,0,0.0,0.0,0.0,0.0,0,0,0,0,0,0.00,0.00,0.00,0.00,,,,,,,[],,569,246,569,246,568,246,569,246,0.0,0.0,0.0,0.0,0.0,0.0,177,108,435,159,569,246,544,226,0.0,0.0,0.0,Chelsea,Mykhailo Mudryk,25-26
176,True,True,,,498444,0,0,0,0,0,0,2,2.2,,0,Pep,0.0,583,False,,,50,498444.jpg,0.0,False,Chavarría,0.1,False,,a,6,8,0,0,0,0,0,0.0,0.0,Chavarria,,200.0,2026-08-12,1998-04-10,False,p498444,0,0,0,0,0,0,0,0,0,0,0,0,0,0.0,0.0,0.0,0.0,0,0,0,0,0,0.00,0.00,0.00,0.00,,,,,,,[],,536,187,535,187,532,187,536,187,0.0,0.0,0.0,0.0,0.0,0.0,339,70,316,152,536,187,408,144,0.0,0.0,0.0,Chelsea,Pep Chavarría,25-26
177,True,True,,,428580,0,0,0,0,0,0,3,1.5,,0,Frank,0.0,104,False,,,50,428580.jpg,2.0,False,Onyeka,0.2,False,,a,7,9,12,0,0,0,0,0.0,2.4,Onyeka,,157.0,2026-07-01,1998-01-01,False,p428580,88,0,2,0,2,0,0,0,0,0,0,0,41,28.4,13.6,4.0,4.6,3,5,2,10,0,0.00,0.36,0.36,2.02,,,,,,,[],,350,163,332,168,343,175,361,168,0.0,0.0,0.37,0.37,2.07,2.05,294,176,271,64,286,121,393,148,0.0,0.0,10.23,Coventry City,Frank Onyeka,25-26
178,True,True,,,472739,0,0,0,0,0,0,1,1.9,,0,Carl,0.0,110,False,,,45,472739.jpg,0.0,False,Rushworth,0.9,False,,a,7,9,0,0,0,0,0,0.0,0.0,Rushworth,,241.0,2026-08-04,2001-07-02,False,p472739,0,0,0,0,0,0,0,0,0,0,0,0,0,0.0,0.0,0.0,0.0,0,0,0,0,0,0.00,0.00,0.00,0.00,,,,,,,[],,472,58,465,49,451,42,474,58,0.0,0.0,0.0,0.0,0.0,0.0,466,38,144,38,477,58,199,28,0.0,0.0,0.0,Coventry City,Carl Rushworth,25-26
179,True,True,,,484389,0,0,0,0,0,0,1,1.0,,0,Oliver,0.0,171,False,,,40,484389.jpg,0.0,False,Dovin,2.2,False,,a,7,9,0,0,0,0,0,0.0,0.0,Dovin,,206.0,2024-07-19,2002-07-11,False,p484389,0,0,0,0,0,0,0,0,0,0,0,0,0,0.0,0.0,0.0,0.0,0,0,0,0,0,0.00,0.00,0.00,0.00,,,,,,,[],,433,46,418,30,399,21,435,46,0.0,0.0,0.0,0.0,0.0,0.0,566,63,45,17,439,46,123,19,0.0,0.0,0.0,Coventry City,Oliver Dovin,25-26
180,True,True,,,110690,0,0,0,0,0,0,1,1.9,,0,Ben,0.0,172,False,,,45,110690.jpg,0.0,False,Wilson,0.6,False,,a,7,9,0,0,0,0,0,0.0,0.0,Wilson,,241.0,2019-07-01,1992-08-09,False,p110690,0,0,0,0,0,0,0,0,0,0,0,0,0,0.0,0.0,0.0,0.0,0,0,0,0,0,0.00,0.00,0.00,0.00,,,,,,,[],,456,53,445,40,428,31,458,53,0.0,0.0,0.0,0.0,0.0,0.0,406,27,84,27,461,53,247,32,0.0,0.0,0.0,Coventry City,Ben Wilson,25-26
181,True,True,,,461102,0,0,0,0,0,0,2,1.0,,0,Bobby,0.0,173,False,,,40,461102.jpg,0.0,False,Thomas,7.9,False,,a,7,9,0,0,0,0,0,0.0,0.0,Thomas,,241.0,2023-07-22,2001-01-30,False,p461102,0,0,0,0,0,0,0,0,0,0,0,0,0,0.0,0.0,0.0,0.0,0,0,0,0,0,0.00,0.00,0.00,0.00,,,,,,,[],,429,155,414,154,395,150,431,155,0.0,0.0,0.0,0.0,0.0,0.0,562,171,41,26,435,156,56,22,0.0,0.0,0.0,Coventry City,Bobby Thomas,25-26
182,True,True,,,436761,0,0,0,0,0,0,2,1.0,,0,Liam,0.0,174,False,,,40,436761.jpg,0.0,False,Kitching,0.7,False,,a,7,9,0,0,0,0,0,0.0,0.0,Kitching,,241.0,2023-09-01,1999-09-25,False,p436761,0,0,0,0,0,0,0,0,0,0,0,0,0,0.0,0.0,0.0,0.0,0,0,0,0,0,0.00,0.00,0.00,0.00,,,,,,,[],,422,150,407,149,388,145,424,150,0.0,0.0,0.0,0.0,0.0,0.0,555,166,34,21,428,151,230,86,0.0,0.0,0.0,Coventry City,Liam Kitching,25-26
183,True,True,,,451284,0,0,0,0,0,0,2,1.0,,0,Milan,0.0,175,False,,,40,451284.jpg,0.0,False,van Ewijk,14.8,False,,a,7,9,0,0,0,0,0,0.0,0.0,van Ewijk,,152.0,2023-07-27,2000-09-08,False,p451284,0,0,0,0,0,0,0,0,0,0,0,0,0,0.0,0.0,0.0,0.0,0,0,0,0,0,0.00,0.00,0.00,0.00,,,,,,,[],,427,153,412,152,393,148,429,153,0.0,0.0,0.0,0.0,0.0,0.0,560,169,39,24,433,154,28,10,0.0,0.0,0.0,Coventry City,Milan van Ewijk,25-26
184,True,True,,,173878,0,0,0,0,0,0,2,1.0,,0,Jay,0.0,176,False,,,40,173878.jpg,0.0,False,Dasilva,0.8,False,,a,7,9,0,0,0,0,0,0.0,0.0,Dasilva,,244.0,2023-07-01,1998-04-22,False,p173878,0,0,0,0,0,0,0,0,0,0,0,0,0,0.0,0.0,0.0,0.0,0,0,0,0,0,0.00,0.00,0.00,0.00,,,,,,,[],,408,139,393,138,374,134,410,139,0.0,0.0,0.0,0.0,0.0,0.0,540,154,19,9,414,140,216,81,0.0,0.0,0.0,Coventry City,Jay Dasilva,25-26
185,True,True,,,465390,0,0,0,0,0,0,2,1.0,,0,Kaine,0.0,177,False,,,40,465390.jpg,0.0,False,Kesler-Hayden,0.1,False,,a,7,9,0,0,0,0,0,0.0,0.0,Kesler-Hayden,,241.0,2025-07-01,2002-10-23,False,p465390,0,0,0,0,0,0,0,0,0,0,0,0,0,0.0,0.0,0.0,0.0,0,0,0,0,0,0.00,0.00,0.00,0.00,,,,,,,[],,431,156,416,155,397,151,433,156,0.0,0.0,0.0,0.0,0.0,0.0,564,172,43,27,437,157,453,156,0.0,0.0,0.0,Coventry City,Kaine Kesler-Hayden,25-26
186,True,True,,,80178,0,0,0,0,0,0,2,1.0,,0,Jake,0.0,178,False,,,40,80178.jpg,0.0,False,Bidwell,0.1,False,,a,7,9,0,0,0,0,0,0.0,0.0,Bidwell,,241.0,2022-01-17,1993-03-21,False,p80178,0,0,0,0,0,0,0,0,0,0,0,0,0,0.0,0.0,0.0,0.0,0,0,0,0,0,0.00,0.00,0.00,0.00,,,,,,,[],,399,134,383,133,364,129,401,134,0.0,0.0,0.0,0.0,0.0,0.0,527,146,6,1,405,135,439,150,0.0,0.0,0.0,Coventry City,Jake Bidwell,25-26
187,True,True,,,204813,0,0,0,0,0,0,2,1.0,,0,Joel,0.0,179,False,,,40,204813.jpg,0.0,False,Latibeaudiere,0.1,False,,a,7,9,0,0,0,0,0,0.0,0.0,Latibeaudiere,,107.0,2023-07-18,2000-01-06,False,p204813,0,0,0,0,0,0,0,0,0,0,0,0,0,0.0,0.0,0.0,0.0,0,0,0,0,0,0.00,0.00,0.00,0.00,,,,,,,[],,412,143,397,142,378,138,414,143,0.0,0.0,0.0,0.0,0.0,0.0,544,158,23,13,418,144,484,165,0.0,0.0,0.0,Coventry City,Joel Latibeaudiere,25-26
188,True,True,,,220583,0,0,0,0,0,0,2,1.0,,0,Luke,0.0,180,False,,,40,220583.jpg,0.0,False,Woolfenden,0.2,False,,a,7,9,0,0,0,0,0,0.0,0.0,Woolfenden,,241.0,2025-09-01,1998-10-21,False,p220583,0,0,0,0,0,0,0,0,0,0,0,0,0,0.0,0.0,0.0,0.0,0,0,0,0,0,0.00,0.00,0.00,0.00,,,,,,,[],,416,146,401,145,382,141,418,146,0.0,0.0,0.0,0.0,0.0,0.0,549,162,28,17,422,147,348,130,0.0,0.0,0.0,Coventry City,Luke Woolfenden,25-26
189,True,True,,,577411,0,0,0,0,0,0,2,1.0,,0,Miguel,0.0,181,False,,,40,577411.jpg,0.0,False,Brau,0.1,False,,a,7,9,0,0,0,0,0,0.0,0.0,Brau,,200.0,2025-07-01,2001-12-27,False,p577411,0,0,0,0,0,0,0,0,0,0,0,0,0,0.0,0.0,0.0,0.0,0,0,0,0,0,0.00,0.00,0.00,0.00,,,,,,,[],,443,165,429,165,411,162,445,165,0.0,0.0,0.0,0.0,0.0,0.0,580,185,59,40,448,165,500,170,0.0,0.0,0.0,Coventry City,Miguel Brau,25-26
190,True,True,,,539142,0,0,0,0,0,0,2,1.0,,0,Aurèle,0.0,182,False,,,40,539142.jpg,0.0,False,Amenda,0.8,False,,a,7,9,0,0,0,0,0,0.0,0.0,Amenda,,207.0,2026-07-16,2003-07-31,False,p539142,0,0,0,0,0,0,0,0,0,0,0,0,0,0.0,0.0,0.0,0.0,0,0,0,0,0,0.00,0.00,0.00,0.00,,,,,,,[],,442,164,427,163,408,159,444,164,0.0,0.0,0.0,0.0,0.0,0.0,575,180,54,35,447,164,217,82,0.0,0.0,0.0,Coventry City,Aurèle Amenda,25-26
191,True,True,75.0,,480457,0,0,0,0,0,0,3,1.1,,0,Jack,0.0,183,False,Shoulder injury - 75% chance of playing,2026-07-23T12:01:23.481435Z,50,480457.jpg,0.0,False,Rudoni,0.1,False,,d,7,9,0,0,0,0,0,0.0,0.0,Rudoni,,241.0,2024-06-20,2001-06-14,False,p480457,0,0,0,0,0,0,0,0,0,0,0,0,0,0.0,0.0,0.0,0.0,0,0,0,0,0,0.00,0.00,0.00,0.00,3.0,,1.0,,,,[],,531,221,530,221,526,220,531,221,0.0,0.0,0.0,0.0,0.0,0.0,320,187,297,75,531,221,397,150,0.0,0.0,0.0,Coventry City,Jack Rudoni,25-26
192,True,True,,,168144,0,0,0,0,0,0,3,1.5,,0,Matt,0.0,184,False,,,50,168144.jpg,0.0,False,Grimes,0.2,False,,a,7,9,0,0,0,0,0,0.0,0.0,Grimes,,241.0,2025-01-31,1995-07-15,False,p168144,0,0,0,0,0,0,0,0,0,0,0,0,0,0.0,0.0,0.0,0.0,0,0,0,0,0,0.00,0.00,0.00,0.00,1.0,,,,3.0,,[],,504,203,500,203,494,202,504,203,0.0,0.0,0.0,0.0,0.0,0.0,245,149,222,37,504,203,354,124,0.0,0.0,0.0,Coventry City,Matt Grimes,25-26
193,True,True,,,501459,0,0,0,0,0,0,3,1.5,,0,Tatsuhiro,0.0,185,False,,,50,501459.jpg,0.0,False,Sakamoto,0.1,False,,a,7,9,0,0,0,0,0,0.0,0.0,Sakamoto,,108.0,2023-07-10,1996-10-22,False,p501459,0,0,0,0,0,0,0,0,0,0,0,0,0,0.0,0.0,0.0,0.0,0,0,0,0,0,0.00,0.00,0.00,0.00,,,,,,,[],,539,226,538,226,535,225,539,226,0.0,0.0,0.0,0.0,0.0,0.0,343,199,320,87,539,226,399,152,0.0,0.0,0.0,Coventry City,Tatsuhiro Sakamoto,25-26
194,True,True,75.0,,241293,0,0,0,0,0,0,3,1.5,,0,Ephron,0.0,186,False,Hamstring injury - 75% chance of playing,2026-08-14T22:00:07.201509Z,55,241293.jpg,0.0,False,Mason-Clark,0.2,False,,d,7,9,0,0,0,0,0,0.0,0.0,Mason-Clark,,107.0,2024-02-01,1999-08-25,False,p241293,0,0,0,0,0,0,0,0,0,0,0,0,0,0.0,0.0,0.0,0.0,0,0,0,0,0,0.00,0.00,0.00,0.00,,,,,,,[],,563,241,563,241,562,241,563,241,0.0,0.0,0.0,0.0,0.0,0.0,148,92,406,143,563,241,375,136,0.0,0.0,0.0,Coventry City,Ephron Mason-Clark,25-26
195,True,True,,,439668,0,0,0,0,0,0,3,1.5,,0,Josh,0.0,187,False,,,50,439668.jpg,0.0,False,Eccles,0.0,False,,a,7,9,0,0,0,0,0,0.0,0.0,Eccles,,241.0,2018-07-01,2000-04-06,False,p439668,0,0,0,0,0,0,0,0,0,0,0,0,0,0.0,0.0,0.0,0.0,0,0,0,0,0,0.00,0.00,0.00,0.00,,,,,,,[],,521,214,518,214,515,213,521,214,0.0,0.0,0.0,0.0,0.0,0.0,299,178,276,66,521,214,539,223,0.0,0.0,0.0,Coventry City,Josh Eccles,25-26
196,True,True,,,226965,0,0,0,0,0,0,3,2.0,,0,Victor,0.0,188,False,,,55,226965.jpg,0.0,False,Torp,0.2,False,,a,7,9,0,0,0,0,0,0.0,0.0,Torp,,58.0,2024-01-11,1999-07-30,False,p226965,0,0,0,0,0,0,0,0,0,0,0,0,0,0.0,0.0,0.0,0.0,0,0,0,0,0,0.00,0.00,0.00,0.00,2.0,,2.0,,2.0,,[],,562,240,562,240,561,240,562,240,0.0,0.0,0.0,0.0,0.0,0.0,145,90,403,141,562,240,362,128,0.0,0.0,0.0,Coventry City,Victor Torp,25-26
197,True,True,,,684268,0,0,0,0,0,0,3,1.0,,0,George,0.0,189,False,,,45,684268.jpg,0.0,False,Shepherd,0.3,False,,a,7,9,0,0,0,0,0,0.0,0.0,Shepherd,,,,,False,p684268,0,0,0,0,0,0,0,0,0,0,0,0,0,0.0,0.0,0.0,0.0,0,0,0,0,0,0.00,0.00,0.00,0.00,,,,,,,[],,499,200,493,200,486,199,499,200,0.0,0.0,0.0,0.0,0.0,0.0,521,260,199,25,499,200,316,107,0.0,0.0,0.0,Coventry City,George Shepherd,25-26
198,True,True,,,469272,0,0,0,0,0,0,3,2.0,,0,Loum,0.0,190,False,,,55,469272.jpg,0.0,False,Tchaouna,0.1,False,,a,7,9,0,0,0,0,0,0.0,0.0,Tchaouna,,73.0,2026-07-11,2003-09-08,False,p469272,0,0,0,0,0,0,0,0,0,0,0,0,0,0.0,0.0,0.0,0.0,13,38,18,69,0,0.00,0.00,0.00,0.00,,,,,,,[],,570,247,570,247,569,247,570,247,0.0,0.0,0.0,0.0,0.0,0.0,179,109,437,160,570,247,407,158,0.0,0.0,0.0,Coventry City,Loum Tchaouna,25-26
199,True,True,,,492498,0,0,0,0,0,0,3,1.0,,0,Raphael,0.0,191,False,,,45,492498.jpg,0.0,False,Borges Rodrigues,0.2,False,,a,7,9,0,0,0,0,0,0.0,0.0,Borges Rodrigues,,13.0,2024-07-01,2003-09-11,False,p492498,0,0,0,0,0,0,0,0,0,0,0,0,0,0.0,0.0,0.0,0.0,0,0,0,0,0,0.00,0.00,0.00,0.00,,,,,,,[],,475,194,469,196,456,190,477,195,0.0,0.0,0.0,0.0,0.0,0.0,476,248,154,13,480,197,363,129,0.0,0.0,0.0,Coventry City,Raphael Borges Rodrigues,25-26
200,True,True,,,629397,0,0,0,0,0,0,3,1.0,,0,Kaine,0.0,192,False,,,45,629397.jpg,0.0,False,Andrews,0.7,False,,a,7,9,0,0,0,0,0,0.0,0.0,Andrews,,244.0,2023-08-11,2006-08-06,False,p629397,0,0,0,0,0,0,0,0,0,0,0,0,0,0.0,0.0,0.0,0.0,0,0,0,0,0,0.00,0.00,0.00,0.00,,,,,,,[],,497,198,492,199,483,196,497,198,0.0,0.0,0.0,0.0,0.0,0.0,517,257,195,22,498,199,228,76,0.0,0.0,0.0,Coventry City,Kaine Andrews,25-26
201,True,True,0.0,,176412,0,0,0,0,0,0,4,0.0,,0,Haji,0.0,193,False,Thigh injury - Unknown return date,2026-08-14T22:00:07.214508Z,55,176412.jpg,0.0,False,Wright,0.9,False,,i,7,9,0,0,0,0,0,0.0,0.0,Wright,,229.0,2023-08-04,1998-03-27,False,p176412,0,0,0,0,0,0,0,0,0,0,0,0,0,0.0,0.0,0.0,0.0,0,0,0,0,0,0.00,0.00,0.00,0.00,,,,,1.0,,[],,560,65,560,65,559,65,560,65,0.0,0.0,0.0,0.0,0.0,0.0,124,33,382,29,560,65,201,33,0.0,0.0,0.0,Coventry City,Haji Wright,25-26
202,True,True,,,230730,0,0,0,0,0,0,4,1.4,,0,Brandon,0.0,194,False,,,50,230730.jpg,0.0,False,Thomas-Asante,0.8,False,,a,7,9,0,0,0,0,0,0.0,0.0,Thomas-Asante,,81.0,2024-08-01,1998-12-29,False,p230730,0,0,0,0,0,0,0,0,0,0,0,0,0,0.0,0.0,0.0,0.0,0,0,0,0,0,0.00,0.00,0.00,0.00,,,,,4.0,,[],,515,58,511,58,508,58,515,58,0.0,0.0,0.0,0.0,0.0,0.0,282,51,259,16,515,58,207,34,0.0,0.0,0.0,Coventry City,Brandon Thomas-Asante,25-26
203,True,True,,,218997,0,0,0,0,0,0,4,1.4,,0,Ellis,0.0,195,False,,,50,218997.jpg,0.0,False,Simms,0.8,False,,a,7,9,0,0,0,0,0,0.0,0.0,Simms,,241.0,2023-07-07,2001-01-05,False,p218997,0,0,0,0,0,0,0,0,0,0,0,0,0,0.0,0.0,0.0,0.0,0,0,0,0,0,0.00,0.00,0.00,0.00,,,,,,,[],,511,56,507,56,504,56,511,56,0.0,0.0,0.0,0.0,0.0,0.0,271,49,248,14,511,56,212,36,0.0,0.0,0.0,Coventry City,Ellis Simms,25-26
204,True,False,0.0,,551262,0,0,0,0,0,0,4,0.0,,0,Jahnoah,0.0,196,False,Has joined Shabab Al-Ahli Dubai permanently,2026-08-17T13:53:55.791223Z,50,551262.jpg,0.0,False,Markelo,0.1,False,,u,7,9,0,0,0,0,0,0.0,0.0,Markelo,,203.0,2026-01-27,2003-01-04,False,p551262,0,0,0,0,0,0,0,0,0,0,0,0,0,0.0,0.0,0.0,0.0,0,0,0,0,0,0.00,0.00,0.00,0.00,,,,,,,[],,546,62,546,62,544,62,546,62,0.0,0.0,0.0,0.0,0.0,0.0,368,57,345,22,546,62,461,65,0.0,0.0,0.0,Coventry City,Jahnoah Markelo,25-26
205,True,False,0.0,,549653,0,0,0,0,0,0,4,0.0,,0,Norman,0.0,197,False,Has joined KVC Westerlo on loan for the rest of the season,2026-07-28T12:58:50.001768Z,45,549653.jpg,0.0,False,Bassette,0.2,False,,u,7,9,0,0,0,0,0,0.0,0.0,Bassette,,,,,False,p549653,0,0,0,0,0,0,0,0,0,0,0,0,0,0.0,0.0,0.0,0.0,0,0,0,0,0,0.00,0.00,0.00,0.00,,,,,,,[],,483,49,479,49,469,49,485,50,0.0,0.0,0.0,0.0,0.0,0.0,491,63,169,5,488,51,378,60,0.0,0.0,0.0,Coventry City,Norman Bassette,25-26
206,True,True,,,661888,0,0,0,0,0,0,3,1.5,,0,Caleb,0.0,575,False,,,50,661888.jpg,0.0,False,Yirenkyi,0.2,False,,a,7,9,0,0,0,0,0,0.0,0.0,Yirenkyi,,81.0,2026-08-07,2006-01-15,False,p661888,0,0,0,0,0,0,0,0,0,0,0,0,0,0.0,0.0,0.0,0.0,0,0,0,0,0,0.00,0.00,0.00,0.00,,,,,,,[],,556,237,556,237,554,237,556,237,0.0,0.0,0.0,0.0,0.0,0.0,389,233,366,121,556,237,385,143,0.0,0.0,0.0,Coventry City,Caleb Yirenkyi,25-26
207,True,True,,,196100,0,0,0,0,0,0,3,2.0,,0,Gustavo,0.0,584,False,,,55,196100.jpg,0.0,False,Hamer,0.1,False,,a,7,9,0,0,0,0,0,0.0,0.0,Hamer,,152.0,2026-08-11,1997-06-24,False,p196100,0,0,0,0,0,0,0,0,0,0,0,0,0,0.0,0.0,0.0,0.0,0,0,0,0,0,0.00,0.00,0.00,0.00,,,,,,,[],,561,239,561,239,560,239,561,239,0.0,0.0,0.0,0.0,0.0,0.0,128,80,386,131,561,239,449,182,0.0,0.0,0.0,Coventry City,Gustavo Hamer,25-26
208,True,True,,,485337,0,0,0,0,0,0,3,2.0,,0,Evann,0.0,42,False,,,55,485337.jpg,2.1,False,Guessand,0.0,False,,a,8,31,44,0,0,0,0,0.0,8.0,Guessand,,54.0,2026-08-12,2001-07-01,False,p485337,909,1,3,2,15,0,0,0,0,0,0,0,143,159.4,76.6,187.0,42.0,16,43,24,83,9,1.56,0.85,2.41,14.48,,,,,,,[],,269,124,261,144,164,87,265,127,0.15,0.0,0.08,0.23,1.43,1.49,186,114,444,165,278,119,518,216,0.89,0.2,8.22,Crystal Palace,Evann Guessand,25-26
209,True,True,,,172649,0,0,0,0,0,0,1,2.6,,0,Dean,0.0,198,False,,,50,172649.jpg,3.5,False,Henderson,3.2,False,,a,8,31,131,0,0,0,0,0.0,26.2,Henderson,Dean Henderson,241.0,2023-08-31,1997-03-12,False,p172649,3330,0,0,11,51,0,1,0,5,0,106,7,538,837.8,10.0,0.0,84.7,55,298,1,0,37,0.00,0.11,0.11,51.40,,,,,,,[],,22,6,343,12,496,55,160,7,0.0,2.86,0.0,0.0,1.39,1.38,248,10,225,52,100,10,94,17,1.0,0.3,0.0,Crystal Palace,Dean Henderson,25-26
210,True,True,,,121709,0,0,0,0,0,0,1,1.9,,0,Walter,0.0,199,False,,,45,121709.jpg,7.0,False,Benítez,0.1,False,,a,8,31,7,0,0,0,0,0.0,1.6,Benitez,,10.0,2025-07-01,1993-01-19,False,p121709,90,0,0,1,0,0,0,0,0,0,3,0,29,22.8,0.0,0.0,2.3,1,9,0,0,1,0.00,0.00,0.00,1.12,,,,,,,[],,355,29,446,41,429,32,370,29,0.0,3.0,0.0,0.0,1.12,0.0,407,28,85,28,1,1,416,45,1.0,1.0,0.0,Crystal Palace,Walter Benítez,25-26
211,True,True,,,247348,0,0,0,0,0,0,2,2.5,,0,Daniel,0.0,201,False,,,55,247348.jpg,4.7,False,Muñoz Mejía,11.1,False,,a,8,31,136,0,0,0,0,0.0,24.7,Muñoz,,48.0,2024-01-30,1996-05-26,False,p247348,2400,4,4,10,33,0,0,0,7,0,0,9,469,595.0,396.6,404.0,139.5,124,97,72,196,29,2.45,3.94,6.39,34.28,,,,,,,[],,79,33,79,19,63,5,62,10,0.09,0.0,0.15,0.24,1.29,1.24,152,18,410,168,17,5,41,15,1.09,0.38,7.35,Crystal Palace,Daniel Muñoz Mejía,25-26
212,True,True,,,427623,0,0,0,0,0,0,2,2.2,,0,Chris,0.0,202,False,,,50,427623.jpg,3.9,False,Richards,0.8,False,,a,8,31,128,0,0,0,0,0.0,25.6,Richards,,229.0,2022-07-27,2000-03-28,False,p427623,2825,1,0,11,42,0,0,0,4,0,0,5,453,727.2,159.6,185.0,107.6,257,65,54,311,31,2.42,1.56,3.98,41.19,,,,,,,[],,40,16,196,51,167,47,109,31,0.08,0.0,0.05,0.13,1.31,1.34,293,53,270,135,65,25,209,77,0.99,0.35,9.91,Crystal Palace,Chris Richards,25-26
213,True,True,,,651426,0,0,0,0,0,0,2,2.2,,0,Jaydee,0.0,203,False,,,50,651426.jpg,3.6,False,Canvot,0.5,False,,a,8,31,72,0,0,0,0,0.0,14.4,Canvot,,73.0,2025-09-01,2006-07-29,False,p651426,1331,0,0,5,23,0,0,0,3,0,0,9,216,362.4,63.8,56.0,48.1,129,54,40,169,14,1.48,0.33,1.81,23.84,,,,,,,[],,168,70,271,90,272,87,248,80,0.1,0.0,0.02,0.12,1.61,1.56,386,78,363,160,90,37,250,93,0.95,0.34,11.43,Crystal Palace,Jaydee Canvot,25-26
214,True,True,,,244723,0,0,0,0,0,0,2,1.7,,0,Tyrick,0.0,204,False,,,45,244723.jpg,3.6,False,Mitchell,6.8,False,,a,8,31,135,0,0,0,0,0.0,30.0,Mitchell,,241.0,2019-12-15,1999-09-01,False,p244723,3253,1,3,12,47,0,0,0,6,0,0,8,498,649.0,467.3,241.0,136.0,145,187,100,245,36,1.59,2.53,4.12,49.78,,,,,,,[],,64,28,56,9,124,24,70,14,0.04,0.0,0.07,0.11,1.38,1.3,449,115,127,86,85,33,60,24,1.0,0.33,6.78,Crystal Palace,Tyrick Mitchell,25-26
215,True,True,,,218364,0,0,0,0,0,0,2,1.7,,0,Borna,0.0,205,False,,,45,218364.jpg,0.9,False,Sosa,0.0,False,,a,8,31,6,0,0,0,0,0.0,1.3,Sosa,,97.0,2025-07-11,1998-01-21,False,p218364,99,0,0,0,2,0,0,0,1,0,0,0,9,12.6,24.1,8.0,4.5,6,3,3,9,0,0.04,0.07,0.11,0.90,,,,,,,[],,367,128,317,110,330,119,362,124,0.04,0.0,0.06,0.1,0.82,1.82,429,99,107,70,390,129,520,174,0.0,0.0,8.18,Crystal Palace,Borna Sosa,25-26
216,True,True,,,515621,0,0,0,0,0,0,2,1.7,,0,Chadi,0.0,206,False,,,45,515621.jpg,2.2,False,Riad Dnanou,0.1,False,,a,8,31,20,0,0,0,0,0.0,4.4,Chadi Riad,,145.0,2024-07-02,2003-06-17,False,p515621,550,0,1,1,8,0,0,0,2,0,0,0,84,117.8,23.9,41.0,18.3,37,32,8,45,6,0.33,0.13,0.46,9.09,,,,,,,[],,296,106,318,111,283,93,312,107,0.05,0.0,0.02,0.07,1.49,1.31,485,132,163,103,264,102,456,157,0.98,0.16,7.36,Crystal Palace,Chadi Riad Dnanou,25-26
217,True,True,,,242313,0,0,0,0,0,0,2,1.7,,0,Oscar,0.0,207,False,,,45,242313.jpg,0.0,False,Mingueza,0.1,False,,a,8,31,0,0,0,0,0,0.0,0.0,Mingueza,,200.0,2026-07-09,1999-05-13,False,p242313,0,0,0,0,0,0,0,0,0,0,0,0,0,0.0,0.0,0.0,0.0,0,0,0,0,0,0.00,0.00,0.00,0.00,,,,,,,[],,464,175,456,175,441,174,466,175,0.0,0.0,0.0,0.0,0.0,0.0,444,111,122,82,469,175,445,152,0.0,0.0,0.0,Crystal Palace,Oscar Mingueza,25-26
218,True,True,,,232185,0,0,0,0,0,0,3,2.3,,0,Ismaïla,0.0,208,False,,,65,232185.jpg,4.2,False,Sarr,6.7,False,,a,8,31,117,0,0,0,0,0.0,18.0,Sarr,Ismaïla Sarr,189.0,2024-08-01,1998-02-25,False,p232185,2173,9,2,9,29,0,0,0,2,0,0,9,359,479.8,269.4,601.0,135.1,40,79,18,137,24,10.93,1.17,12.09,31.25,,,,,2.0,,[],,121,43,134,91,32,18,71,44,0.45,0.0,0.05,0.5,1.29,1.2,40,27,545,229,43,19,61,21,0.99,0.37,5.67,Crystal Palace,Ismaïla Sarr,25-26
219,True,True,100.0,,496221,0,0,0,0,0,0,3,2.0,,0,Adam,0.0,210,False,,2026-07-23T12:01:23.498963Z,55,496221.jpg,3.3,False,Wharton,0.6,False,,a,8,31,112,0,0,0,0,0.0,20.4,Wharton,,241.0,2024-02-01,2004-02-06,False,p496221,2552,1,6,8,43,0,0,0,4,1,0,8,511,494.4,720.0,180.0,139.6,70,163,70,303,29,1.52,7.47,8.98,39.08,1.0,,,,,,[],,115,39,21,20,174,93,61,40,0.05,0.0,0.26,0.31,1.38,1.52,191,117,449,168,132,54,244,80,1.02,0.28,10.69,Crystal Palace,Adam Wharton,25-26
220,True,True,,,488024,0,0,0,0,0,0,3,2.0,,0,Yéremy,0.0,211,False,,,55,488024.jpg,2.3,False,Pino Santos,0.2,False,,a,8,31,77,0,0,0,0,0.0,14.0,Yeremy,,200.0,2025-08-29,2002-10-20,False,p488024,2074,2,2,7,28,0,0,0,4,0,0,3,331,325.8,718.4,371.0,141.4,30,101,36,167,26,4.53,6.12,10.65,30.01,2.0,,1.0,,,,[],,189,80,22,21,71,43,57,36,0.2,0.0,0.27,0.47,1.3,1.22,189,116,447,167,259,107,350,122,1.13,0.3,7.25,Crystal Palace,Yéremy Pino Santos,25-26
221,True,True,,,108413,0,0,0,0,0,0,3,1.0,,0,Will,0.0,212,False,,,45,108413.jpg,1.5,False,Hughes,10.9,False,,a,8,31,45,0,0,0,0,0.0,10.0,Hughes,,241.0,2021-08-28,1995-04-17,False,p108413,1560,0,1,5,18,0,0,0,7,0,0,0,217,198.0,322.9,90.0,60.9,54,66,28,148,19,1.11,1.94,3.05,25.35,3.0,,,,,,[],,253,115,110,79,243,131,220,111,0.06,0.0,0.11,0.17,1.46,1.04,403,237,81,2,328,145,42,14,1.1,0.29,8.54,Crystal Palace,Will Hughes,25-26
222,True,True,,,152551,0,0,0,0,0,0,3,1.5,,0,Jefferson,0.0,213,False,,,50,152551.jpg,2.2,False,Lerma Solís,0.1,False,,a,8,31,69,0,0,0,0,0.0,13.8,Lerma,,48.0,2023-07-01,1994-10-25,False,p152551,1722,0,5,7,25,2,0,0,7,0,0,3,296,287.6,207.2,233.0,72.5,90,102,28,220,18,1.84,1.48,3.32,25.11,,,,,,,[],,209,93,161,107,129,74,193,98,0.1,0.0,0.08,0.18,1.31,1.31,240,144,217,32,265,110,415,162,0.94,0.37,11.5,Crystal Palace,Jefferson Lerma Solís,25-26
223,True,True,,,209400,0,0,0,0,0,0,3,1.5,,0,Daichi,0.0,214,False,,,50,209400.jpg,2.4,False,Kamada,0.3,False,,a,8,31,67,0,0,0,0,0.0,13.4,Kamada,,108.0,2024-07-01,1996-08-05,False,p209400,1899,0,2,6,28,0,0,0,3,0,0,0,331,239.2,350.1,155.0,74.5,38,108,62,208,22,1.64,3.24,4.88,26.04,4.0,,,,,,[],,228,100,100,73,192,106,183,91,0.08,0.0,0.15,0.23,1.23,1.33,262,160,239,48,245,98,327,114,1.04,0.28,9.86,Crystal Palace,Daichi Kamada,25-26
224,True,True,,,489706,0,0,0,0,0,0,3,1.5,,0,Justin,0.0,215,False,,,50,489706.jpg,1.7,False,Devenny,0.0,False,,a,8,31,36,0,0,0,0,0.0,7.2,Devenny,,242.0,2024-03-13,2003-10-11,False,p489706,785,1,0,1,15,0,0,0,0,0,0,0,108,115.0,101.8,168.0,38.4,13,34,25,72,7,2.38,0.39,2.77,14.71,,,2.0,,3.0,,[],,297,136,238,139,179,97,271,132,0.27,0.0,0.04,0.31,1.69,1.72,328,190,305,78,315,138,565,243,0.8,0.11,8.25,Crystal Palace,Justin Devenny,25-26
225,True,True,,,606921,0,0,0,0,0,0,3,1.5,,0,Romain,0.0,216,False,,,50,606921.jpg,1.0,False,Esse,0.0,False,,a,8,31,4,0,0,0,0,0.0,0.8,Esse,,241.0,2025-01-18,2005-05-13,False,p606921,40,0,0,0,0,0,0,0,0,0,0,0,12,6.8,2.7,6.0,1.5,0,2,3,5,0,0.00,0.04,0.04,1.74,,,,,,,[],,373,172,361,179,337,171,379,178,0.0,0.0,0.09,0.09,3.92,0.0,377,225,354,113,384,180,504,210,0.0,0.0,11.25,Crystal Palace,Romain Esse,25-26
226,True,True,,,536694,0,0,0,0,0,0,3,1.5,,0,Matheus,0.0,217,False,,,50,536694.jpg,0.0,False,França de Oliveira,0.0,False,,a,8,31,0,0,0,0,0,0.0,0.0,M.França,Matheus França,30.0,2023-08-05,2004-04-01,False,p536694,0,0,0,0,0,0,0,0,0,0,0,0,0,0.0,0.0,0.0,0.0,0,0,0,0,0,0.00,0.00,0.00,0.00,,,,,,,[],,544,229,544,229,541,228,544,229,0.0,0.0,0.0,0.0,0.0,0.0,360,212,337,100,544,229,508,212,0.0,0.0,0.0,Crystal Palace,Matheus França de Oliveira,25-26
227,True,True,,,438464,0,0,0,0,0,0,3,1.5,,0,Cheick,0.0,218,False,,,50,438464.jpg,0.0,False,Doucouré,0.1,False,,a,8,31,0,0,0,0,0,0.0,0.0,Doucouré,,132.0,2022-07-11,2000-01-08,False,p438464,0,0,0,0,0,0,0,0,0,0,0,0,0,0.0,0.0,0.0,0.0,0,0,0,0,0,0.00,0.00,0.00,0.00,,,,,,,[],,520,213,517,213,514,212,520,213,0.0,0.0,0.0,0.0,0.0,0.0,298,177,275,65,520,213,473,193,0.0,0.0,0.0,Crystal Palace,Cheick Doucouré,25-26
228,True,True,,,450542,0,0,0,0,0,0,3,1.5,,0,Jesurun,0.0,219,False,,,50,450542.jpg,0.0,False,Rak-Sakyi,0.0,False,,a,8,31,0,0,0,0,0,0.0,0.0,J.Rak-Sakyi,,81.0,2021-04-09,2002-10-05,False,p450542,0,0,0,0,0,0,0,0,0,0,0,0,0,0.0,0.0,0.0,0.0,0,0,0,0,0,0.00,0.00,0.00,0.00,,,,,,,[],,523,216,521,216,518,215,523,216,0.0,0.0,0.0,0.0,0.0,0.0,306,181,283,69,523,216,576,251,0.0,0.0,0.0,Crystal Palace,Jesurun Rak-Sakyi,25-26
229,True,False,0.0,,590014,0,0,0,0,0,0,2,0.0,,0,Rio,0.0,220,False,Has joined Bristol City on loan for the rest of the season,2026-08-12T14:08:46.501813Z,45,590014.jpg,2.0,False,Cardines,0.0,False,,u,8,31,2,0,0,0,0,0.0,0.4,Cardines,,217.0,2025-07-24,2006-07-01,False,p590014,90,0,0,0,2,0,0,0,0,0,0,0,21,15.2,30.0,4.0,4.9,2,4,1,7,1,0.02,0.16,0.18,2.53,,,,,,,[],,361,126,312,108,340,123,358,122,0.02,0.0,0.16,0.18,2.53,2.0,507,141,185,112,284,109,569,190,1.0,0.0,7.0,Crystal Palace,Rio Cardines,25-26
230,True,True,,,672492,0,0,0,0,0,0,3,1.0,,0,Joél,0.0,221,False,,,45,672492.jpg,1.0,False,Drakes-Thomas,0.1,False,,a,8,31,2,0,0,0,0,0.0,0.4,Drakes-Thomas,,241.0,2025-12-10,2009-06-09,False,p672492,7,0,0,0,1,0,0,0,0,0,0,0,6,1.4,1.0,0.0,0.3,0,2,1,3,0,0.00,0.00,0.00,0.73,,,,,,,[],,389,182,371,186,485,198,393,185,0.0,0.0,0.0,0.0,9.39,12.86,520,259,198,24,376,172,442,179,0.0,0.0,38.57,Crystal Palace,Joél Drakes-Thomas,25-26
231,True,True,,,247412,0,0,0,0,0,0,4,2.0,,0,Jørgen,0.0,222,False,,,60,247412.jpg,2.1,False,Strand Larsen,0.6,False,,a,8,31,75,0,0,0,0,0.0,12.5,Strand Larsen,,161.0,2026-02-02,2000-02-06,False,p247412,2301,4,1,5,41,0,0,1,4,0,0,3,215,265.2,203.1,469.0,91.5,49,37,9,95,26,5.30,1.12,6.42,36.03,,,,,,,[],,218,20,165,15,46,17,147,19,0.21,0.0,0.04,0.25,1.41,1.6,77,20,502,51,280,28,245,42,1.02,0.2,3.72,Crystal Palace,Jørgen Strand Larsen,25-26
232,True,True,,,231747,0,0,0,0,0,0,4,2.1,,0,Jean-Philippe,0.0,223,False,,,65,231747.jpg,3.6,False,Mateta,6.2,False,,a,8,31,114,0,0,0,0,0.0,17.5,Mateta,,73.0,2022-01-31,1997-06-28,False,p231747,2210,12,0,8,29,0,0,0,2,0,0,13,397,567.2,160.6,786.0,150.8,58,57,10,125,25,14.42,1.32,15.74,31.77,,,,,1.0,,[],,87,8,191,18,18,10,51,11,0.59,0.0,0.05,0.64,1.29,1.18,39,11,544,59,95,9,64,10,1.02,0.33,5.09,Crystal Palace,Jean-Philippe Mateta,25-26
233,True,True,,,205533,0,0,0,0,0,0,4,1.8,,0,Eddie,0.0,224,False,,,55,205533.jpg,1.9,False,Nketiah,0.5,False,,a,8,31,23,0,0,0,0,0.0,4.2,Nketiah,,241.0,2024-08-30,1999-05-30,False,p205533,414,2,0,0,12,0,0,0,2,0,0,3,100,120.0,84.6,173.0,37.8,13,17,8,38,2,1.77,0.46,2.23,9.49,,,,,,,[],,293,32,247,27,178,34,272,33,0.38,0.0,0.1,0.48,2.06,2.61,135,34,393,30,293,30,267,47,0.43,0.0,8.26,Crystal Palace,Eddie Nketiah,25-26
234,True,False,0.0,,660392,0,0,0,0,0,0,4,0.0,,0,Christantus,0.0,225,False,has returned to Getafe CF,2026-07-23T12:18:56.275922Z,50,660392.jpg,1.2,False,Uche,0.0,False,,u,8,31,17,0,0,0,0,0.0,3.4,Uche,,,,,False,p660392,159,0,1,0,4,0,0,0,0,0,0,0,42,13.2,7.1,73.0,8.8,3,9,1,13,0,0.49,0.01,0.50,4.63,,,,,,,[],,364,41,348,43,257,40,343,41,0.28,0.0,0.01,0.29,2.62,2.26,388,58,365,23,349,39,590,70,0.0,0.0,7.36,Crystal Palace,Christantus Uche,25-26
235,True,True,,,433154,0,0,0,0,0,0,3,2.0,,0,Dwight,0.0,241,False,,,55,433154.jpg,2.4,False,McNeil,0.2,False,,a,8,31,53,0,0,0,0,0.0,9.6,McNeil,,241.0,2026-08-11,1999-11-22,False,p433154,1161,0,3,6,9,0,0,0,1,0,0,1,186,140.6,242.4,138.0,52.2,26,62,23,111,14,1.37,1.91,3.28,18.80,,,,,,,[],,281,129,140,96,199,110,241,123,0.11,0.0,0.15,0.26,1.46,0.7,158,99,416,150,252,104,373,135,1.09,0.47,8.6,Crystal Palace,Dwight McNeil,25-26
236,True,True,,,169593,0,0,0,0,0,0,1,1.0,,0,Remi,0.0,555,False,,,40,169593.jpg,0.0,False,Matthews,1.7,False,,a,8,31,0,0,0,0,0,0.0,0.0,Matthews,,241.0,2021-07-13,1994-02-10,False,p169593,0,0,0,0,0,0,0,0,0,0,0,0,0,0.0,0.0,0.0,0.0,0,0,0,0,0,0.00,0.00,0.00,0.00,,,,,,,[],,407,39,392,23,373,14,409,39,0.0,0.0,0.0,0.0,0.0,0.0,539,56,18,10,413,39,150,22,0.0,0.0,0.0,Crystal Palace,Remi Matthews,25-26
237,True,True,,,223723,0,0,0,0,0,0,2,1.7,,0,Takehiro,0.0,577,False,,,45,223723.jpg,0.0,False,Tomiyasu,0.2,False,,a,8,31,0,0,0,0,0,0.0,0.0,Tomiyasu,,108.0,2026-08-06,1998-11-05,False,p223723,0,0,0,0,0,0,0,0,0,0,0,0,0,0.0,0.0,0.0,0.0,0,0,0,0,0,0.00,0.00,0.00,0.00,,,,,,,[],,461,174,453,174,438,173,463,174,0.0,0.0,0.0,0.0,0.0,0.0,434,103,112,74,466,174,349,131,0.0,0.0,0.0,Crystal Palace,Takehiro Tomiyasu,25-26
238,True,True,,,570794,0,0,0,0,0,0,2,2.2,,0,Anan,0.0,588,False,,,50,570794.jpg,0.0,False,Khalaili,0.0,False,,a,8,31,0,0,0,0,0,0.0,0.0,Khalaili,,105.0,2026-08-15,2004-09-03,False,p570794,0,0,0,0,0,0,0,0,0,0,0,0,0,0.0,0.0,0.0,0.0,0,0,0,0,0,0.00,0.00,0.00,0.00,,,,,,,[],,548,189,548,189,546,189,548,189,0.0,0.0,0.0,0.0,0.0,0.0,371,74,348,156,548,189,582,193,0.0,0.0,0.0,Crystal Palace,Anan Khalaili,25-26
239,True,True,75.0,,128295,0,0,0,0,0,0,3,1.1,,0,Christian,0.0,21,False,Lack of match fitness - 75% chance of playing,2026-08-15T20:00:06.779594Z,50,128295.jpg,1.0,False,Nørgaard,0.5,False,,d,9,11,7,0,0,0,0,0.0,1.4,Nørgaard,,58.0,2026-08-05,1994-03-10,False,p128295,101,0,0,0,1,0,0,0,0,0,0,0,28,23.4,5.5,10.0,4.0,9,4,3,16,1,0.08,0.04,0.12,2.28,,,,,,,[],,354,164,353,174,327,167,363,169,0.07,0.0,0.04,0.11,2.03,0.89,236,142,213,30,377,173,265,86,0.89,0.0,14.26,Everton,Christian Nørgaard,25-26
240,True,True,,,242898,0,0,0,0,0,0,3,2.1,,0,Brennan,0.0,209,False,,,60,242898.jpg,1.9,False,Johnson,0.2,False,,a,9,11,65,0,0,0,0,0.0,10.8,Johnson,,244.0,2026-08-11,2001-05-23,False,p242898,1710,2,1,6,24,0,0,0,6,0,0,2,217,223.4,311.1,230.0,75.8,37,55,29,121,19,2.45,1.31,3.76,28.29,,,,,,,[],,237,107,118,82,132,76,181,89,0.13,0.0,0.07,0.2,1.49,1.26,76,49,501,198,297,129,358,126,1.0,0.32,6.37,Everton,Brennan Johnson,25-26
241,True,True,,,111234,0,0,0,0,0,0,1,3.3,,0,Jordan,0.0,226,False,,,55,111234.jpg,3.6,False,Pickford,8.6,False,,a,9,11,135,0,0,0,0,0.0,24.5,Pickford,,241.0,2017-07-01,1994-03-07,False,p111234,3420,0,0,11,50,0,1,0,4,0,100,11,545,885.2,20.3,2.0,90.8,52,313,2,0,38,0.00,0.20,0.20,56.24,,,,,,,[],,15,4,323,6,357,3,149,5,0.0,2.63,0.01,0.01,1.48,1.32,115,2,373,63,92,9,53,7,1.0,0.29,0.0,Everton,Jordan Pickford,25-26
242,True,True,,,229600,0,0,0,0,0,0,1,2.6,,0,Mark,0.0,227,False,,,50,229600.jpg,0.0,False,Travers,0.0,False,,a,9,11,0,0,0,0,0,0.0,0.0,Travers,,104.0,2025-07-15,1999-05-18,False,p229600,0,0,0,0,0,0,0,0,0,0,0,0,0,0.0,0.0,0.0,0.0,0,0,0,0,0,0.00,0.00,0.00,0.00,,,,,,,[],,514,64,510,60,507,58,514,64,0.0,0.0,0.0,0.0,0.0,0.0,281,13,258,55,514,64,503,58,0.0,0.0,0.0,Everton,Mark Travers,25-26
243,True,True,,,138001,0,0,0,0,0,0,1,1.9,,0,Tom,0.0,228,False,,,45,138001.jpg,0.0,False,King,0.0,False,,a,9,11,0,0,0,0,0,0.0,0.0,King,,244.0,2025-08-15,1995-03-09,False,p138001,0,0,0,0,0,0,0,0,0,0,0,0,0,0.0,0.0,0.0,0.0,0,0,0,0,0,0.00,0.00,0.00,0.00,,,,,,,[],,458,55,448,43,431,34,460,55,0.0,0.0,0.0,0.0,0.0,0.0,410,30,88,30,463,55,501,57,0.0,0.0,0.0,Everton,Tom King,25-26
244,True,True,,,17761,0,0,0,0,0,0,2,2.8,,0,James,0.0,229,False,,,60,17761.jpg,4.6,False,Tarkowski,9.6,False,,a,9,11,170,0,0,0,0,0.0,28.3,Tarkowski,,241.0,2022-07-01,1992-11-19,False,p17761,3330,2,3,11,48,0,0,0,8,0,0,12,592,995.6,235.6,422.0,165.7,325,90,51,376,37,2.53,2.10,4.63,53.54,,,,,,,[],,6,3,146,35,57,3,38,5,0.07,0.0,0.06,0.13,1.45,1.3,56,5,481,185,23,8,49,18,1.0,0.3,10.16,Everton,James Tarkowski,25-26
245,True,True,,,480455,0,0,0,0,0,0,2,2.5,,0,Jarrad,0.0,230,False,,,55,480455.jpg,3.2,False,Branthwaite,1.9,False,,a,9,11,32,0,0,0,0,0.0,5.8,Branthwaite,,241.0,2020-06-20,2002-06-27,False,p480455,678,1,1,1,9,0,0,0,1,0,0,0,108,175.0,42.8,75.0,29.3,53,30,14,67,7,0.34,0.11,0.45,9.43,,,,,,,[],,261,98,295,100,255,80,291,98,0.05,0.0,0.01,0.06,1.25,1.19,183,27,441,177,149,59,137,57,0.93,0.13,8.89,Everton,Jarrad Branthwaite,25-26
246,True,True,,,106611,0,0,0,0,0,0,2,2.2,,0,Michael,0.0,231,False,,,50,106611.jpg,4.0,False,Keane,1.7,False,,a,9,11,131,0,0,0,0,0.0,26.2,Keane,,241.0,2017-07-03,1993-01-11,False,p106611,2588,3,1,7,42,0,0,0,1,1,0,8,404,770.4,47.4,299.0,111.7,265,87,37,302,29,2.30,0.49,2.79,44.52,,,,,,,[],,33,13,288,97,99,14,104,28,0.08,0.0,0.02,0.1,1.55,1.46,231,37,208,119,50,18,148,60,1.01,0.24,10.5,Everton,Michael Keane,25-26
247,True,True,,,512462,0,0,0,0,0,0,2,2.2,,0,Jake,0.0,232,False,,,50,512462.jpg,3.1,False,O'Brien,0.5,False,,a,9,11,116,0,0,0,0,0.0,23.2,O'Brien,,104.0,2024-07-30,2001-05-15,False,p512462,3118,1,3,10,46,0,0,0,6,1,0,2,368,582.8,282.9,206.0,107.5,174,114,57,231,35,1.67,1.00,2.67,53.49,,,,,,,[],,82,34,130,32,148,36,111,32,0.05,0.0,0.03,0.08,1.54,1.33,348,71,325,153,159,65,252,94,1.01,0.29,6.67,Everton,Jake O'Brien,25-26
248,True,True,,,224967,0,0,0,0,0,0,2,1.7,,0,Vitalii,0.0,233,False,,,45,224967.jpg,2.9,False,Mykolenko,1.3,False,,a,9,11,95,0,0,0,0,0.0,21.1,Mykolenko,,225.0,2022-01-01,1999-05-29,False,p224967,2959,0,1,9,47,1,0,0,6,0,0,2,350,559.2,394.1,71.0,102.3,183,107,48,231,33,0.28,2.46,2.74,48.41,,,,,,,[],,91,40,81,20,260,83,124,36,0.01,0.0,0.07,0.08,1.47,1.43,435,104,113,75,181,75,170,64,1.0,0.27,7.03,Everton,Vitalii Mykolenko,25-26
249,True,True,,,243571,0,0,0,0,0,0,2,1.7,,0,Nathan,0.0,234,False,,,45,243571.jpg,3.1,False,Patterson,0.0,False,,a,9,11,22,0,0,0,0,0.0,4.9,Patterson,,243.0,2022-01-04,2001-10-16,False,p243571,238,0,0,2,2,0,0,0,0,0,0,0,67,65.6,6.4,17.0,8.8,21,14,10,31,3,0.03,0.04,0.07,3.67,,,,,,,[],,327,117,351,123,317,114,342,117,0.01,0.0,0.02,0.03,1.39,0.76,448,114,126,85,156,63,515,173,1.13,0.76,11.72,Everton,Nathan Patterson,25-26
250,True,True,,,499300,0,0,0,0,0,0,2,1.0,,0,Adam,0.0,235,False,,,40,499300.jpg,0.0,False,Aznou,0.2,False,,a,9,11,0,0,0,0,0,0.0,0.0,Aznou,,145.0,2025-07-29,2006-06-02,False,p499300,0,0,0,0,0,0,0,0,0,0,0,0,0,0.0,0.0,0.0,0.0,0,0,0,0,0,0.00,0.00,0.00,0.00,,,,,,,[],,436,159,421,158,402,154,438,159,0.0,0.0,0.0,0.0,0.0,0.0,569,175,48,30,442,160,370,139,0.0,0.0,0.0,Everton,Adam Aznou,25-26
251,True,True,,,215413,0,0,0,0,0,0,3,2.3,,0,Kiernan,0.0,236,False,,,65,215413.jpg,4.9,False,Dewsbury-Hall,3.5,False,,a,9,11,151,0,0,0,0,0.0,23.2,Dewsbury-Hall,,241.0,2025-08-06,1998-09-06,False,p215413,2629,8,7,8,39,0,0,0,6,0,0,18,598,619.4,601.1,438.0,166.0,44,134,52,230,30,4.35,5.34,9.69,40.38,2.0,,,,,,[],,70,21,34,33,50,29,37,27,0.15,0.0,0.18,0.33,1.38,1.34,37,25,542,227,14,7,91,31,1.03,0.27,7.87,Everton,Kiernan Dewsbury-Hall,25-26
252,True,True,,,440993,0,0,0,0,0,0,3,2.1,,0,Iliman,0.0,237,False,,,60,440993.jpg,4.0,False,Ndiaye,15.6,False,,a,9,11,128,0,0,0,0,0.0,21.3,Ndiaye,Iliman Ndiaye,189.0,2024-07-03,2000-03-06,False,p440993,2781,6,3,8,44,0,0,0,2,0,0,7,540,605.8,479.2,578.0,166.5,38,178,67,283,32,6.68,4.41,11.09,42.68,,,,,1.0,,[],,72,22,54,47,35,21,36,26,0.22,0.0,0.14,0.36,1.38,1.42,81,52,506,201,58,25,25,7,1.04,0.26,9.16,Everton,Iliman Ndiaye,25-26
253,True,True,0.0,,232928,0,0,0,0,0,0,3,0.0,,0,James,0.0,239,False,Groin injury - Expected back 22 Aug,2026-07-25T14:30:10.455878Z,60,232928.jpg,4.2,False,Garner,0.3,False,,i,9,11,159,0,0,0,0,0.0,26.5,Garner,,241.0,2022-09-01,2001-03-13,False,p232928,3413,2,7,11,50,0,0,0,12,0,0,13,818,887.0,958.0,237.0,208.4,154,185,119,458,38,2.10,6.18,8.28,56.18,1.0,,1.0,,3.0,,[],https://www.evertonfc.com/news/2026/july/25/fitness-updates--garner--dibling---hackney/,14,4,7,7,125,71,17,13,0.06,0.0,0.16,0.22,1.48,1.32,75,48,500,197,42,18,303,99,1.0,0.29,12.08,Everton,James Garner,25-26
254,True,True,0.0,,490094,0,0,0,0,0,0,3,0.0,,0,Tim,0.0,240,False,Groin injury - Unknown return date,2026-08-15T20:00:06.878792Z,50,490094.jpg,2.3,False,Iroegbunam,0.1,False,,i,9,11,68,0,0,0,0,0.0,13.6,Iroegbunam,,241.0,2024-06-22,2003-06-30,False,p490094,1477,0,3,8,18,0,0,0,9,0,0,1,225,255.0,125.2,81.0,45.9,43,78,68,189,17,0.54,0.71,1.25,24.64,,,,,,,[],,223,99,222,136,250,133,258,125,0.03,0.0,0.04,0.07,1.5,1.1,330,192,307,80,256,105,494,206,1.04,0.49,11.52,Everton,Tim Iroegbunam,25-26
255,True,True,,,550615,0,0,0,0,0,0,3,2.0,,0,Tyrique,0.0,242,False,,,55,550615.jpg,1.1,False,George,0.3,False,,a,9,11,16,0,0,0,0,0.0,2.9,George,,241.0,2026-07-06,2006-02-04,False,p550615,351,0,0,1,9,0,0,0,2,0,0,0,55,44.2,66.2,132.0,23.9,2,14,7,23,1,0.64,1.19,1.83,6.49,,,,,,,[],,339,155,267,148,204,114,303,145,0.16,0.0,0.31,0.47,1.66,2.31,207,130,465,181,355,164,315,106,0.26,0.26,5.9,Everton,Tyrique George,25-26
256,True,True,,,502697,0,0,0,0,0,0,3,1.5,,0,Carlos,0.0,243,False,,,50,502697.jpg,1.4,False,Alcaraz Durán,0.1,False,,a,9,11,29,0,0,0,0,0.0,5.8,Alcaraz,,10.0,2025-07-01,2002-11-30,False,p502697,679,0,1,3,10,0,0,0,4,0,0,0,121,93.8,161.9,162.0,41.8,13,43,14,70,6,1.17,0.54,1.71,13.56,,,,,,,[],,308,139,188,124,186,102,266,128,0.16,0.0,0.07,0.23,1.8,1.33,344,200,321,88,338,152,459,187,0.8,0.4,9.28,Everton,Carlos Alcaraz Durán,25-26
257,True,True,,,609873,0,0,0,0,0,0,3,1.5,,0,Harrison,0.0,244,False,,,50,609873.jpg,1.6,False,Armstrong,0.1,False,,a,9,11,21,0,0,0,0,0.0,4.2,Armstrong,,241.0,2024-08-09,2007-01-19,False,p609873,524,0,0,1,11,0,0,0,0,0,0,0,84,60.0,69.7,78.0,21.0,13,24,13,50,6,0.79,0.22,1.01,10.93,,,,,,,[],,330,148,264,146,252,134,308,146,0.14,0.0,0.04,0.18,1.88,1.89,379,227,356,115,324,142,467,190,1.03,0.17,8.59,Everton,Harrison Armstrong,25-26
258,True,True,,,496661,0,0,0,0,0,0,3,2.0,,0,Tyler,0.0,245,False,,,55,496661.jpg,1.3,False,Dibling,0.0,False,,a,9,11,18,0,0,0,0,0.0,3.3,Dibling,,241.0,2025-08-25,2006-02-17,False,p496661,349,0,0,2,2,0,0,0,2,0,0,0,49,46.0,61.0,32.0,13.6,11,22,7,40,4,0.20,0.14,0.34,6.65,,,,,,,[],,336,152,274,150,296,154,324,153,0.05,0.0,0.04,0.09,1.71,0.52,192,118,450,169,346,158,505,211,1.03,0.52,10.32,Everton,Tyler Dibling,25-26
259,True,True,,,513466,0,0,0,0,0,0,3,1.5,,0,Merlin,0.0,246,False,,,50,513466.jpg,2.2,False,Röhl,0.1,False,,a,9,11,36,0,0,0,0,0.0,7.2,Röhl,,80.0,2026-06-15,2002-07-05,False,p513466,675,1,1,2,13,0,0,0,0,0,0,2,98,113.0,87.4,62.0,26.3,15,28,25,68,6,0.67,0.35,1.02,13.31,,,,,,,[],,300,138,245,140,269,144,300,144,0.09,0.0,0.05,0.14,1.77,1.73,349,202,326,90,270,115,479,198,0.8,0.27,9.07,Everton,Merlin Röhl,25-26
260,True,True,,,244860,0,0,0,0,0,0,3,2.0,,0,Hayden,0.0,247,False,,,55,244860.jpg,0.0,False,Hackney,0.3,False,,a,9,11,0,0,0,0,0,0.0,0.0,Hackney,,241.0,2026-07-02,2002-06-26,False,p244860,0,0,0,0,0,0,0,0,0,0,0,0,0,0.0,0.0,0.0,0.0,0,0,0,0,0,0.00,0.00,0.00,0.00,,,,,,,[],,564,242,564,242,563,242,564,242,0.0,0.0,0.0,0.0,0.0,0.0,151,94,409,145,564,242,309,103,0.0,0.0,0.0,Everton,Hayden Hackney,25-26
261,True,True,,,486385,0,0,0,0,0,0,4,1.8,,0,Norberto Bercique,0.0,248,False,,,55,486385.jpg,2.8,False,Gomes Betuncal,3.0,False,,a,9,11,104,0,0,0,0,0.0,18.9,Beto,Beto,90.0,2023-08-29,1998-01-31,False,p486385,1551,9,1,5,19,0,0,0,3,0,0,15,343,445.8,159.8,655.0,124.5,49,26,14,89,17,8.90,0.23,9.13,24.16,,,,,4.0,,[],,131,13,194,19,26,14,81,14,0.52,0.0,0.01,0.53,1.4,1.1,187,42,445,38,198,19,103,13,0.99,0.29,5.16,Everton,Norberto Bercique Gomes Betuncal,25-26
262,True,True,,,586309,0,0,0,0,0,0,4,1.8,,0,Thierno,0.0,249,False,,,55,586309.jpg,2.5,False,Barry,1.2,False,,a,9,11,95,0,0,0,0,0.0,17.3,Barry,,73.0,2025-07-09,2002-10-21,False,p586309,1898,8,0,7,34,0,0,0,3,0,0,9,295,341.0,207.7,501.0,102.5,34,34,6,74,21,8.17,0.44,8.61,33.49,,,,,2.0,,[],,177,16,160,14,42,16,123,18,0.39,0.0,0.02,0.41,1.59,1.61,216,44,474,40,238,25,178,27,1.0,0.33,3.51,Everton,Thierno Barry,25-26
263,True,True,,,80201,0,0,0,0,0,0,1,1.9,,0,Bernd,0.0,250,False,,,45,80201.jpg,3.2,False,Leno,3.2,False,,a,10,54,122,0,0,0,0,0.0,27.1,Leno,,80.0,2022-08-02,1992-03-04,False,p80201,3420,0,0,9,51,1,0,0,3,0,98,8,556,816.2,0.0,0.0,81.5,46,318,4,0,38,0.00,0.02,0.02,52.73,,,,,,,[],,29,9,439,36,422,27,170,9,0.0,2.58,0.0,0.0,1.39,1.34,395,23,73,23,138,18,92,15,1.0,0.24,0.0,Fulham,Bernd Leno,25-26
264,True,True,,,86873,0,0,0,0,0,0,1,1.0,,0,Benjamin,0.0,251,False,,,40,86873.jpg,0.0,False,Lecomte,1.4,False,,a,10,54,0,0,0,0,0,0.0,0.0,Lecomte,,73.0,2025-07-26,1991-04-26,False,p86873,0,0,0,0,0,0,0,0,0,0,0,0,0,0.0,0.0,0.0,0.0,0,0,0,0,0,0.00,0.00,0.00,0.00,,,,,,,[],,400,36,384,19,365,10,402,36,0.0,0.0,0.0,0.0,0.0,0.0,528,52,7,6,406,36,166,24,0.0,0.0,0.0,Fulham,Benjamin Lecomte,25-26
265,True,True,,,505079,0,0,0,0,0,0,1,1.0,,0,Alfie,0.0,252,False,,,40,505079.jpg,0.0,False,McNally,0.2,False,,a,10,54,0,0,0,0,0,0.0,0.0,McNally,,,,,False,p505079,0,0,0,0,0,0,0,0,0,0,0,0,0,0.0,0.0,0.0,0.0,0,0,0,0,0,0.00,0.00,0.00,0.00,,,,,,,[],,439,48,424,32,405,23,441,48,0.0,0.0,0.0,0.0,0.0,0.0,572,65,51,19,444,48,390,43,0.0,0.0,0.0,Fulham,Alfie McNally,25-26
266,True,True,0.0,,174874,0,0,0,0,0,0,2,0.0,,0,Joachim,0.0,253,False,Suspended until 30 Aug,2026-07-23T12:01:23.516350Z,50,174874.jpg,3.7,False,Andersen,0.0,False,,s,10,54,123,0,0,0,0,0.0,24.6,Andersen,,58.0,2024-08-23,1996-05-31,False,p174874,2882,0,1,8,45,0,0,0,7,1,0,8,424,790.6,131.0,148.0,107.0,284,114,45,329,33,1.43,1.83,3.26,44.88,,,,,,,[],,31,12,215,59,195,53,112,33,0.04,0.0,0.06,0.1,1.4,1.41,249,41,226,123,78,31,507,171,1.03,0.25,10.27,Fulham,Joachim Andersen,25-26
267,True,True,,,169528,0,0,0,0,0,0,2,1.7,,0,Antonee,0.0,254,False,,,45,169528.jpg,3.0,False,Robinson,2.2,False,,a,10,54,65,0,0,0,0,0.0,14.4,Robinson,Antonee Robinson,229.0,2020-08-20,1997-08-08,False,p169528,1487,1,0,4,19,0,0,0,5,0,0,7,280,375.0,334.6,82.0,79.3,88,98,48,136,17,1.07,1.58,2.65,24.12,,,,,2.0,,[],,161,66,104,26,248,77,174,61,0.06,0.0,0.1,0.16,1.46,1.15,416,90,94,61,166,69,122,51,1.03,0.24,8.23,Fulham,Antonee Robinson,25-26
268,True,True,,,246301,0,0,0,0,0,0,2,1.7,,0,Jorge,0.0,255,False,,,45,246301.jpg,2.6,False,Cuenca Barreno,0.0,False,,a,10,54,39,0,0,0,0,0.0,8.7,J.Cuenca,,200.0,2024-08-03,1999-11-17,False,p246301,935,0,0,2,11,0,0,0,6,0,0,1,155,249.6,47.2,14.0,31.2,101,40,16,117,11,0.05,0.53,0.58,14.70,,,,,,,[],,224,84,289,98,320,115,286,95,0.0,0.0,0.05,0.05,1.41,1.06,451,117,129,88,220,89,542,186,1.06,0.19,11.26,Fulham,Jorge Cuenca Barreno,25-26
269,True,True,,,167074,0,0,0,0,0,0,2,1.7,,0,Kenny,0.0,256,False,,,45,167074.jpg,3.7,False,Tete,0.3,False,,a,10,54,81,0,0,0,0,0.0,18.0,Tete,,152.0,2020-09-10,1995-10-09,False,p167074,1791,1,0,6,25,0,0,0,2,0,0,5,318,416.0,214.1,108.0,73.9,100,82,65,165,21,0.92,1.46,2.38,25.79,,,,,,,[],,146,59,155,39,224,66,188,64,0.05,0.0,0.07,0.12,1.3,1.26,415,89,93,60,77,30,324,121,1.06,0.3,8.29,Fulham,Kenny Tete,25-26
270,True,True,,,232892,0,0,0,0,0,0,2,1.7,,0,Calvin,0.0,257,False,,,45,232892.jpg,3.4,False,Bassey,0.7,False,,a,10,54,103,0,0,0,0,0.0,22.9,Bassey,,157.0,2023-07-28,1999-12-31,False,p232892,2532,1,1,7,40,0,0,0,5,0,0,9,392,574.0,152.2,115.0,84.5,143,119,62,205,28,1.71,0.35,2.05,38.01,,,,,,,[],,86,37,204,52,222,65,162,56,0.06,0.0,0.01,0.07,1.35,1.42,442,110,120,81,108,45,231,87,1.0,0.25,7.29,Fulham,Calvin Bassey,25-26
271,True,True,,,166477,0,0,0,0,0,0,2,1.7,,0,Timothy,0.0,258,False,,,45,166477.jpg,2.0,False,Castagne,0.3,False,,a,10,54,61,0,0,0,0,0.0,13.6,Castagne,,21.0,2023-08-29,1995-12-05,False,p166477,1838,0,2,3,31,0,0,0,4,0,0,3,294,373.0,292.2,195.0,86.2,106,56,40,146,20,1.50,1.47,2.97,32.66,,,,,,,[],,163,67,127,30,159,42,158,54,0.07,0.0,0.07,0.14,1.6,1.52,414,88,92,59,282,107,318,118,0.98,0.15,7.15,Fulham,Timothy Castagne,25-26
272,True,True,,,153133,0,0,0,0,0,0,3,2.0,,0,Alex,0.0,261,False,,,55,153133.jpg,3.6,False,Iwobi,1.0,False,,a,10,54,103,0,0,0,0,0.0,18.7,Iwobi,,157.0,2023-09-01,1996-05-03,False,p153133,2420,4,3,5,40,0,0,0,3,0,0,13,508,511.2,739.4,343.0,159.4,35,126,27,188,29,1.91,4.70,6.61,35.70,1.0,,1.0,,3.0,,[],,111,37,20,19,79,48,45,30,0.07,0.0,0.17,0.24,1.33,1.49,118,77,376,128,93,39,193,66,1.08,0.19,6.99,Fulham,Alex Iwobi,25-26
273,True,True,,,209289,0,0,0,0,0,0,3,2.0,,0,Emile,0.0,262,False,,,55,209289.jpg,2.2,False,Smith Rowe,0.4,False,,a,10,54,80,0,0,0,0,0.0,14.5,Smith Rowe,,241.0,2024-08-02,2000-07-28,False,p209289,1909,3,1,6,27,0,0,0,1,0,0,1,351,291.6,330.0,404.0,102.6,42,71,35,148,22,4.71,1.12,5.83,31.27,,,,,,,[],,204,91,109,78,62,37,122,70,0.22,0.0,0.05,0.27,1.47,1.27,138,86,396,137,271,116,287,93,1.04,0.28,6.98,Fulham,Emile Smith Rowe,25-26
274,True,True,,,560552,0,0,0,0,0,0,3,2.0,,0,Kevin,0.0,263,False,,,55,560552.jpg,1.9,False,Santos Lopes de Macedo,0.1,False,,a,10,54,49,0,0,0,0,0.0,8.9,Kevin,Kevin,30.0,2025-09-01,2003-01-04,False,p560552,1030,1,3,4,15,0,0,0,1,0,0,0,183,216.0,246.6,243.0,70.4,17,48,21,86,9,1.21,1.47,2.68,14.57,3.0,,,,,,[],,241,108,138,95,121,70,199,99,0.11,0.0,0.13,0.24,1.27,1.31,209,132,467,183,296,128,468,191,0.79,0.35,7.51,Fulham,Kevin Santos Lopes de Macedo,25-26
275,True,True,,,477555,0,0,0,0,0,0,3,2.0,,0,Oscar,0.0,264,False,,,55,477555.jpg,1.8,False,Bobb,0.4,False,,a,10,54,42,0,0,0,0,0.0,7.6,Bobb,,161.0,2026-01-30,2003-07-12,False,p477555,1030,0,2,4,13,0,0,0,1,0,0,0,182,140.4,315.4,205.0,66.4,12,43,21,76,11,1.47,2.10,3.57,12.71,2.0,,,,,,[],,282,130,114,81,150,81,207,104,0.13,0.0,0.18,0.31,1.11,1.14,182,111,440,162,308,134,294,97,0.96,0.35,6.64,Fulham,Oscar Bobb,25-26
276,True,True,,,207189,0,0,0,0,0,0,3,1.5,,0,Sander,0.0,265,False,,,50,207189.jpg,2.6,False,Berge,0.4,False,,a,10,54,91,0,0,0,0,0.0,18.2,Berge,,161.0,2024-08-22,1998-02-14,False,p207189,2904,0,3,8,45,1,0,0,5,0,0,3,503,437.8,365.1,105.0,91.0,91,132,57,280,34,1.54,1.50,3.04,43.09,,,,,,,[],,137,50,92,67,227,122,148,77,0.05,0.0,0.05,0.1,1.34,1.39,259,158,236,46,222,85,279,90,1.05,0.25,8.68,Fulham,Sander Berge,25-26
277,True,True,0.0,,76357,0,0,0,0,0,0,3,0.0,,0,Tom,0.0,266,False,Knee injury - Expected back 10 Oct,2026-08-14T18:00:06.460944Z,50,76357.jpg,1.7,False,Cairney,0.0,False,,i,10,54,41,0,0,0,0,0.0,8.2,Cairney,,243.0,2015-07-07,1991-01-20,False,p76357,756,2,0,2,10,0,0,0,3,0,0,1,181,153.4,195.6,64.0,41.4,12,42,7,61,6,1.21,0.81,2.02,11.67,,,,,,,[],https://www.fulhamfc.com/news/2026/august/05/tom-cairney-update/,273,126,174,116,265,141,268,130,0.14,0.0,0.1,0.24,1.39,1.19,224,139,201,27,313,136,560,239,0.71,0.24,7.26,Fulham,Tom Cairney,25-26
278,True,True,,,577725,0,0,0,0,0,0,3,2.0,,0,Josh,0.0,268,False,,,55,577725.jpg,2.0,False,King,0.2,False,,a,10,54,63,0,0,0,0,0.0,11.5,King,,241.0,2024-02-02,2007-01-03,False,p577725,1290,1,3,5,18,0,0,0,4,0,0,3,225,207.4,198.7,336.0,73.3,22,59,26,107,15,2.47,0.66,3.13,18.97,,,,,,,[],,245,110,170,112,82,50,190,95,0.17,0.0,0.05,0.22,1.32,1.26,214,135,472,186,289,123,391,146,1.05,0.35,7.47,Fulham,Josh King,25-26
279,True,True,,,184349,0,0,0,0,0,0,2,1.7,,0,Ryan,0.0,269,False,,,45,184349.jpg,3.5,False,Sessegnon,0.4,False,,a,10,54,95,0,0,0,0,0.0,21.1,Sessegnon,,241.0,2024-07-26,2000-05-18,False,p184349,1816,3,3,6,29,0,0,0,0,0,0,8,332,413.8,225.0,229.0,86.7,96,74,48,218,20,1.60,1.80,3.40,26.33,,,,,,,[],,147,60,150,36,133,26,155,52,0.08,0.0,0.09,0.17,1.3,1.44,419,91,97,62,98,38,276,104,0.99,0.3,10.8,Fulham,Ryan Sessegnon,25-26
280,True,True,,,153366,0,0,0,0,0,0,3,1.0,,0,Harrison,0.0,270,False,,,45,153366.jpg,2.1,False,Reed,1.1,False,,a,10,54,15,0,0,0,0,0.0,3.3,Reed,,241.0,2020-08-30,1995-01-27,False,p153366,89,1,0,0,4,0,0,0,0,0,0,2,48,42.0,44.4,11.0,9.7,1,5,0,6,1,0.13,0.45,0.58,3.43,,,,,,,[],,342,157,293,157,325,166,338,158,0.13,0.0,0.46,0.59,3.47,4.04,412,238,90,3,273,117,185,63,1.01,0.0,6.07,Fulham,Harrison Reed,25-26
281,True,True,,,244042,0,0,0,0,0,0,4,1.8,,0,Rodrigo,0.0,271,False,,,55,244042.jpg,1.7,False,Muniz Carvalho,0.6,False,,a,10,54,36,0,0,0,0,0.0,6.5,Muniz,Rodrigo Muniz,30.0,2021-08-20,2001-05-04,False,p244042,987,1,1,3,13,1,0,0,2,0,0,3,94,113.2,93.2,287.0,47.3,29,15,8,52,10,3.30,0.15,3.45,13.83,,,,,,,[],,299,33,242,25,103,24,253,31,0.3,0.0,0.01,0.31,1.26,1.19,150,36,408,32,317,33,235,40,0.91,0.27,4.74,Fulham,Rodrigo Muniz Carvalho,25-26
282,True,True,,,631786,0,0,0,0,0,0,4,1.0,,0,Jonah,0.0,272,False,,,45,631786.jpg,0.9,False,Kusi-Asare,7.1,False,,a,10,54,6,0,0,0,0,0.0,1.3,Kusi-Asare,,206.0,2026-06-27,2007-07-04,False,p631786,49,0,0,0,2,0,0,0,1,0,0,0,19,3.2,12.0,8.0,2.3,0,4,1,5,0,0.00,0.07,0.07,1.10,,,,,,,[],,383,43,334,42,331,43,371,43,0.0,0.0,0.13,0.13,2.02,3.67,518,70,196,12,393,47,59,9,0.0,0.0,9.18,Fulham,Jonah Kusi-Asare,25-26
283,True,True,,,551466,0,0,0,0,0,0,4,2.0,,0,Gonzalo,0.0,569,False,,,60,551466.jpg,0.0,False,García,1.9,False,,a,10,54,0,0,0,0,0,0.0,0.0,Gonzalo,,200.0,2026-08-03,2004-03-24,False,p551466,0,0,0,0,0,0,0,0,0,0,0,0,0,0.0,0.0,0.0,0.0,0,0,0,0,0,0.00,0.00,0.00,0.00,,,,,1.0,,[],,582,68,582,68,582,68,582,68,0.0,0.0,0.0,0.0,0.0,0.0,104,26,529,57,582,68,136,19,0.0,0.0,0.0,Fulham,Gonzalo García,25-26
284,True,True,,,571779,0,0,0,0,0,0,3,2.0,,0,César,0.0,570,False,,,55,571779.jpg,0.0,False,Palacios,0.1,False,,a,10,54,0,0,0,0,0,0.0,0.0,Palacios,,200.0,2026-08-03,2004-11-11,False,p571779,0,0,0,0,0,0,0,0,0,0,0,0,0,0.0,0.0,0.0,0.0,0,0,0,0,0,0.00,0.00,0.00,0.00,,,,,,,[],,577,252,577,252,576,252,577,252,0.0,0.0,0.0,0.0,0.0,0.0,212,134,470,185,577,252,400,153,0.0,0.0,0.0,Fulham,César Palacios,25-26
285,True,True,,,463210,0,0,0,0,0,0,3,1.5,,0,Shea,0.0,580,False,,,50,463210.jpg,0.0,False,Charles,0.1,False,,a,10,54,0,0,0,0,0,0.0,0.0,Charles,,242.0,2026-08-11,2003-11-05,False,p463210,0,0,0,0,0,0,0,0,0,0,0,0,0,0.0,0.0,0.0,0.0,0,0,0,0,0,0.00,0.00,0.00,0.00,,,,,,,[],,527,218,525,218,522,217,527,218,0.0,0.0,0.0,0.0,0.0,0.0,312,184,289,72,527,218,469,192,0.0,0.0,0.0,Fulham,Shea Charles,25-26
286,True,True,,,167825,0,0,0,0,0,0,1,1.0,,0,Dillon,0.0,273,False,,,40,167825.jpg,0.0,False,Phillips,1.9,False,,a,11,88,0,0,0,0,0,0.0,0.0,Phillips,,241.0,2025-07-01,1995-06-11,False,p167825,0,0,0,0,0,0,0,0,0,0,0,0,0,0.0,0.0,0.0,0.0,0,0,0,0,0,0.00,0.00,0.00,0.00,,,,,,,[],,405,38,390,22,371,13,407,38,0.0,0.0,0.0,0.0,0.0,0.0,537,55,16,9,411,38,134,21,0.0,0.0,0.0,Hull City,Dillon Phillips,25-26
287,True,True,0.0,,105666,0,0,0,0,0,0,1,0.0,,0,Jack,0.0,274,False,Arm injury - Unknown return date,2026-08-08T19:00:05.601633Z,45,105666.jpg,0.0,False,Butland,0.4,False,,i,11,88,0,0,0,0,0,0.0,0.0,Butland,,241.0,2026-07-02,1993-03-10,False,p105666,0,0,0,0,0,0,0,0,0,0,0,0,0,0.0,0.0,0.0,0.0,0,0,0,0,0,0.00,0.00,0.00,0.00,,,,,,,[],,454,51,443,38,426,29,456,51,0.0,0.0,0.0,0.0,0.0,0.0,401,25,79,25,459,51,291,38,0.0,0.0,0.0,Hull City,Jack Butland,25-26
288,True,False,0.0,,494950,0,0,0,0,0,0,1,0.0,,0,Harvey,0.0,275,False,Has joined Grimsby Town on loan for the rest of the season,2026-07-29T13:00:27.959925Z,40,494950.jpg,0.0,False,Cartwright,0.0,False,,u,11,88,0,0,0,0,0,0.0,0.0,Cartwright,,241.0,2020-07-01,2002-05-09,False,p494950,0,0,0,0,0,0,0,0,0,0,0,0,0,0.0,0.0,0.0,0.0,0,0,0,0,0,0.00,0.00,0.00,0.00,,,,,,,[],,435,47,420,31,401,22,437,47,0.0,0.0,0.0,0.0,0.0,0.0,568,64,47,18,441,47,517,62,0.0,0.0,0.0,Hull City,Harvey Cartwright,25-26
289,True,False,0.0,,444307,0,0,0,0,0,0,1,0.0,,0,Thimothée,0.0,276,False,Has joined Colchester United on loan for the rest of the season,2026-08-17T13:50:27.125537Z,40,444307.jpg,0.0,False,Lo-Tutala,0.2,False,,u,11,88,0,0,0,0,0,0.0,0.0,Lo-Tutala,,73.0,2023-07-01,2003-02-13,False,p444307,0,0,0,0,0,0,0,0,0,0,0,0,0,0.0,0.0,0.0,0.0,0,0,0,0,0,0.00,0.00,0.00,0.00,,,,,,,[],,424,44,409,28,390,19,426,44,0.0,0.0,0.0,0.0,0.0,0.0,557,61,36,15,430,44,383,42,0.0,0.0,0.0,Hull City,Thimothée Lo-Tutala,25-26
290,True,True,,,108416,0,0,0,0,0,0,2,1.0,,0,John,0.0,277,False,,,40,108416.jpg,0.0,False,Egan,1.9,False,,a,11,88,0,0,0,0,0,0.0,0.0,Egan,,104.0,2025-02-03,1992-10-20,False,p108416,0,0,0,0,0,0,0,0,0,0,0,0,0,0.0,0.0,0.0,0.0,0,0,0,0,0,0.00,0.00,0.00,0.00,,,,,,,[],,401,135,385,134,366,130,403,135,0.0,0.0,0.0,0.0,0.0,0.0,530,148,9,3,407,136,132,54,0.0,0.0,0.0,Hull City,John Egan,25-26
291,True,True,0.0,,501902,0,0,0,0,0,0,2,0.0,,0,Charlie,0.0,278,False,Groin injury - Unknown return date,2026-08-02T09:00:11.030017Z,40,501902.jpg,0.0,False,Hughes,0.4,False,,i,11,88,0,0,0,0,0,0.0,0.0,Hughes,,241.0,2024-08-16,2003-10-16,False,p501902,0,0,0,0,0,0,0,0,0,0,0,0,0,0.0,0.0,0.0,0.0,0,0,0,0,0,0.00,0.00,0.00,0.00,,,,,,,[],,438,161,423,160,404,156,440,161,0.0,0.0,0.0,0.0,0.0,0.0,571,177,50,32,443,161,286,108,0.0,0.0,0.0,Hull City,Charlie Hughes,25-26
292,True,True,,,146426,0,0,0,0,0,0,2,1.0,,0,Semi,0.0,279,False,,,40,146426.jpg,0.0,False,Ajayi,0.9,False,,a,11,88,0,0,0,0,0,0.0,0.0,Ajayi,,157.0,2025-07-01,1993-11-09,False,p146426,0,0,0,0,0,0,0,0,0,0,0,0,0,0.0,0.0,0.0,0.0,0,0,0,0,0,0.00,0.00,0.00,0.00,,,,,,,[],,403,136,387,135,368,131,405,136,0.0,0.0,0.0,0.0,0.0,0.0,533,150,12,5,409,137,200,72,0.0,0.0,0.0,Hull City,Semi Ajayi,25-26
293,True,True,,,193278,0,0,0,0,0,0,2,1.0,,0,Lewie,0.0,280,False,,,40,193278.jpg,0.0,False,Coyle,0.6,False,,a,11,88,0,0,0,0,0,0.0,0.0,Coyle,,241.0,2020-08-07,1995-10-15,False,p193278,0,0,0,0,0,0,0,0,0,0,0,0,0,0.0,0.0,0.0,0.0,0,0,0,0,0,0.00,0.00,0.00,0.00,,,,,,,[],,411,142,396,141,377,137,413,142,0.0,0.0,0.0,0.0,0.0,0.0,543,157,22,12,417,143,234,89,0.0,0.0,0.0,Hull City,Lewie Coyle,25-26
294,True,True,0.0,,433590,0,0,0,0,0,0,2,0.0,,0,Cody,0.0,281,False,Hamstring injury - Expected back 29 Aug,2026-08-08T19:00:05.613036Z,40,433590.jpg,0.0,False,Drameh,0.0,False,,i,11,88,0,0,0,0,0,0.0,0.0,Drameh,,241.0,2024-07-23,2001-12-08,False,p433590,0,0,0,0,0,0,0,0,0,0,0,0,0,0.0,0.0,0.0,0.0,0,0,0,0,0,0.00,0.00,0.00,0.00,,,,,,,[],,421,149,406,148,387,144,423,149,0.0,0.0,0.0,0.0,0.0,0.0,554,165,33,20,427,150,530,180,0.0,0.0,0.0,Hull City,Cody Drameh,25-26
295,True,True,,,232351,0,0,0,0,0,0,2,1.0,,0,Ryan,0.0,282,False,,,40,232351.jpg,0.0,False,Giles,0.8,False,,a,11,88,0,0,0,0,0,0.0,0.0,Giles,,241.0,2024-06-27,2000-01-26,False,p232351,0,0,0,0,0,0,0,0,0,0,0,0,0,0.0,0.0,0.0,0.0,0,0,0,0,0,0.00,0.00,0.00,0.00,1.0,,1.0,,,,[],,418,148,403,147,384,143,420,148,0.0,0.0,0.0,0.0,0.0,0.0,551,164,30,19,424,149,214,80,0.0,0.0,0.0,Hull City,Ryan Giles,25-26
296,True,True,75.0,,449428,0,0,0,0,0,0,2,0.8,,0,Matty,0.0,283,False,Hip injury - 75% chance of playing,2026-08-02T09:00:11.038361Z,40,449428.jpg,0.0,False,Jacob,0.0,False,,d,11,88,0,0,0,0,0,0.0,0.0,Jacob,,241.0,2019-07-01,2001-06-03,False,p449428,0,0,0,0,0,0,0,0,0,0,0,0,0,0.0,0.0,0.0,0.0,0,0,0,0,0,0.00,0.00,0.00,0.00,,,,,,,[],,425,151,410,150,391,146,427,151,0.0,0.0,0.0,0.0,0.0,0.0,558,167,37,22,431,152,536,183,0.0,0.0,0.0,Hull City,Matty Jacob,25-26
297,True,True,,,661800,0,0,0,0,0,0,2,1.0,,0,Cathal,0.0,284,False,,,40,661800.jpg,0.0,False,McCarthy,0.1,False,,a,11,88,0,0,0,0,0,0.0,0.0,McCarthy,,,,,False,p661800,0,0,0,0,0,0,0,0,0,0,0,0,0,0.0,0.0,0.0,0.0,0,0,0,0,0,0.00,0.00,0.00,0.00,,,,,,,[],,450,171,436,171,419,169,452,171,0.0,0.0,0.0,0.0,0.0,0.0,590,194,69,49,455,171,437,149,0.0,0.0,0.0,Hull City,Cathal McCarthy,25-26
298,True,True,,,160817,0,0,0,0,0,0,2,1.0,,0,Paddy,0.0,285,False,,,40,160817.jpg,0.0,False,McNair,0.1,False,,a,11,88,0,0,0,0,0,0.0,0.0,McNair,,242.0,2026-01-28,1995-04-27,False,p160817,0,0,0,0,0,0,0,0,0,0,0,0,0,0.0,0.0,0.0,0.0,0,0,0,0,0,0.00,0.00,0.00,0.00,,,,,,,[],,404,137,389,136,370,132,406,137,0.0,0.0,0.0,0.0,0.0,0.0,535,151,14,6,410,138,424,147,0.0,0.0,0.0,Hull City,Paddy McNair,25-26
299,True,True,,,540324,0,0,0,0,0,0,3,1.5,,0,Mohamed,0.0,286,False,,,50,540324.jpg,0.0,False,Belloumi,0.5,False,,a,11,88,0,0,0,0,0,0.0,0.0,Belloumi,,3.0,2024-08-30,2002-06-01,False,p540324,0,0,0,0,0,0,0,0,0,0,0,0,0,0.0,0.0,0.0,0.0,0,0,0,0,0,0.00,0.00,0.00,0.00,3.0,,2.0,,,,[],,545,230,545,230,542,229,545,230,0.0,0.0,0.0,0.0,0.0,0.0,362,214,339,102,545,230,264,85,0.0,0.0,0.0,Hull City,Mohamed Belloumi,25-26
300,True,True,,,232905,0,0,0,0,0,0,3,1.5,,0,Liam,0.0,287,False,,,50,232905.jpg,0.0,False,Millar,0.1,False,,a,11,88,0,0,0,0,0,0.0,0.0,Millar,,39.0,2024-08-09,1999-09-27,False,p232905,0,0,0,0,0,0,0,0,0,0,0,0,0,0.0,0.0,0.0,0.0,0,0,0,0,0,0.00,0.00,0.00,0.00,,,,,,,[],,517,211,513,211,510,210,517,211,0.0,0.0,0.0,0.0,0.0,0.0,286,171,263,59,517,211,457,186,0.0,0.0,0.0,Hull City,Liam Millar,25-26
301,True,True,,,171270,0,0,0,0,0,0,3,1.0,,0,Kieran,0.0,288,False,,,45,171270.jpg,0.0,False,Dowell,0.4,False,,a,11,88,0,0,0,0,0,0.0,0.0,Dowell,,241.0,2026-01-23,1997-10-10,False,p171270,0,0,0,0,0,0,0,0,0,0,0,0,0,0.0,0.0,0.0,0.0,0,0,0,0,0,0.00,0.00,0.00,0.00,,,,,,,[],,459,187,449,189,432,183,461,188,0.0,0.0,0.0,0.0,0.0,0.0,417,239,95,4,464,190,277,89,0.0,0.0,0.0,Hull City,Kieran Dowell,25-26
302,True,True,,,101282,0,0,0,0,0,0,3,1.0,,0,Matt,0.0,289,False,,,45,101282.jpg,0.0,False,Crooks,0.6,False,,a,11,88,0,0,0,0,0,0.0,0.0,Crooks,,241.0,2025-01-10,1994-01-20,False,p101282,0,0,0,0,0,0,0,0,0,0,0,0,0,0.0,0.0,0.0,0.0,0,0,0,0,0,0.00,0.00,0.00,0.00,,,,,,,[],,453,186,442,188,425,182,455,187,0.0,0.0,0.0,0.0,0.0,0.0,400,236,78,1,458,189,236,77,0.0,0.0,0.0,Hull City,Matt Crooks,25-26
303,True,True,,,243413,0,0,0,0,0,0,3,1.0,,0,Regan,0.0,290,False,,,45,243413.jpg,0.0,False,Slater,2.4,False,,a,11,88,0,0,0,0,0,0.0,0.0,Slater,,241.0,2022-01-27,1999-09-11,False,p243413,0,0,0,0,0,0,0,0,0,0,0,0,0,0.0,0.0,0.0,0.0,0,0,0,0,0,0.00,0.00,0.00,0.00,2.0,,,,,,[],,465,189,457,191,442,185,467,190,0.0,0.0,0.0,0.0,0.0,0.0,446,242,124,7,470,192,117,38,0.0,0.0,0.0,Hull City,Regan Slater,25-26
304,True,True,0.0,,465525,0,0,0,0,0,0,3,0.0,,0,Eliot,0.0,291,False,Knee injury - Unknown return date,2026-07-23T12:01:23.532635Z,45,465525.jpg,0.0,False,Matazo,0.0,False,,i,11,88,0,0,0,0,0,0.0,0.0,Matazo,,21.0,2025-01-23,2002-02-15,False,p465525,0,0,0,0,0,0,0,0,0,0,0,0,0,0.0,0.0,0.0,0.0,0,0,0,0,0,0.00,0.00,0.00,0.00,,,,,,,[],,470,191,463,193,449,187,472,192,0.0,0.0,0.0,0.0,0.0,0.0,461,244,139,9,475,194,580,255,0.0,0.0,0.0,Hull City,Eliot Matazo,25-26
305,True,True,,,208481,0,0,0,0,0,0,3,1.5,,0,Abdülkadir,0.0,292,False,,,50,208481.jpg,0.0,False,Ömür,0.0,False,,a,11,88,0,0,0,0,0,0.0,0.0,Ömür,,219.0,2024-02-01,1999-06-25,False,p208481,0,0,0,0,0,0,0,0,0,0,0,0,0,0.0,0.0,0.0,0.0,0,0,0,0,0,0.00,0.00,0.00,0.00,,,,,,,[],,507,206,503,206,499,205,507,206,0.0,0.0,0.0,0.0,0.0,0.0,260,159,237,47,507,206,543,225,0.0,0.0,0.0,Hull City,Abdülkadir Ömür,25-26
306,True,False,0.0,,490161,0,0,0,0,0,0,3,0.0,,0,Abu,0.0,293,False,Has joined Portsmouth permanently,2026-08-12T14:08:23.542043Z,50,490161.jpg,0.0,False,Kamara,0.0,False,,u,11,88,0,0,0,0,0,0.0,0.0,Kamara,,241.0,2024-08-30,2003-07-21,False,p490161,0,0,0,0,0,0,0,0,0,0,0,0,0,0.0,0.0,0.0,0.0,0,0,0,0,0,0.00,0.00,0.00,0.00,,,,,,,[],,534,222,533,222,529,221,534,222,0.0,0.0,0.0,0.0,0.0,0.0,331,193,308,81,534,222,547,229,0.0,0.0,0.0,Hull City,Abu Kamara,25-26
307,True,True,0.0,,553783,0,0,0,0,0,0,3,0.0,,0,Óscar,0.0,294,False,Thigh injury - Unknown return date,2026-08-04T18:30:11.016909Z,45,553783.jpg,0.0,False,Zambrano,0.2,False,,i,11,88,0,0,0,0,0,0.0,0.0,Zambrano,,62.0,2026-07-21,2004-04-20,False,p553783,0,0,0,0,0,0,0,0,0,0,0,0,0,0.0,0.0,0.0,0.0,0,0,0,0,0,0.00,0.00,0.00,0.00,,,,,,,[],,485,195,481,197,471,193,487,196,0.0,0.0,0.0,0.0,0.0,0.0,495,251,173,16,490,198,332,115,0.0,0.0,0.0,Hull City,Óscar Zambrano,25-26
308,True,True,,,169432,0,0,0,0,0,0,4,1.8,,0,Oli,0.0,295,False,,,55,169432.jpg,0.0,False,McBurnie,1.4,False,,a,11,88,0,0,0,0,0,0.0,0.0,McBurnie,,243.0,2025-08-06,1996-06-04,False,p169432,0,0,0,0,0,0,0,0,0,0,0,0,0,0.0,0.0,0.0,0.0,0,0,0,0,0,0.00,0.00,0.00,0.00,,,,,1.0,,[],,559,64,559,64,558,64,559,64,0.0,0.0,0.0,0.0,0.0,0.0,120,30,378,26,559,64,164,26,0.0,0.0,0.0,Hull City,Oli McBurnie,25-26
309,True,True,,,213292,0,0,0,0,0,0,3,1.5,,0,David,0.0,296,False,,,50,213292.jpg,0.0,False,Akintola,0.0,False,,a,11,88,0,0,0,0,0,0.0,0.0,Akintola,,157.0,2025-08-15,1996-01-13,False,p213292,0,0,0,0,0,0,0,0,0,0,0,0,0,0.0,0.0,0.0,0.0,0,0,0,0,0,0.00,0.00,0.00,0.00,,,,,,,[],,508,207,504,207,500,206,508,207,0.0,0.0,0.0,0.0,0.0,0.0,265,163,242,51,508,207,519,217,0.0,0.0,0.0,Hull City,David Akintola,25-26
310,True,True,0.0,,470294,0,0,0,0,0,0,3,0.0,,0,Darko,0.0,297,False,Thigh injury - Unknown return date,2026-08-04T18:30:11.027155Z,45,470294.jpg,0.0,False,Gyabi,0.1,False,,i,11,88,0,0,0,0,0,0.0,0.0,Gyabi,,241.0,2025-09-01,2004-02-18,False,p470294,0,0,0,0,0,0,0,0,0,0,0,0,0,0.0,0.0,0.0,0.0,0,0,0,0,0,0.00,0.00,0.00,0.00,,,,,,,[],,471,192,464,194,450,188,473,193,0.0,0.0,0.0,0.0,0.0,0.0,463,245,141,10,476,195,466,189,0.0,0.0,0.0,Hull City,Darko Gyabi,25-26
311,True,False,0.0,,500957,0,0,0,0,0,0,4,0.0,,0,Enis,0.0,298,False,Has joined Konyaspor permanently,2026-08-17T13:50:27.145733Z,45,500957.jpg,0.0,False,Destan,2.1,False,,u,11,88,0,0,0,0,0,0.0,0.0,Destan,,219.0,2025-08-01,2002-06-15,False,p500957,0,0,0,0,0,0,0,0,0,0,0,0,0,0.0,0.0,0.0,0.0,0,0,0,0,0,0.00,0.00,0.00,0.00,,,,,,,[],,478,47,472,47,460,47,480,48,0.0,0.0,0.0,0.0,0.0,0.0,481,61,159,3,483,49,125,16,0.0,0.0,0.0,Hull City,Enis Destan,25-26
312,True,False,0.0,,534392,0,0,0,0,0,0,4,0.0,,0,Mason,0.0,299,False,Has joined Sheffield Wednesday on loan for the rest of the season,2026-08-03T14:05:20.234842Z,45,534392.jpg,0.0,False,Burstow,0.2,False,,u,11,88,0,0,0,0,0,0.0,0.0,Burstow,,241.0,2024-08-16,2003-08-04,False,p534392,0,0,0,0,0,0,0,0,0,0,0,0,0,0.0,0.0,0.0,0.0,0,0,0,0,0,0.00,0.00,0.00,0.00,,,,,,,[],,480,48,476,48,466,48,482,49,0.0,0.0,0.0,0.0,0.0,0.0,488,62,166,4,485,50,334,57,0.0,0.0,0.0,Hull City,Mason Burstow,25-26
313,True,True,,,462635,0,0,0,0,0,0,3,1.5,,0,Joe,0.0,340,False,,,50,462635.jpg,0.0,False,Gelhardt,0.0,False,,a,11,88,0,0,0,0,0,0.0,0.0,Gelhardt,,241.0,2026-08-15,2002-05-04,False,p462635,0,0,0,0,0,0,0,0,0,0,0,0,0,0.0,0.0,0.0,0.0,0,0,0,0,0,0.00,0.00,0.00,0.00,,,,,,,[],,526,217,524,217,521,216,526,217,0.0,0.0,0.0,0.0,0.0,0.0,311,183,288,71,526,217,512,215,0.0,0.0,0.0,Hull City,Joe Gelhardt,25-26
314,True,True,,,169359,0,0,0,0,0,0,2,1.0,,0,Matt,0.0,556,False,,,40,169359.jpg,0.0,False,Targett,2.9,False,,a,11,88,0,0,0,0,0,0.0,0.0,Targett,,241.0,2026-07-23,1995-09-18,False,p169359,0,0,0,0,0,0,0,0,0,0,0,0,0,0.0,0.0,0.0,0.0,0,0,0,0,0,0.00,0.00,0.00,0.00,,,,,,,[],,406,138,391,137,372,133,408,138,0.0,0.0,0.0,0.0,0.0,0.0,538,153,17,8,412,139,106,42,0.0,0.0,0.0,Hull City,Matt Targett,25-26
315,True,True,50.0,,445028,0,0,0,0,0,0,3,0.7,,0,Hidemasa,0.0,563,False,Calf injury - 50% chance of playing,2026-08-15T16:00:07.961518Z,50,445028.jpg,0.0,False,Morita,0.1,False,,d,11,88,0,0,0,0,0,0.0,0.0,Morita,,108.0,2026-07-24,1995-05-10,False,p445028,0,0,0,0,0,0,0,0,0,0,0,0,0,0.0,0.0,0.0,0.0,0,0,0,0,0,0.00,0.00,0.00,0.00,,,,,,,[],,522,215,519,215,516,214,522,215,0.0,0.0,0.0,0.0,0.0,0.0,303,179,280,67,522,215,490,203,0.0,0.0,0.0,Hull City,Hidemasa Morita,25-26
316,True,True,,,473284,0,0,0,0,0,0,1,1.9,,0,Konstantinos,0.0,572,False,,,45,473284.jpg,0.0,False,Tzolakis,0.4,False,,a,11,88,0,0,0,0,0,0.0,0.0,Tzolakis,,83.0,2026-08-05,2002-11-08,False,p473284,0,0,0,0,0,0,0,0,0,0,0,0,0,0.0,0.0,0.0,0.0,0,0,0,0,0,0.00,0.00,0.00,0.00,,,,,,,[],,473,59,466,50,452,43,475,59,0.0,0.0,0.0,0.0,0.0,0.0,467,39,145,39,478,59,283,37,0.0,0.0,0.0,Hull City,Konstantinos Tzolakis,25-26
317,True,True,,,552946,0,0,0,0,0,0,3,1.5,,0,Jens,0.0,574,False,,,50,552946.jpg,0.0,False,Hjertø-Dahl,0.1,False,,a,11,88,0,0,0,0,0,0.0,0.0,Hjertø-Dahl,,161.0,2026-08-07,2005-10-31,False,p552946,0,0,0,0,0,0,0,0,0,0,0,0,0,0.0,0.0,0.0,0.0,0,0,0,0,0,0.00,0.00,0.00,0.00,,,,,,,[],,547,231,547,231,545,231,547,231,0.0,0.0,0.0,0.0,0.0,0.0,369,219,346,107,547,231,481,199,0.0,0.0,0.0,Hull City,Jens Hjertø-Dahl,25-26
318,True,True,,,608227,0,0,0,0,0,0,3,1.5,,0,Elliot,0.0,576,False,,,50,608227.jpg,0.0,False,Stroud,0.1,False,,a,11,88,0,0,0,0,0,0.0,0.0,Stroud,,206.0,2026-08-09,2002-06-22,False,p608227,0,0,0,0,0,0,0,0,0,0,0,0,0,0.0,0.0,0.0,0.0,0,0,0,0,0,0.00,0.00,0.00,0.00,,,,,,,[],,551,233,551,233,549,233,551,233,0.0,0.0,0.0,0.0,0.0,0.0,378,226,355,114,551,233,489,202,0.0,0.0,0.0,Hull City,Elliot Stroud,25-26
319,True,True,,,597462,0,0,0,0,0,0,2,1.0,,0,Lucas,0.0,585,False,,,40,597462.jpg,0.0,False,Herrington,0.3,False,,a,11,88,0,0,0,0,0,0.0,0.0,Herrington,,13.0,2026-08-12,2007-09-05,False,p597462,0,0,0,0,0,0,0,0,0,0,0,0,0,0.0,0.0,0.0,0.0,0,0,0,0,0,0.00,0.00,0.00,0.00,,,,,,,[],,447,168,433,168,415,165,449,168,0.0,0.0,0.0,0.0,0.0,0.0,584,188,63,43,452,168,312,117,0.0,0.0,0.0,Hull City,Lucas Herrington,25-26
320,True,True,,,606930,0,0,0,0,0,0,2,1.0,,0,Nobel,0.0,586,False,,,40,606930.jpg,0.0,False,Mendy,0.4,False,,a,11,88,0,0,0,0,0,0.0,0.0,Mendy,,189.0,2026-08-12,2004-09-03,False,p606930,0,0,0,0,0,0,0,0,0,0,0,0,0,0.0,0.0,0.0,0.0,0,0,0,0,0,0.00,0.00,0.00,0.00,,,,,,,[],,448,169,434,169,416,166,450,169,0.0,0.0,0.0,0.0,0.0,0.0,586,190,65,45,453,169,272,102,0.0,0.0,0.0,Hull City,Nobel Mendy,25-26
321,True,True,,,469266,0,0,0,0,0,0,3,1.5,,0,Lucas,0.0,589,False,,,50,469266.jpg,0.0,False,Gourna-Douath,0.0,False,,a,11,88,0,0,0,0,0,0.0,0.0,Gourna-Douath,,73.0,2026-08-15,2003-08-05,False,p469266,0,0,0,0,0,0,0,0,0,0,0,0,0,0.0,0.0,0.0,0.0,0,0,0,0,0,0.00,0.00,0.00,0.00,,,,,,,[],,529,220,528,220,524,219,529,220,0.0,0.0,0.0,0.0,0.0,0.0,318,186,295,74,529,220,589,260,0.0,0.0,0.0,Hull City,Lucas Gourna-Douath,25-26
322,True,True,,,219924,0,0,0,0,0,0,2,1.0,,0,Issa,0.0,259,False,,,40,219924.jpg,2.4,False,Diop,18.1,False,,a,12,40,31,0,0,0,0,0.0,7.8,Diop,,145.0,2026-07-22,1997-01-09,False,p219924,812,1,0,1,13,0,0,0,2,0,0,3,103,190.8,8.0,31.0,23.0,55,19,6,61,8,0.80,0.05,0.85,12.42,,,,,,,[],,255,96,345,119,297,100,306,105,0.09,0.0,0.01,0.1,1.38,1.44,548,161,27,16,242,98,21,7,0.89,0.11,6.76,Ipswich Town,Issa Diop,25-26
323,True,True,,,212314,0,0,0,0,0,0,3,1.5,,0,Saša,0.0,267,False,,,50,212314.jpg,2.6,False,Lukić,0.1,False,,a,12,40,67,0,0,0,0,0.0,13.4,Lukić,,190.0,2026-08-08,1996-08-13,False,p212314,1730,1,4,6,22,0,0,0,9,0,0,4,314,317.6,441.6,176.0,93.4,63,71,49,183,20,2.23,1.91,4.14,27.64,4.0,,,,,,[],,194,83,63,49,176,95,144,76,0.12,0.0,0.1,0.22,1.44,1.14,264,162,241,50,223,86,427,170,1.04,0.31,9.52,Ipswich Town,Saša Lukić,25-26
324,True,True,,,108813,0,0,0,0,0,0,1,1.9,,0,Christian,0.0,300,False,,,45,108813.jpg,0.0,False,Walton,0.6,False,,a,12,40,0,0,0,0,0,0.0,0.0,Walton,,241.0,2022-01-19,1995-11-09,False,p108813,0,0,0,0,0,0,0,0,0,0,0,0,0,0.0,0.0,0.0,0.0,0,0,0,0,0,0.00,0.00,0.00,0.00,,,,,,,[],,455,52,444,39,427,30,457,52,0.0,0.0,0.0,0.0,0.0,0.0,404,26,82,26,460,52,243,31,0.0,0.0,0.0,Ipswich Town,Christian Walton,25-26
325,True,True,,,112520,0,0,0,0,0,0,1,1.0,,0,Alex,0.0,301,False,,,40,112520.jpg,0.0,False,Palmer,5.4,False,,a,12,40,0,0,0,0,0,0.0,0.0,Palmer,,241.0,2025-02-03,1996-08-10,False,p112520,0,0,0,0,0,0,0,0,0,0,0,0,0,0.0,0.0,0.0,0.0,0,0,0,0,0,0.00,0.00,0.00,0.00,,,,,,,[],,402,37,386,20,367,11,404,37,0.0,0.0,0.0,0.0,0.0,0.0,531,53,10,7,408,37,67,9,0.0,0.0,0.0,Ipswich Town,Alex Palmer,25-26
326,True,True,,,50093,0,0,0,0,0,0,1,1.0,,0,David,0.0,302,False,,,40,50093.jpg,0.0,False,Button,0.5,False,,a,12,40,0,0,0,0,0,0.0,0.0,Button,,241.0,2025-07-04,1989-02-27,False,p50093,0,0,0,0,0,0,0,0,0,0,0,0,0,0.0,0.0,0.0,0.0,0,0,0,0,0,0.00,0.00,0.00,0.00,,,,,,,[],,398,35,381,17,362,8,400,35,0.0,0.0,0.0,0.0,0.0,0.0,525,50,4,4,404,35,268,36,0.0,0.0,0.0,Ipswich Town,David Button,25-26
327,True,True,,,183015,0,0,0,0,0,0,2,1.0,,0,Cédric,0.0,303,False,,,40,183015.jpg,0.0,False,Kipré,0.6,False,,a,12,40,0,0,0,0,0,0.0,0.0,Kipré,,54.0,2026-07-01,1996-12-09,False,p183015,0,0,0,0,0,0,0,0,0,0,0,0,0,0.0,0.0,0.0,0.0,0,0,0,0,0,0.00,0.00,0.00,0.00,,,,,,,[],,410,141,395,140,376,136,412,141,0.0,0.0,0.0,0.0,0.0,0.0,542,156,21,11,416,142,237,90,0.0,0.0,0.0,Ipswich Town,Cédric Kipré,25-26
328,True,True,,,216616,0,0,0,0,0,0,2,1.0,,0,Dara,0.0,304,False,,,40,216616.jpg,0.0,False,O'Shea,2.9,False,,a,12,40,0,0,0,0,0,0.0,0.0,O'Shea,,104.0,2024-08-25,1999-03-04,False,p216616,0,0,0,0,0,0,0,0,0,0,0,0,0,0.0,0.0,0.0,0.0,0,0,0,0,0,0.00,0.00,0.00,0.00,,,,,,,[],,415,145,400,144,381,140,417,145,0.0,0.0,0.0,0.0,0.0,0.0,547,160,26,15,421,146,105,41,0.0,0.0,0.0,Ipswich Town,Dara O'Shea,25-26
329,True,True,,,455084,0,0,0,0,0,0,2,1.0,,0,Leif,0.0,305,False,,,40,455084.jpg,0.0,False,Davis,5.2,False,,a,12,40,0,0,0,0,0,0.0,0.0,Davis,,241.0,2022-07-25,1999-12-31,False,p455084,0,0,0,0,0,0,0,0,0,0,0,0,0,0.0,0.0,0.0,0.0,0,0,0,0,0,0.00,0.00,0.00,0.00,2.0,,2.0,,,,[],,428,154,413,153,394,149,430,154,0.0,0.0,0.0,0.0,0.0,0.0,561,170,40,25,434,155,70,26,0.0,0.0,0.0,Ipswich Town,Leif Davis,25-26
330,True,True,,,449429,0,0,0,0,0,0,2,1.0,,0,Jacob,0.0,306,False,,,40,449429.jpg,0.0,False,Greaves,0.7,False,,a,12,40,0,0,0,0,0,0.0,0.0,Greaves,,241.0,2024-07-12,2000-09-12,False,p449429,0,0,0,0,0,0,0,0,0,0,0,0,0,0.0,0.0,0.0,0.0,0,0,0,0,0,0.00,0.00,0.00,0.00,,,,,,,[],,426,152,411,151,392,147,428,152,0.0,0.0,0.0,0.0,0.0,0.0,559,168,38,23,432,153,220,84,0.0,0.0,0.0,Ipswich Town,Jacob Greaves,25-26
331,True,True,,,222018,0,0,0,0,0,0,2,1.0,,0,Ben,0.0,307,False,,,40,222018.jpg,0.0,False,Johnson,0.1,False,,a,12,40,0,0,0,0,0,0.0,0.0,Johnson,,241.0,2024-07-01,2000-01-24,False,p222018,0,0,0,0,0,0,0,0,0,0,0,0,0,0.0,0.0,0.0,0.0,0,0,0,0,0,0.00,0.00,0.00,0.00,,,,,,,[],,417,147,402,146,383,142,419,147,0.0,0.0,0.0,0.0,0.0,0.0,550,163,29,18,423,148,410,146,0.0,0.0,0.0,Ipswich Town,Ben Johnson,25-26
332,True,True,,,176420,0,0,0,0,0,0,2,1.0,,0,Darnell,0.0,308,False,,,40,176420.jpg,0.0,False,Furlong,0.6,False,,a,12,40,0,0,0,0,0,0.0,0.0,Furlong,,241.0,2025-08-28,1995-10-31,False,p176420,0,0,0,0,0,0,0,0,0,0,0,0,0,0.0,0.0,0.0,0.0,0,0,0,0,0,0.00,0.00,0.00,0.00,,,,,,,[],,409,140,394,139,375,135,411,140,0.0,0.0,0.0,0.0,0.0,0.0,541,155,20,10,415,141,241,91,0.0,0.0,0.0,Ipswich Town,Darnell Furlong,25-26
333,True,True,,,501390,0,0,0,0,0,0,3,1.5,,0,Marcelino,0.0,309,False,,,50,501390.jpg,0.0,False,Núñez,0.1,False,,a,12,40,0,0,0,0,0,0.0,0.0,Núñez,,44.0,2025-08-29,2000-03-01,False,p501390,0,0,0,0,0,0,0,0,0,0,0,0,0,0.0,0.0,0.0,0.0,0,0,0,0,0,0.00,0.00,0.00,0.00,1.0,,1.0,,,,[],,538,225,537,225,534,224,538,225,0.0,0.0,0.0,0.0,0.0,0.0,342,198,319,86,538,225,398,151,0.0,0.0,0.0,Ipswich Town,Marcelino Núñez,25-26
334,True,True,0.0,,241117,0,0,0,0,0,0,3,0.0,,0,Azor,0.0,310,False,Muscular injury - Unknown return date,2026-07-29T18:00:10.305484Z,50,241117.jpg,0.0,False,Matusiwa,0.0,False,,i,12,40,0,0,0,0,0,0.0,0.0,Matusiwa,,152.0,2025-07-13,1998-04-28,False,p241117,0,0,0,0,0,0,0,0,0,0,0,0,0,0.0,0.0,0.0,0.0,0,0,0,0,0,0.00,0.00,0.00,0.00,,,,,,,[],https://www.itfc.co.uk/news/2026/may/12/midfield-duo-undergo-surgery/,518,212,514,212,511,211,518,212,0.0,0.0,0.0,0.0,0.0,0.0,288,172,265,60,518,212,566,244,0.0,0.0,0.0,Ipswich Town,Azor Matusiwa,25-26
335,True,False,0.0,,149929,0,0,0,0,0,0,3,0.0,,0,Wes,0.0,311,False,Has joined Leicester City permanently,2026-08-10T14:02:47.597478Z,50,149929.jpg,0.0,False,Burns,0.0,False,,u,12,40,0,0,0,0,0,0.0,0.0,Burns,,244.0,2021-06-09,1994-11-23,False,p149929,0,0,0,0,0,0,0,0,0,0,0,0,0,0.0,0.0,0.0,0.0,0,0,0,0,0,0.00,0.00,0.00,0.00,,,,,,,[],,502,201,498,201,492,200,502,201,0.0,0.0,0.0,0.0,0.0,0.0,239,143,216,31,502,201,548,230,0.0,0.0,0.0,Ipswich Town,Wes Burns,25-26
336,True,True,0.0,,231899,0,0,0,0,0,0,3,0.0,,0,Jack,0.0,312,False,Knee injury - Unknown return date,2026-07-29T18:00:10.319370Z,45,231899.jpg,0.0,False,Taylor,0.1,False,,i,12,40,0,0,0,0,0,0.0,0.0,Taylor,,104.0,2023-06-26,1998-06-23,False,p231899,0,0,0,0,0,0,0,0,0,0,0,0,0,0.0,0.0,0.0,0.0,0,0,0,0,0,0.00,0.00,0.00,0.00,,,,,,,[],https://www.itfc.co.uk/news/2026/may/12/midfield-duo-undergo-surgery/,462,188,454,190,439,184,464,189,0.0,0.0,0.0,0.0,0.0,0.0,440,241,118,6,467,191,425,168,0.0,0.0,0.0,Ipswich Town,Jack Taylor,25-26
337,True,True,,,443261,0,0,0,0,0,0,3,2.0,,0,Jack,0.0,313,False,,,55,443261.jpg,0.0,False,Clarke,0.3,False,,a,12,40,0,0,0,0,0,0.0,0.0,Clarke,Jack Clarke,241.0,2024-08-24,2000-11-23,False,p443261,0,0,0,0,0,0,0,0,0,0,0,0,0,0.0,0.0,0.0,0.0,0,0,0,0,0,0.00,0.00,0.00,0.00,3.0,,3.0,,1.0,,[],,567,245,567,245,566,245,567,245,0.0,0.0,0.0,0.0,0.0,0.0,164,103,422,154,567,245,320,109,0.0,0.0,0.0,Ipswich Town,Jack Clarke,25-26
338,True,True,,,229164,0,0,0,0,0,0,3,1.5,,0,Chiedozie,0.0,314,False,,,50,229164.jpg,0.0,False,Ogbene,0.0,False,,a,12,40,0,0,0,0,0,0.0,0.0,Ogbene,,104.0,2024-08-28,1997-05-01,False,p229164,0,0,0,0,0,0,0,0,0,0,0,0,0,0.0,0.0,0.0,0.0,0,0,0,0,0,0.00,0.00,0.00,0.00,,,,,,,[],,513,209,509,209,506,208,513,209,0.0,0.0,0.0,0.0,0.0,0.0,280,167,257,55,513,209,549,231,0.0,0.0,0.0,Ipswich Town,Chiedozie Ogbene,25-26
339,True,True,,,531442,0,0,0,0,0,0,3,2.0,,0,Abdul,0.0,315,False,,,55,531442.jpg,0.0,False,Fatawu,0.3,False,,a,12,40,0,0,0,0,0,0.0,0.0,Fatawu,Abdul Fatawu,81.0,2026-07-21,2004-03-08,False,p531442,0,0,0,0,0,0,0,0,0,0,0,0,0,0.0,0.0,0.0,0.0,0,0,0,0,0,0.00,0.00,0.00,0.00,,,,,,,[],,573,250,573,250,572,250,573,250,0.0,0.0,0.0,0.0,0.0,0.0,200,125,458,176,573,250,322,110,0.0,0.0,0.0,Ipswich Town,Abdul Fatawu,25-26
340,True,True,,,543968,0,0,0,0,0,0,4,1.8,,0,Emersonn,0.0,316,False,,,55,543968.jpg,0.0,False,Correia da Silva,0.4,False,,a,12,40,0,0,0,0,0,0.0,0.0,Emersonn,Emersonn,30.0,2026-07-08,2004-07-16,False,p543968,0,0,0,0,0,0,0,0,0,0,0,0,0,0.0,0.0,0.0,0.0,0,0,0,0,0,0.00,0.00,0.00,0.00,,,,,2.0,,[],,575,66,575,66,574,66,575,66,0.0,0.0,0.0,0.0,0.0,0.0,202,43,460,39,575,66,297,53,0.0,0.0,0.0,Ipswich Town,Emersonn Correia da Silva,25-26
341,True,True,,,222625,0,0,0,0,0,0,4,1.4,,0,George,0.0,317,False,,,50,222625.jpg,0.0,False,Hirst,0.4,False,,a,12,40,0,0,0,0,0,0.0,0.0,Hirst,,243.0,2023-07-13,1999-02-15,False,p222625,0,0,0,0,0,0,0,0,0,0,0,0,0,0.0,0.0,0.0,0.0,0,0,0,0,0,0.00,0.00,0.00,0.00,,,,,3.0,,[],,512,57,508,57,505,57,512,57,0.0,0.0,0.0,0.0,0.0,0.0,276,50,253,15,512,57,281,49,0.0,0.0,0.0,Ipswich Town,George Hirst,25-26
342,True,True,,,481624,0,0,0,0,0,0,3,2.0,,0,Jaden,0.0,318,False,,,55,481624.jpg,0.0,False,Philogene,0.2,False,,a,12,40,0,0,0,0,0,0.0,0.0,Philogene,,241.0,2025-01-15,2002-02-08,False,p481624,0,0,0,0,0,0,0,0,0,0,0,0,0,0.0,0.0,0.0,0.0,0,0,0,0,0,0.00,0.00,0.00,0.00,5.0,,,,4.0,,[],,571,248,571,248,570,248,571,248,0.0,0.0,0.0,0.0,0.0,0.0,184,112,442,163,571,248,369,132,0.0,0.0,0.0,Ipswich Town,Jaden Philogene,25-26
343,True,False,0.0,,172453,0,0,0,0,0,0,3,0.0,,0,Sam,0.0,319,False,Has joined Derby County on loan for the rest of the season,2026-08-17T13:51:41.713979Z,50,172453.jpg,0.0,False,Szmodics,0.1,False,,u,12,40,0,0,0,0,0,0.0,0.0,Szmodics,,104.0,2024-08-16,1995-09-24,False,p172453,0,0,0,0,0,0,0,0,0,0,0,0,0,0.0,0.0,0.0,0.0,0,0,0,0,0,0.00,0.00,0.00,0.00,,,,,,,[],,505,204,501,204,495,203,505,204,0.0,0.0,0.0,0.0,0.0,0.0,247,150,224,38,505,204,474,194,0.0,0.0,0.0,Ipswich Town,Sam Szmodics,25-26
344,True,True,,,147675,0,0,0,0,0,0,4,1.4,,0,Chuba,0.0,320,False,,,50,147675.jpg,0.0,False,Akpom,0.5,False,,a,12,40,0,0,0,0,0,0.0,0.0,Akpom,,241.0,2026-07-01,1995-10-09,False,p147675,0,0,0,0,0,0,0,0,0,0,0,0,0,0.0,0.0,0.0,0.0,0,0,0,0,0,0.00,0.00,0.00,0.00,,,,,,,[],,501,55,497,55,491,55,501,55,0.0,0.0,0.0,0.0,0.0,0.0,238,48,215,13,501,55,256,44,0.0,0.0,0.0,Ipswich Town,Chuba Akpom,25-26
345,True,True,,,557012,0,0,0,0,0,0,4,1.0,,0,Sindre,0.0,321,False,,,45,557012.jpg,0.0,False,Walle Egeli,2.0,False,,a,12,40,0,0,0,0,0,0.0,0.0,Walle Egeli,,161.0,2025-08-29,2006-06-21,False,p557012,0,0,0,0,0,0,0,0,0,0,0,0,0,0.0,0.0,0.0,0.0,0,0,0,0,0,0.00,0.00,0.00,0.00,,,,,,,[],,488,50,484,50,474,50,490,51,0.0,0.0,0.0,0.0,0.0,0.0,498,64,176,6,492,52,129,18,0.0,0.0,0.0,Ipswich Town,Sindre Walle Egeli,25-26
346,True,True,,,462387,0,0,0,0,0,0,4,1.4,,0,Ali,0.0,322,False,,,50,462387.jpg,0.0,False,Al-Hamadi,0.2,False,,a,12,40,0,0,0,0,0,0.0,0.0,Al-Hamadi,Ali Al Hamadi,103.0,2024-01-29,2002-03-01,False,p462387,0,0,0,0,0,0,0,0,0,0,0,0,0,0.0,0.0,0.0,0.0,0,0,0,0,0,0.00,0.00,0.00,0.00,,,,,,,[],,525,59,523,59,520,59,525,59,0.0,0.0,0.0,0.0,0.0,0.0,310,53,287,18,525,59,394,61,0.0,0.0,0.0,Ipswich Town,Ali Al-Hamadi,25-26
347,True,True,,,461587,0,0,0,0,0,0,3,1.0,,0,Kasey,0.0,323,False,,,45,461587.jpg,0.0,False,McAteer,1.4,False,,a,12,40,0,0,0,0,0,0.0,0.0,McAteer,,104.0,2025-08-22,2001-11-22,False,p461587,0,0,0,0,0,0,0,0,0,0,0,0,0,0.0,0.0,0.0,0.0,0,0,0,0,0,0.00,0.00,0.00,0.00,,,,,,,[],,469,190,462,192,448,186,471,191,0.0,0.0,0.0,0.0,0.0,0.0,460,243,138,8,474,193,167,54,0.0,0.0,0.0,Ipswich Town,Kasey McAteer,25-26
348,True,True,,,232457,0,0,0,0,0,0,3,1.5,,0,Anis,0.0,324,False,,,50,232457.jpg,0.0,False,Mehmeti,0.1,False,,a,12,40,0,0,0,0,0,0.0,0.0,Mehmeti,,2.0,2026-01-23,2001-01-09,False,p232457,0,0,0,0,0,0,0,0,0,0,0,0,0,0.0,0.0,0.0,0.0,0,0,0,0,0,0.00,0.00,0.00,0.00,,,,,,,[],,516,210,512,210,509,209,516,210,0.0,0.0,0.0,0.0,0.0,0.0,284,169,261,57,516,210,476,195,0.0,0.0,0.0,Ipswich Town,Anis Mehmeti,25-26
349,True,True,,,546600,0,0,0,0,0,0,1,1.9,,0,Kayne,0.0,554,False,,,45,546600.jpg,0.0,False,van Oevelen,0.1,False,,a,12,40,0,0,0,0,0,0.0,0.0,Van Oevelen,,152.0,2026-07-21,2003-08-07,False,p546600,0,0,0,0,0,0,0,0,0,0,0,0,0,0.0,0.0,0.0,0.0,0,0,0,0,0,0.00,0.00,0.00,0.00,,,,,,,[],,481,60,477,54,467,48,483,60,0.0,0.0,0.0,0.0,0.0,0.0,489,44,167,44,486,60,480,55,0.0,0.0,0.0,Ipswich Town,Kayne van Oevelen,25-26
350,True,True,,,442967,0,0,0,0,0,0,3,2.0,,0,Daizen,0.0,562,False,,,55,442967.jpg,0.0,False,Maeda,0.4,False,,a,12,40,0,0,0,0,0,0.0,0.0,Maeda,,108.0,2026-07-25,1997-10-20,False,p442967,0,0,0,0,0,0,0,0,0,0,0,0,0,0.0,0.0,0.0,0.0,0,0,0,0,0,0.00,0.00,0.00,0.00,,,,,,,[],,566,244,566,244,565,244,566,244,0.0,0.0,0.0,0.0,0.0,0.0,163,102,421,153,566,244,273,88,0.0,0.0,0.0,Ipswich Town,Daizen Maeda,25-26
351,True,True,,,240514,0,0,0,0,0,0,1,1.9,,0,Kjell,0.0,564,False,,,45,240514.jpg,0.0,False,Scherpen,0.5,False,,a,12,40,0,0,0,0,0,0.0,0.0,Scherpen,,152.0,2026-07-28,2000-01-23,False,p240514,0,0,0,0,0,0,0,0,0,0,0,0,0,0.0,0.0,0.0,0.0,0,0,0,0,0,0.00,0.00,0.00,0.00,,,,,,,[],,463,56,455,46,440,38,465,56,0.0,0.0,0.0,0.0,0.0,0.0,443,34,121,34,468,56,262,35,0.0,0.0,0.0,Ipswich Town,Kjell Scherpen,25-26
352,True,True,,,216055,0,0,0,0,0,0,3,1.5,,0,Florentino Ibrain,0.0,571,False,,,50,216055.jpg,0.0,False,Morris Luís,0.1,False,,a,12,40,0,0,0,0,0,0.0,0.0,Florentino,Florentino,173.0,2026-08-04,1999-08-19,False,p216055,0,0,0,0,0,0,0,0,0,0,0,0,0,0.0,0.0,0.0,0.0,0,0,0,0,0,0.00,0.00,0.00,0.00,,,,,,,[],,510,208,506,208,503,207,510,208,0.0,0.0,0.0,0.0,0.0,0.0,270,164,247,52,510,208,432,174,0.0,0.0,0.0,Ipswich Town,Florentino Ibrain Morris Luís,25-26
353,True,True,,,153682,0,0,0,0,0,0,3,2.3,,0,Harry,0.0,260,False,,,65,153682.jpg,4.7,False,Wilson,7.4,False,,a,13,2,168,0,0,0,0,0.0,25.8,Wilson,,244.0,2026-07-08,1997-03-22,False,p153682,2674,10,9,9,38,0,0,0,7,0,0,21,637,707.2,661.1,601.0,196.9,66,82,29,177,32,5.88,4.77,10.65,40.14,2.0,,,,,,[],,46,12,28,27,31,17,24,20,0.2,0.0,0.16,0.36,1.35,1.28,33,21,538,223,20,9,57,20,1.08,0.3,5.96,Leeds United,Harry Wilson,25-26
354,True,True,,,201595,0,0,0,0,0,0,1,1.9,,0,Lucas Estella,0.0,326,False,,,45,201595.jpg,2.7,False,Perri,0.6,False,,a,13,2,43,0,0,0,0,0.0,9.6,Perri,Lucas Perri,30.0,2025-07-26,1997-12-10,False,p201595,1440,0,0,3,29,0,0,0,2,0,38,3,153,322.4,0.0,0.0,32.2,16,100,0,0,16,0.00,0.00,0.00,26.68,,,,,,,[],,192,19,450,44,434,36,284,19,0.0,2.38,0.0,0.0,1.67,1.81,425,32,103,32,203,24,232,30,1.0,0.19,0.0,Leeds United,Lucas Estella Perri,25-26
355,True,True,,,434752,0,0,0,0,0,0,2,2.2,,0,Jaka,0.0,327,False,,,50,434752.jpg,4.0,False,Bijol,0.3,False,,a,13,2,99,0,0,0,0,0.0,19.8,Bijol,,195.0,2025-06-23,1999-02-05,False,p434752,1888,1,3,5,26,0,0,0,4,0,0,6,323,531.8,84.5,243.0,86.0,194,63,25,219,21,0.90,0.75,1.65,31.48,,,,,,,[],,104,46,248,81,120,21,159,55,0.04,0.0,0.04,0.08,1.5,1.24,296,54,273,136,53,21,304,113,1.0,0.24,10.44,Leeds United,Jaka Bijol,25-26
356,True,True,,,214225,0,0,0,0,0,0,2,1.7,,0,Joe,0.0,329,False,,,45,214225.jpg,3.1,False,Rodon,2.4,False,,a,13,2,109,0,0,0,0,0.0,24.2,Rodon,,244.0,2024-07-02,1997-10-22,False,p214225,2952,2,0,6,53,0,0,0,3,0,0,5,373,707.2,137.3,242.0,109.1,237,85,37,274,33,1.40,0.56,1.96,48.54,,,,,,,[],,45,18,210,56,122,22,108,30,0.04,0.0,0.02,0.06,1.48,1.62,428,98,106,69,155,62,116,47,1.01,0.18,8.35,Leeds United,Joe Rodon,25-26
357,True,True,,,226182,0,0,0,0,0,0,2,1.7,,0,Jayden,0.0,330,False,,,45,226182.jpg,2.8,False,Bogle,0.5,False,,a,13,2,96,0,0,0,0,0.0,21.3,Bogle,,241.0,2024-07-20,2000-07-27,False,p226182,2795,1,5,6,44,0,0,0,6,0,0,1,311,436.0,346.1,218.0,100.3,112,133,66,178,32,2.08,3.11,5.19,39.93,,,,,,,[],,139,57,103,25,141,30,128,37,0.07,0.0,0.1,0.17,1.29,1.42,436,105,114,76,190,78,260,98,1.03,0.19,5.73,Leeds United,Jayden Bogle,25-26
358,True,True,0.0,,243526,0,0,0,0,0,0,2,0.0,,0,Gabriel,0.0,331,False,Hamstring injury - Expected back 30 Aug,2026-08-08T20:00:07.546568Z,45,243526.jpg,2.1,False,Gudmundsson,0.2,False,,i,13,2,68,0,0,0,0,0.0,15.1,Gudmundsson,,206.0,2025-07-08,1999-04-29,False,p243526,2637,0,0,5,45,1,0,0,4,1,0,8,286,442.6,363.7,158.0,96.4,119,112,65,184,31,1.10,2.89,3.98,41.06,,,,,,,[],,134,56,93,23,189,51,138,46,0.04,0.0,0.1,0.14,1.4,1.54,447,113,125,84,275,105,386,141,1.06,0.17,6.28,Leeds United,Gabriel Gudmundsson,25-26
359,True,True,,,220627,0,0,0,0,0,0,2,1.7,,0,James,0.0,332,False,,,45,220627.jpg,3.2,False,Justin,0.6,False,,a,13,2,94,0,0,0,0,0.0,20.9,Justin,,241.0,2025-08-25,1998-02-23,False,p220627,1893,2,1,6,26,0,0,0,4,0,0,9,338,469.8,190.9,220.0,88.3,128,70,55,183,21,1.83,1.16,2.99,33.01,,,,,,,[],,124,51,177,43,137,29,151,49,0.09,0.0,0.06,0.15,1.57,1.24,431,101,109,72,140,54,242,92,1.0,0.29,8.7,Leeds United,James Justin,25-26
360,True,True,,,437738,0,0,0,0,0,0,2,1.7,,0,Sebastiaan,0.0,333,False,,,45,437738.jpg,2.1,False,Bornauw,0.0,False,,a,13,2,25,0,0,0,0,0.0,5.6,Bornauw,,21.0,2025-07-01,1999-03-22,False,p437738,429,0,0,2,5,0,0,0,1,0,0,0,73,98.6,6.3,19.0,12.2,41,13,8,49,5,0.20,0.01,0.21,8.71,,,,,,,[],,305,110,352,124,312,110,329,113,0.04,0.0,0.0,0.04,1.83,1.05,455,120,133,91,276,106,553,187,1.05,0.42,10.28,Leeds United,Sebastiaan Bornauw,25-26
361,True,True,,,522047,0,0,0,0,0,0,2,2.2,,0,Tarik,0.0,334,False,,,50,522047.jpg,0.0,False,Muharemović,2.3,False,,a,13,2,0,0,0,0,0,0.0,0.0,Muharemović,,27.0,2026-07-17,2003-02-28,False,p522047,0,0,0,0,0,0,0,0,0,0,0,0,0,0.0,0.0,0.0,0.0,0,0,0,0,0,0.00,0.00,0.00,0.00,,,,,,,[],,542,188,542,188,539,188,542,188,0.0,0.0,0.0,0.0,0.0,0.0,354,72,331,154,542,188,119,49,0.0,0.0,0.0,Leeds United,Tarik Muharemović,25-26
362,True,True,,,466525,0,0,0,0,0,0,3,2.1,,0,Anton,0.0,335,False,,,60,466525.jpg,4.7,False,Stach,1.1,False,,a,13,2,137,0,0,0,0,0.0,22.8,Stach,,80.0,2025-07-22,1998-11-15,False,p466525,2369,5,6,7,36,0,0,0,3,0,0,14,550,650.0,921.4,315.0,188.8,81,120,65,266,28,2.88,4.47,7.35,34.05,1.0,,1.0,,,,[],,62,18,8,8,90,56,26,21,0.11,0.0,0.17,0.28,1.29,1.37,91,58,516,207,19,8,189,65,1.06,0.27,10.11,Leeds United,Anton Stach,25-26
363,True,True,,,435997,0,0,0,0,0,0,3,2.1,,0,Noah,0.0,336,False,,,60,435997.jpg,3.9,False,Okafor,0.6,False,,a,13,2,109,0,0,0,0,0.0,18.2,Okafor,,207.0,2025-08-21,2000-05-24,False,p435997,1553,8,3,6,26,0,0,0,3,0,0,11,354,438.8,275.0,435.0,115.0,29,61,23,113,19,5.25,1.32,6.57,24.54,,,,,,,[],,135,48,131,89,52,31,96,55,0.3,0.0,0.08,0.38,1.42,1.51,79,51,504,200,67,30,240,79,1.1,0.35,6.55,Leeds United,Noah Okafor,25-26
364,True,True,,,427637,0,0,0,0,0,0,3,2.0,,0,Brenden,0.0,337,False,,,55,427637.jpg,3.4,False,Aaronson,0.9,False,,a,13,2,126,0,0,0,0,0.0,22.9,Aaronson,,229.0,2022-07-01,2000-10-22,False,p427637,2449,4,8,9,32,0,0,0,3,0,0,5,446,482.8,486.7,498.0,146.7,36,130,50,216,30,4.53,3.60,8.13,37.07,,,3.0,,,,[],,119,42,51,45,43,26,54,34,0.17,0.0,0.13,0.3,1.36,1.18,154,96,412,147,115,45,198,68,1.1,0.33,7.94,Leeds United,Brenden Aaronson,25-26
365,True,True,,,199598,0,0,0,0,0,0,3,2.0,,0,Ethan,0.0,338,False,,,55,199598.jpg,3.8,False,Ampadu,1.5,False,,a,13,2,134,0,0,0,0,0.0,24.4,Ampadu,,244.0,2023-07-19,2000-09-14,False,p199598,3119,1,4,8,49,0,0,0,10,0,0,11,586,592.2,384.8,166.0,114.7,151,184,81,416,35,2.47,2.20,4.67,48.66,,,,,,,[],,80,26,86,64,181,99,97,56,0.07,0.0,0.06,0.13,1.4,1.41,130,81,388,132,72,32,159,49,1.01,0.23,12.0,Leeds United,Ethan Ampadu,25-26
366,True,True,,,180135,0,0,0,0,0,0,3,1.5,,0,Sean,0.0,339,False,,,50,180135.jpg,2.4,False,Longstaff,0.2,False,,a,13,2,56,0,0,0,0,0.0,11.2,Longstaff,,241.0,2025-07-18,1997-10-30,False,p180135,1003,2,2,1,20,0,0,0,2,0,0,5,273,291.8,403.7,116.0,81.2,29,43,38,110,10,1.23,1.87,3.10,15.88,3.0,,2.0,,,,[],,203,90,74,56,220,120,171,83,0.11,0.0,0.17,0.28,1.42,1.79,250,151,227,39,244,97,389,145,0.9,0.09,9.87,Leeds United,Sean Longstaff,25-26
367,True,True,,,492859,0,0,0,0,0,0,3,1.5,,0,Wilfried,0.0,341,False,,,50,492859.jpg,1.4,False,Gnonto,0.1,False,,a,13,2,32,0,0,0,0,0.0,6.4,Gnonto,,106.0,2022-09-01,2003-11-05,False,p492859,521,0,3,1,14,0,0,0,3,0,0,0,134,85.2,129.3,61.0,27.5,15,26,18,59,4,0.40,0.77,1.17,11.99,,,,,,,[],,313,142,218,135,270,145,294,141,0.07,0.0,0.13,0.2,2.07,2.42,335,195,312,83,336,150,440,177,0.69,0.17,10.19,Leeds United,Wilfried Gnonto,25-26
368,True,False,0.0,,221399,0,0,0,0,0,0,3,0.0,,0,Jack,0.0,342,False,Has joined New England Revolution permanently,2026-07-28T12:59:09.492431Z,50,221399.jpg,1.1,False,Harrison,0.0,False,,u,13,2,12,0,0,0,0,0.0,2.4,Harrison,,241.0,2021-07-02,1996-11-20,False,p221399,262,0,0,0,5,0,0,0,0,0,0,0,51,30.0,49.4,35.0,11.5,6,13,5,24,1,0.28,0.23,0.51,3.82,,,,,,,[],,348,161,285,154,294,153,332,155,0.1,0.0,0.08,0.18,1.31,1.72,273,165,250,53,352,162,579,254,0.34,0.0,8.24,Leeds United,Jack Harrison,25-26
369,True,True,,,200617,0,0,0,0,0,0,3,1.5,,0,Daniel,0.0,343,False,,,50,200617.jpg,1.2,False,James,0.1,False,,a,13,2,23,0,0,0,0,0.0,4.6,James,,244.0,2021-08-31,1997-11-10,False,p200617,547,0,0,1,16,0,0,0,0,0,0,0,93,70.8,133.1,133.0,33.9,9,19,7,35,6,0.91,0.71,1.62,14.39,,,,,,,[],,321,146,214,133,203,113,281,137,0.15,0.0,0.12,0.27,2.37,2.63,253,154,230,42,348,160,421,166,0.99,0.16,5.76,Leeds United,Daniel James,25-26
370,True,True,0.0,,486520,0,0,0,0,0,0,3,0.0,,0,Ilia,0.0,344,False,Knee injury - Unknown return date,2026-08-14T23:00:06.272027Z,50,486520.jpg,2.4,False,Gruev,0.0,False,,i,13,2,56,0,0,0,0,0.0,11.2,Gruev,,34.0,2023-08-31,2000-05-06,False,p486520,1318,0,4,5,23,0,0,0,3,0,0,3,245,199.4,171.0,64.0,43.2,40,51,23,114,15,0.49,0.86,1.35,25.27,,,,,,,[],,252,114,186,122,266,142,263,126,0.03,0.0,0.06,0.09,1.73,1.57,325,189,302,77,247,100,567,245,1.02,0.34,7.78,Leeds United,Ilia Gruev,25-26
371,True,True,,,248056,0,0,0,0,0,0,3,1.5,,0,Tanaka,0.0,345,False,,,50,248056.jpg,2.4,False,Ao,0.3,False,,a,13,2,67,0,0,0,0,0.0,13.4,Tanaka,,108.0,2024-08-30,1998-09-10,False,p248056,1307,2,1,3,22,0,0,0,1,0,0,4,288,224.2,307.6,104.0,63.6,38,82,27,147,14,1.44,1.39,2.83,21.49,4.0,,,,,,[],,236,106,120,83,228,123,214,109,0.1,0.0,0.1,0.2,1.48,1.51,291,174,268,62,246,99,325,112,0.96,0.21,10.12,Leeds United,Tanaka Ao,25-26
372,True,True,,,177815,0,0,0,0,0,0,4,2.0,,0,Dominic,0.0,346,False,,,60,177815.jpg,4.1,False,Calvert-Lewin,26.5,False,,a,13,2,142,0,0,0,0,0.0,23.7,Calvert-Lewin,,241.0,2025-08-15,1997-03-16,False,p177815,2721,14,2,8,34,0,0,1,3,0,0,20,472,619.6,311.1,1026.0,194.7,49,46,10,105,30,15.57,1.06,16.62,35.74,,,,,1.0,,[],,69,5,117,8,5,4,25,5,0.51,0.0,0.04,0.55,1.18,1.12,63,16,488,47,47,6,10,3,0.99,0.26,3.47,Leeds United,Dominic Calvert-Lewin,25-26
373,True,True,,,174594,0,0,0,0,0,0,4,1.8,,0,Lukas,0.0,347,False,,,55,174594.jpg,2.4,False,Nmecha,0.6,False,,a,13,2,73,0,0,0,0,0.0,13.3,Nmecha,,80.0,2025-07-01,1998-12-14,False,p174594,1065,6,1,3,23,0,0,1,0,0,0,8,268,290.4,153.5,434.0,87.8,15,30,12,57,10,7.25,1.58,8.83,21.84,,,,,2.0,,[],,207,19,202,22,54,20,152,20,0.61,0.0,0.13,0.74,1.85,1.94,123,32,381,28,250,26,238,41,0.85,0.25,4.82,Leeds United,Lukas Nmecha,25-26
374,True,True,,,235826,0,0,0,0,0,0,4,1.4,,0,Joël,0.0,348,False,,,50,235826.jpg,1.1,False,Piroe,0.5,False,,a,13,2,17,0,0,0,0,0.0,3.4,Piroe,,203.0,2023-08-24,1999-08-02,False,p235826,244,0,0,1,9,0,0,0,0,0,0,0,42,13.6,38.1,120.0,16.5,2,10,2,14,2,0.90,0.13,1.03,6.81,,,,,3.0,,[],,362,40,300,38,216,37,319,39,0.33,0.0,0.05,0.38,2.51,3.32,287,52,264,17,353,41,254,43,0.74,0.37,5.16,Leeds United,Joël Piroe,25-26
375,True,True,0.0,,565297,0,0,0,0,0,0,4,0.0,,0,Mateo,0.0,349,False,Knee injury - Unknown return date,2026-07-29T18:00:10.338170Z,45,565297.jpg,0.0,False,Joseph Fernández-Regatillo,0.1,False,,i,13,2,0,0,0,0,0,0.0,0.0,Mateo Joseph,,200.0,2022-11-04,2003-10-19,False,p565297,0,0,0,0,0,0,0,0,0,0,0,0,0,0.0,0.0,0.0,0.0,0,0,0,0,0,0.00,0.00,0.00,0.00,,,,,,,[],,489,51,485,51,475,51,491,52,0.0,0.0,0.0,0.0,0.0,0.0,499,65,177,7,493,53,406,63,0.0,0.0,0.0,Leeds United,Mateo Joseph Fernández-Regatillo,25-26
376,True,True,,,432720,0,0,0,0,0,0,1,2.6,,0,James,0.0,385,False,,,50,432720.jpg,3.2,False,Trafford,2.7,False,,a,13,2,13,0,0,0,0,0.0,2.6,Trafford,,241.0,2026-08-06,2002-10-10,False,p432720,360,0,0,1,6,0,0,0,0,0,14,0,67,118.0,0.0,0.0,11.9,6,35,2,0,4,0.00,0.00,0.00,5.74,,,,,,,[],,295,23,515,61,512,59,331,23,0.0,3.5,0.0,0.0,1.44,1.5,295,14,272,56,147,20,109,18,1.0,0.25,0.0,Leeds United,James Trafford,25-26
377,True,True,,,116535,0,0,0,0,0,0,1,3.3,,0,Alisson,0.0,350,False,,,55,116535.jpg,3.5,False,Becker,3.9,False,,a,14,14,91,0,0,0,0,0.0,16.5,A.Becker,Alisson Becker,30.0,2018-07-19,1992-10-02,False,p116535,2340,0,0,8,31,0,0,0,1,0,57,8,389,479.8,0.1,0.0,47.8,37,229,0,0,26,0.00,0.03,0.03,29.58,,,,,,,[],,120,18,377,13,557,65,250,18,0.0,2.19,0.0,0.0,1.14,1.19,116,3,374,64,104,11,85,13,1.0,0.31,0.0,Liverpool,Alisson Becker,25-26
378,True,True,,,449027,0,0,0,0,0,0,1,2.6,,0,Giorgi,0.0,351,False,,,50,449027.jpg,3.4,False,Mamardashvili,0.2,False,,a,14,14,34,0,0,0,0,0.0,6.8,Mamardashvili,,79.0,2024-08-27,2000-09-29,False,p449027,867,0,0,2,18,0,1,0,0,0,34,2,139,275.6,0.0,0.0,27.5,10,76,1,0,10,0.00,0.00,0.00,13.29,,,,,,,[],,215,20,520,63,517,61,293,20,0.0,3.53,0.0,0.0,1.38,1.87,304,16,281,58,112,14,382,41,1.04,0.21,0.0,Liverpool,Giorgi Mamardashvili,25-26
379,True,True,,,155503,0,0,0,0,0,0,1,1.0,,0,Freddie,0.0,352,False,,,40,155503.jpg,2.0,False,Woodman,1.1,False,,a,14,14,6,0,0,0,0,0.0,1.5,Woodman,,241.0,2025-07-01,1997-03-04,False,p155503,212,0,0,0,4,0,0,0,0,0,9,0,34,83.8,0.0,0.0,8.4,4,22,0,0,2,0.00,0.00,0.00,4.76,,,,,,,[],,314,25,388,21,369,12,344,25,0.0,3.82,0.0,0.0,2.02,1.7,534,54,13,8,281,27,181,27,0.85,0.0,0.0,Liverpool,Freddie Woodman,25-26
380,True,True,,,586268,0,0,0,0,0,0,1,1.0,,0,Armin,0.0,353,False,,,40,586268.jpg,0.0,False,Pecsi,0.1,False,,a,14,14,0,0,0,0,0,0.0,0.0,Pecsi,,,,,False,p586268,0,0,0,0,0,0,0,0,0,0,0,0,0,0.0,0.0,0.0,0.0,0,0,0,0,0,0.00,0.00,0.00,0.00,,,,,,,[],,446,49,432,33,414,24,448,49,0.0,0.0,0.0,0.0,0.0,0.0,583,66,62,20,451,49,443,50,0.0,0.0,0.0,Liverpool,Armin Pecsi,25-26
381,True,True,0.0,,432987,0,0,0,0,0,0,1,0.0,,0,Vitezslav,0.0,354,False,Knee injury - Unknown return date,2026-07-29T18:00:10.351066Z,40,432987.jpg,0.0,False,Jaros,0.0,False,,i,14,14,0,0,0,0,0,0.0,0.0,Jaros,,57.0,2019-07-10,2001-07-23,False,p432987,0,0,0,0,0,0,0,0,0,0,0,0,0,0.0,0.0,0.0,0.0,0,0,0,0,0,0.00,0.00,0.00,0.00,,,,,,,[],https://www.liverpoolfc.com/news/ajax-issue-vitezslav-jaros-injury-update,420,42,405,26,386,17,422,42,0.0,0.0,0.0,0.0,0.0,0.0,553,59,32,13,426,42,537,64,0.0,0.0,0.0,Liverpool,Vitezslav Jaros,25-26
382,True,True,,,464353,0,0,0,0,0,0,1,1.0,,0,Harvey,0.0,355,False,,,40,464353.jpg,0.0,False,Davies,0.1,False,,a,14,14,0,0,0,0,0,0.0,0.0,Davies,,241.0,2021-03-09,2003-09-03,False,p464353,0,0,0,0,0,0,0,0,0,0,0,0,0,0.0,0.0,0.0,0.0,0,0,0,0,0,0.00,0.00,0.00,0.00,,,,,,,[],,430,45,415,29,396,20,432,45,0.0,0.0,0.0,0.0,0.0,0.0,563,62,42,16,436,45,420,46,0.0,0.0,0.0,Liverpool,Harvey Davies,25-26
383,True,True,,,97032,0,0,0,0,0,0,2,3.1,,0,Virgil,0.0,356,False,,,65,97032.jpg,4.6,False,van Dijk,17.6,False,,a,14,14,175,0,0,0,0,0.0,26.9,Virgil,,152.0,2018-01-01,1991-07-08,False,p97032,3420,6,1,10,53,0,0,0,4,0,0,10,593,1169.4,215.9,490.0,187.6,329,87,23,352,38,3.77,1.44,5.21,47.63,,,,,,,[],,3,1,154,38,44,2,27,1,0.1,0.0,0.04,0.14,1.25,1.39,31,2,536,191,24,9,22,8,1.0,0.26,9.26,Liverpool,Virgil van Dijk,25-26
384,True,True,,,216094,0,0,0,0,0,0,2,2.5,,0,Jeremie,0.0,357,False,,,55,216094.jpg,3.0,False,Frimpong,3.1,False,,a,14,14,63,0,0,0,0,0.0,11.5,Frimpong,,152.0,2025-06-01,2000-12-10,False,p216094,1032,0,5,5,13,0,0,0,1,0,0,1,237,133.2,244.6,186.0,56.5,19,52,11,30,12,0.50,1.55,2.05,12.97,,,,,,,[],,287,103,139,33,166,46,231,72,0.04,0.0,0.14,0.18,1.13,1.13,141,15,399,165,172,72,98,36,1.05,0.44,2.62,Liverpool,Jeremie Frimpong,25-26
385,True,True,,,544877,0,0,0,0,0,0,2,2.5,,0,Milos,0.0,358,False,,,55,544877.jpg,2.5,False,Kerkez,4.5,False,,a,14,14,85,0,0,0,0,0.0,15.5,Kerkez,,98.0,2025-06-26,2003-11-07,False,p544877,2251,2,1,6,37,0,0,0,4,0,0,4,357,434.6,415.8,141.0,99.4,93,88,41,134,27,1.50,0.69,2.19,30.10,,,,,,,[],,141,58,69,16,197,54,131,40,0.06,0.0,0.03,0.09,1.2,1.48,203,30,461,180,237,97,79,30,1.08,0.24,5.36,Liverpool,Milos Kerkez,25-26
386,True,True,0.0,,171287,0,0,0,0,0,0,2,0.0,,0,Joe,0.0,359,False,Muscular injury - Unknown return date,2026-07-26T08:30:10.078473Z,50,171287.jpg,1.6,False,Gomez,0.0,False,,i,14,14,33,0,0,0,0,0.0,6.6,Gomez,,241.0,2015-06-20,1997-05-23,False,p171287,594,0,2,2,14,0,0,0,4,0,0,2,94,122.8,77.8,31.0,23.2,36,20,10,46,7,0.28,0.64,0.92,9.31,,,,,,,[],https://www.liverpoolfc.com/news/andoni-iraola-pre-season-win-over-sunderland-it-will-give-us-good-starting-point,291,105,259,86,298,101,305,104,0.04,0.0,0.1,0.14,1.41,2.12,246,40,223,122,321,117,513,172,1.06,0.3,6.97,Liverpool,Joe Gomez,25-26
387,True,True,0.0,,492777,0,0,0,0,0,0,2,0.0,,0,Conor,0.0,360,False,Knee injury - Unknown return date,2026-07-23T12:01:23.565711Z,50,492777.jpg,2.8,False,Bradley,0.0,False,,i,14,14,42,0,0,0,0,0.0,8.4,Bradley,,242.0,2023-09-25,2003-07-09,False,p492777,928,0,2,4,13,0,0,0,5,0,0,2,157,157.4,105.2,62.0,32.3,46,43,19,65,12,0.18,0.84,1.02,10.77,,,,,,,[],,271,100,237,75,268,85,283,94,0.02,0.0,0.08,0.1,1.04,1.26,334,68,311,150,195,83,574,192,1.16,0.39,6.3,Liverpool,Conor Bradley,25-26
388,True,True,,,519440,0,0,0,0,0,0,2,1.0,,0,Wellity,0.0,361,False,,,40,519440.jpg,0.0,False,Lucky,0.1,False,,a,14,14,0,0,0,0,0,0.0,0.0,Lucky,,,,,False,p519440,0,0,0,0,0,0,0,0,0,0,0,0,0,0.0,0.0,0.0,0.0,0,0,0,0,0,0.00,0.00,0.00,0.00,,,,,,,[],,440,162,425,161,406,157,442,162,0.0,0.0,0.0,0.0,0.0,0.0,573,178,52,33,445,162,409,145,0.0,0.0,0.0,Liverpool,Wellity Lucky,25-26
389,True,True,100.0,,606702,0,0,0,0,0,0,2,2.2,,0,Jeremy,0.0,362,False,,2026-07-23T12:01:23.581126Z,50,606702.jpg,0.0,False,Jacquet,1.8,False,,a,14,14,0,0,0,0,0,0.0,0.0,Jacquet,,73.0,2026-07-01,2005-07-13,False,p606702,0,0,0,0,0,0,0,0,0,0,0,0,0,0.0,0.0,0.0,0.0,0,0,0,0,0,0.00,0.00,0.00,0.00,,,,,,,[],,550,190,550,190,548,190,550,190,0.0,0.0,0.0,0.0,0.0,0.0,376,75,353,157,550,190,138,58,0.0,0.0,0.0,Liverpool,Jeremy Jacquet,25-26
390,True,True,0.0,,647681,0,0,0,0,0,0,2,0.0,,0,Giovanni,0.0,363,False,Knee injury - Unknown return date,2026-07-23T12:01:23.596909Z,40,647681.jpg,0.0,False,Leoni,0.1,False,,i,14,14,0,0,0,0,0,0.0,0.0,Leoni,,106.0,2025-08-15,2006-12-21,False,p647681,0,0,0,0,0,0,0,0,0,0,0,0,0,0.0,0.0,0.0,0.0,0,0,0,0,0,0.00,0.00,0.00,0.00,,,,,,,[],https://www.liverpoolfc.com/news/liverpools-injury-list-suspensions-and-availability?utm_source=premier-league-web&utm_medium=referral&utm_campaign=pl-referral-always-on&utm_term=injuries&utm_content=club-injury-article,449,170,435,170,418,168,451,170,0.0,0.0,0.0,0.0,0.0,0.0,589,193,68,48,454,170,482,163,0.0,0.0,0.0,Liverpool,Giovanni Leoni,25-26
391,True,True,,,214285,0,0,0,0,0,0,2,2.2,,0,Kostas,0.0,364,False,,,50,214285.jpg,0.0,False,Tsimikas,0.1,False,,a,14,14,0,0,0,0,0,0.0,0.0,Tsimikas,,83.0,2020-08-10,1996-05-12,False,p214285,0,0,0,0,0,0,0,0,0,0,0,0,0,0.0,0.0,0.0,0.0,0,0,0,0,0,0.00,0.00,0.00,0.00,,,,,,,[],,509,184,505,184,501,184,509,184,0.0,0.0,0.0,0.0,0.0,0.0,266,44,243,126,509,184,444,151,0.0,0.0,0.0,Liverpool,Kostas Tsimikas,25-26
392,True,True,,,489580,0,0,0,0,0,0,2,1.0,,0,Calvin,0.0,365,False,,,40,489580.jpg,0.0,False,Ramsay,0.2,False,,a,14,14,0,0,0,0,0,0.0,0.0,Ramsay,,243.0,2022-06-19,2003-07-31,False,p489580,0,0,0,0,0,0,0,0,0,0,0,0,0,0.0,0.0,0.0,0.0,0,0,0,0,0,0.00,0.00,0.00,0.00,,,,,,,[],,434,158,419,157,400,153,436,158,0.0,0.0,0.0,0.0,0.0,0.0,567,174,46,29,440,159,338,125,0.0,0.0,0.0,Liverpool,Calvin Ramsay,25-26
393,True,True,,,494595,0,0,0,0,0,0,3,2.6,,0,Florian,0.0,366,False,,,75,494595.jpg,3.8,False,Wirtz,14.7,False,,a,14,14,125,0,0,0,0,0.0,16.7,Wirtz,,80.0,2025-06-20,2003-05-03,False,p494595,2374,5,4,10,32,0,0,0,1,0,0,17,521,526.4,908.2,665.0,210.0,26,116,34,176,27,6.83,5.14,11.96,33.99,3.0,,2.0,,4.0,,[],,107,35,10,10,25,12,16,12,0.26,0.0,0.19,0.45,1.29,1.21,20,12,576,252,75,34,29,8,1.02,0.38,6.67,Liverpool,Florian Wirtz,25-26
394,True,True,,,243298,0,0,0,0,0,0,3,2.5,,0,Cody,0.0,367,False,,,70,243298.jpg,3.6,False,Gakpo,3.6,False,,a,14,14,131,0,0,0,0,0.0,18.7,Gakpo,,152.0,2023-01-01,1999-05-07,False,p243298,2736,7,5,10,39,0,0,0,3,0,0,5,449,540.4,714.7,831.0,208.4,37,87,28,152,32,8.35,4.67,13.02,34.94,2.0,,,,3.0,,[],,97,29,23,22,10,5,18,14,0.27,0.0,0.15,0.42,1.15,1.28,26,17,564,245,96,41,89,30,1.05,0.33,5.0,Liverpool,Cody Gakpo,25-26
395,True,True,,,424876,0,0,0,0,0,0,3,2.5,,0,Dominik,0.0,368,False,,,70,424876.jpg,4.4,False,Szoboszlai,41.3,False,,a,14,14,160,0,0,0,0,0.0,22.9,Szoboszlai,,98.0,2023-07-02,2000-10-25,False,p424876,3232,6,7,9,52,0,0,1,8,1,0,21,780,867.8,1324.6,417.0,260.9,96,186,56,338,36,4.76,6.83,11.59,45.63,1.0,,1.0,,2.0,,[],,18,5,2,2,58,34,4,3,0.13,0.0,0.19,0.32,1.27,1.45,27,18,565,246,35,14,4,2,1.0,0.25,9.41,Liverpool,Dominik Szoboszlai,25-26
396,True,True,,,611922,0,0,0,0,0,0,3,2.1,,0,Rio,0.0,369,False,,,60,611922.jpg,2.3,False,Ngumoha,1.3,False,,a,14,14,43,0,0,0,0,0.0,7.2,Ngumoha,,241.0,2024-12-17,2008-08-29,False,p611922,547,2,1,2,12,0,0,0,0,0,0,4,188,176.0,222.8,203.0,60.1,7,19,4,30,5,1.34,2.01,3.35,8.92,,,,,,,[],,260,118,151,102,152,83,222,112,0.22,0.0,0.33,0.55,1.47,1.97,109,71,534,220,261,109,172,57,0.82,0.33,4.94,Liverpool,Rio Ngumoha,25-26
397,True,True,,,223541,0,0,0,0,0,0,3,2.0,,0,Federico,0.0,370,False,,,55,223541.jpg,1.4,False,Chiesa,0.2,False,,a,14,14,37,0,0,0,0,0.0,6.7,Chiesa,,106.0,2024-08-29,1997-10-25,False,p223541,317,2,1,0,9,0,0,0,3,0,0,0,135,122.0,47.5,182.0,34.9,13,9,8,30,1,1.45,0.61,2.06,6.50,,,,,,,[],,292,135,287,155,172,91,278,136,0.41,0.0,0.17,0.58,1.85,2.56,143,89,401,140,340,154,384,142,0.28,0.0,8.52,Liverpool,Federico Chiesa,25-26
398,True,True,,,441266,0,0,0,0,0,0,3,2.1,,0,Ryan,0.0,371,False,,,60,441266.jpg,4.0,False,Gravenberch,2.0,False,,a,14,14,144,0,0,0,0,0.0,24.0,Gravenberch,,152.0,2023-09-01,2002-05-16,False,p441266,2991,5,5,9,42,0,0,0,5,0,0,17,671,687.0,497.2,220.0,140.1,112,127,59,298,34,1.89,2.26,4.15,38.41,,,,,,,[],,50,13,50,44,140,80,58,37,0.06,0.0,0.07,0.13,1.16,1.26,83,53,508,202,59,26,131,40,1.02,0.27,8.97,Liverpool,Ryan Gravenberch,25-26
399,True,True,,,243016,0,0,0,0,0,0,3,2.0,,0,Alexis,0.0,372,False,,,55,243016.jpg,2.9,False,Mac Allister,1.8,False,,a,14,14,108,0,0,0,0,0.0,19.6,Mac Allister,,10.0,2023-06-14,1998-12-24,False,p243016,2654,2,5,7,41,0,0,0,7,0,0,9,490,475.4,562.2,365.0,139.9,64,112,53,229,31,3.89,1.69,5.58,36.97,,,,,5.0,,[],,123,44,40,37,73,44,59,38,0.13,0.0,0.06,0.19,1.25,1.39,149,93,407,144,184,69,139,41,1.05,0.24,7.77,Liverpool,Alexis Mac Allister,25-26
400,True,True,75.0,,206915,0,0,0,0,0,0,3,1.5,,0,Curtis,0.0,373,False,Hip injury - 75% chance of playing,2026-08-16T18:30:07.426408Z,55,206915.jpg,2.4,False,Jones,0.1,False,,d,14,14,81,0,0,0,0,0.0,14.7,C.Jones,,241.0,2018-04-06,2001-01-30,False,p206915,1923,1,3,3,37,0,0,0,2,0,0,6,447,407.4,412.1,227.0,104.6,53,144,40,237,18,2.21,2.77,4.98,31.44,,,,,,,[],https://www.liverpoolfc.com/news/andoni-iraola-reaction-liverpool-2-3-monaco-fitness-update-anfield-reception-and-more,149,57,72,54,134,77,119,67,0.1,0.0,0.13,0.23,1.47,1.73,136,84,394,135,251,103,396,149,0.84,0.14,11.09,Liverpool,Curtis Jones,25-26
401,True,True,100.0,,158983,0,0,0,0,0,0,3,1.5,,0,Endo,0.0,374,False,,2026-07-23T12:01:23.612529Z,50,158983.jpg,1.5,False,Wataru,0.0,False,,a,14,14,12,0,0,0,0,0.0,2.4,Endo,,108.0,2023-08-18,1993-02-09,False,p158983,170,0,1,1,5,0,0,0,1,0,0,0,49,56.0,18.1,6.0,8.0,13,3,7,23,1,0.04,0.05,0.09,4.11,,,,,,,[],,333,149,325,166,335,170,346,163,0.02,0.0,0.03,0.05,2.18,2.65,244,148,221,36,330,146,523,219,0.53,0.53,12.18,Liverpool,Endo Wataru,25-26
402,True,True,,,591386,0,0,0,0,0,0,3,1.5,,0,Trey,0.0,375,False,,,50,591386.jpg,1.0,False,Nyoni,0.1,False,,a,14,14,6,0,0,0,0,0.0,1.2,Nyoni,,241.0,2023-11-11,2007-06-30,False,p591386,21,0,0,0,1,0,0,0,0,0,0,0,11,4.2,13.4,4.0,2.1,0,4,1,5,0,0.37,0.02,0.39,0.85,,,,,,,[],,378,175,333,169,344,176,372,172,1.59,0.0,0.09,1.68,3.64,4.29,375,224,352,112,383,179,493,205,0.0,0.0,21.43,Liverpool,Trey Nyoni,25-26
403,True,True,0.0,,535928,0,0,0,0,0,0,3,0.0,,0,Stefan,0.0,376,False,Hamstring injury - Expected back 23 Aug,2026-07-23T12:01:23.628373Z,50,535928.jpg,0.0,False,Bajčetić Maquieira,0.0,False,,i,14,14,0,0,0,0,0,0.0,0.0,Bajcetic,,200.0,2022-07-11,2004-10-22,False,p535928,0,0,0,0,0,0,0,0,0,0,0,0,0,0.0,0.0,0.0,0.0,0,0,0,0,0,0.00,0.00,0.00,0.00,,,,,,,[],https://www.liverpoolfc.com/news/liverpools-injury-list-suspensions-and-availability?utm_source=premier-league-web&utm_medium=referral&utm_campaign=pl-referral-always-on&utm_term=injuries&utm_content=club-injury-article,543,228,543,228,540,227,543,228,0.0,0.0,0.0,0.0,0.0,0.0,358,210,335,98,543,228,586,258,0.0,0.0,0.0,Liverpool,Stefan Bajčetić Maquieira,25-26
404,True,True,,,551499,0,0,0,0,0,0,3,2.3,,0,Victor,0.0,377,False,,,65,551499.jpg,0.0,False,Munoz,0.7,False,,a,14,14,0,0,0,0,0,0.0,0.0,Munoz,,200.0,2026-06-18,2003-07-13,False,p551499,0,0,0,0,0,0,0,0,0,0,0,0,0,0.0,0.0,0.0,0.0,0,0,0,0,0,0.00,0.00,0.00,0.00,,,,,,,[],,589,259,589,259,589,259,589,259,0.0,0.0,0.0,0.0,0.0,0.0,54,38,559,240,589,259,224,75,0.0,0.0,0.0,Liverpool,Victor Munoz,25-26
405,True,True,,,491501,0,0,0,0,0,0,3,1.0,,0,James,0.0,378,False,,,45,491501.jpg,0.0,False,McConnell,0.2,False,,a,14,14,0,0,0,0,0,0.0,0.0,McConnell,,241.0,2023-07-18,2004-09-13,False,p491501,0,0,0,0,0,0,0,0,0,0,0,0,0,0.0,0.0,0.0,0.0,0,0,0,0,0,0.00,0.00,0.00,0.00,,,,,,,[],,474,193,468,195,455,189,476,194,0.0,0.0,0.0,0.0,0.0,0.0,475,247,153,12,479,196,337,118,0.0,0.0,0.0,Liverpool,James McConnell,25-26
406,True,True,,,219168,0,0,0,0,0,0,4,2.7,,0,Alexander,0.0,379,False,,,90,219168.jpg,2.9,False,Isak,14.9,False,,a,14,14,41,0,0,0,0,0.0,4.6,Isak,,206.0,2025-09-01,1999-09-21,False,p219168,694,3,1,1,9,0,0,0,0,0,0,4,140,146.4,39.2,191.0,36.9,10,13,7,30,8,2.59,0.08,2.67,8.38,,,,,1.0,,[],,277,28,299,37,162,33,273,34,0.34,0.0,0.01,0.35,1.09,1.17,5,2,586,69,188,18,27,6,1.04,0.13,3.89,Liverpool,Alexander Isak,25-26
407,True,True,0.0,,510663,0,0,0,0,0,0,4,0.0,,0,Hugo,0.0,380,False,Achilles injury - Unknown return date,2026-07-23T12:01:23.643771Z,75,510663.jpg,4.5,False,Ekitiké,0.2,False,,i,14,14,125,0,0,0,0,0.0,16.7,Ekitiké,,73.0,2025-07-23,2002-06-20,False,p510663,1797,11,4,7,25,0,0,0,0,0,0,22,433,525.8,307.2,739.0,156.2,32,42,11,85,21,10.10,2.45,12.55,26.11,,,,,,,[],,109,10,121,10,21,12,47,9,0.51,0.0,0.12,0.63,1.31,1.25,21,8,577,66,28,4,352,59,1.05,0.35,4.26,Liverpool,Hugo Ekitiké,25-26
408,True,True,,,514514,0,0,0,0,0,0,3,1.5,,0,Lewis,0.0,381,False,,,50,514514.jpg,0.0,False,Koumas,0.0,False,,a,14,14,0,0,0,0,0,0.0,0.0,Koumas,,244.0,2023-07-18,2005-09-19,False,p514514,0,0,0,0,0,0,0,0,0,0,0,0,0,0.0,0.0,0.0,0.0,0,0,0,0,0,0.00,0.00,0.00,0.00,,,,,,,[],,541,227,541,227,538,226,541,227,0.0,0.0,0.0,0.0,0.0,0.0,352,205,329,93,541,227,551,233,0.0,0.0,0.0,Liverpool,Lewis Koumas,25-26
409,True,True,0.0,,500058,0,0,0,0,0,0,4,0.0,,0,Jayden,0.0,382,False,Unspecified injury - Unknown return date,2026-07-23T12:01:23.659279Z,45,500058.jpg,0.0,False,Danns,0.0,False,,i,14,14,0,0,0,0,0,0.0,0.0,Danns,,,,,False,p500058,0,0,0,0,0,0,0,0,0,0,0,0,0,0.0,0.0,0.0,0.0,0,0,0,0,0,0.00,0.00,0.00,0.00,,,,,,,[],https://www.liverpoolfc.com/news/andoni-iraola-interview-pre-season-implementing-his-style-and-fitness-update,477,46,471,46,459,46,479,47,0.0,0.0,0.0,0.0,0.0,0.0,479,60,157,2,482,48,514,67,0.0,0.0,0.0,Liverpool,Jayden Danns,25-26
410,True,True,,,444884,0,0,0,0,0,0,3,2.0,,0,Harvey,0.0,383,False,,,55,444884.jpg,1.0,False,Elliott,0.1,False,,a,14,14,5,0,0,0,0,0.0,0.9,Elliott,,241.0,2019-07-28,2003-04-04,False,p444884,110,0,0,0,2,0,0,0,0,0,0,0,17,11.8,31.7,31.0,7.4,2,4,0,6,1,0.29,0.08,0.37,1.74,,,,,,,[],,368,168,309,162,299,155,352,165,0.24,0.0,0.07,0.31,1.42,1.64,165,104,423,155,387,183,447,181,0.82,0.0,4.91,Liverpool,Harvey Elliott,25-26
411,True,True,,,445087,0,0,0,0,0,0,2,2.5,,0,Ronald,0.0,579,False,,,55,445087.jpg,0.0,False,Araujo,1.3,False,,a,14,14,0,0,0,0,0,0.0,0.0,Araujo,,230.0,2026-08-10,1999-03-07,False,p445087,0,0,0,0,0,0,0,0,0,0,0,0,0,0.0,0.0,0.0,0.0,0,0,0,0,0,0.00,0.00,0.00,0.00,,,,,,,[],,568,192,568,192,567,192,568,192,0.0,0.0,0.0,0.0,0.0,0.0,166,21,424,171,568,192,174,65,0.0,0.0,0.0,Liverpool,Ronald Araujo,25-26
412,True,True,100.0,,114283,0,0,0,0,0,0,3,2.3,,0,Jack,0.0,238,False,,2026-07-29T10:00:10.492904Z,65,114283.jpg,4.0,False,Grealish,0.1,False,,a,15,43,79,0,0,0,0,0.0,12.2,Grealish,,241.0,2021-08-05,1995-09-10,False,p114283,1627,2,6,7,23,0,0,0,3,1,0,12,356,374.2,520.5,397.0,129.2,27,88,20,135,18,2.05,3.37,5.41,25.81,,,,,,,[],,162,64,46,42,68,41,75,46,0.11,0.0,0.19,0.3,1.43,1.27,32,20,537,222,60,27,418,164,1.0,0.39,7.47,Manchester City,Jack Grealish,25-26
413,True,True,,,204936,0,0,0,0,0,0,1,3.3,,0,Gianluigi,0.0,384,False,,,55,204936.jpg,4.0,False,Donnarumma,10.1,False,,a,15,43,135,0,0,0,0,0.0,24.5,Donnarumma,,106.0,2025-09-01,1999-02-25,False,p204936,3060,0,0,15,29,0,1,0,8,0,78,5,567,666.6,10.3,2.0,68.0,42,236,0,0,34,0.00,0.13,0.13,38.50,,,,,,,[],,56,14,338,7,358,4,204,14,0.0,2.29,0.0,0.0,1.13,0.85,134,4,392,65,55,4,45,6,1.0,0.44,0.0,Manchester City,Gianluigi Donnarumma,25-26
414,True,True,,,122074,0,0,0,0,0,0,1,1.9,,0,Marcus,0.0,386,False,,,45,122074.jpg,0.0,False,Bettinelli,0.0,False,,a,15,43,0,0,0,0,0,0.0,0.0,Bettinelli,,241.0,2025-06-10,1992-05-24,False,p122074,0,0,0,0,0,0,0,0,0,0,0,0,0,0.0,0.0,0.0,0.0,0,0,0,0,0,0.00,0.00,0.00,0.00,,,,,,,[],,457,54,447,42,430,33,459,54,0.0,0.0,0.0,0.0,0.0,0.0,408,29,86,29,462,54,522,63,0.0,0.0,0.0,Manchester City,Marcus Bettinelli,25-26
415,True,True,,,472769,0,0,0,0,0,0,2,3.1,,0,Nico,0.0,387,False,,,65,472769.jpg,4.7,False,O'Reilly,21.6,False,,a,15,43,160,0,0,0,0,0.0,24.6,O'Reilly,,241.0,2022-12-16,2005-03-21,False,p472769,2643,5,4,14,25,0,0,0,5,0,0,10,567,653.8,413.9,573.0,164.1,105,108,67,172,29,6.12,2.67,8.79,34.97,,,,,,,[],,61,26,70,17,36,1,40,6,0.21,0.0,0.09,0.3,1.19,0.85,49,4,554,193,22,7,15,5,0.99,0.48,5.86,Manchester City,Nico O'Reilly,25-26
416,True,True,,,209036,0,0,0,0,0,0,2,2.8,,0,Marc,0.0,388,False,,,60,209036.jpg,5.1,False,Guéhi,20.8,False,,a,15,43,179,0,0,0,0,0.0,29.8,Guéhi,,241.0,2026-01-19,2000-07-13,False,p209036,3150,3,5,14,35,0,0,0,6,0,0,14,688,901.6,304.6,402.0,160.9,232,139,46,278,35,4.05,2.37,6.42,44.58,,,,,,,[],,13,5,125,29,65,6,44,8,0.12,0.0,0.07,0.19,1.27,1.0,69,6,494,186,8,2,16,6,1.0,0.4,7.94,Manchester City,Marc Guéhi,25-26
417,True,True,75.0,,465351,0,0,0,0,0,0,2,2.1,,0,Matheus,0.0,389,False,Knock - 75% chance of playing,2026-08-16T18:30:07.457097Z,60,465351.jpg,4.5,False,Nunes,3.7,False,,d,15,43,154,0,0,0,0,0.0,25.7,Matheus N.,Matheus Nunes,173.0,2023-09-01,1998-08-27,False,p465351,2861,1,8,12,28,0,0,0,5,0,0,16,676,696.0,545.0,131.0,137.6,138,166,57,195,32,0.34,2.23,2.57,34.89,,,,,5.0,,[],,48,20,42,4,205,55,66,12,0.01,0.0,0.07,0.08,1.1,0.88,90,10,515,190,26,10,87,33,1.01,0.38,6.13,Manchester City,Matheus Nunes,25-26
418,True,True,,,171314,0,0,0,0,0,0,2,2.5,,0,Rúben,0.0,390,False,,,55,171314.jpg,4.3,False,dos Santos Gato Alves Dias,1.6,False,,a,15,43,113,0,0,0,0,0.0,20.5,Rúben,Rúben Dias,173.0,2020-09-29,1997-05-14,False,p171314,2139,2,0,12,22,0,0,0,3,0,0,4,453,560.8,152.2,96.0,81.0,154,74,13,167,24,0.57,0.65,1.22,26.07,,,,,,,[],,89,38,205,53,237,73,172,60,0.02,0.0,0.03,0.05,1.1,0.93,121,11,379,161,38,14,155,62,1.01,0.5,7.03,Manchester City,Rúben dos Santos Gato Alves Dias,25-26
419,True,True,,,477424,0,0,0,0,0,0,2,2.5,,0,Joško,0.0,391,False,,,55,477424.jpg,4.4,False,Gvardiol,12.4,False,,a,15,43,79,0,0,0,0,0.0,14.4,Gvardiol,,97.0,2023-08-05,2002-01-23,False,p477424,1370,2,2,6,13,0,0,0,2,0,0,5,303,369.0,109.5,218.0,69.8,86,49,17,103,16,2.25,0.70,2.95,16.05,,,,,,,[],,165,69,232,71,143,32,200,67,0.15,0.0,0.05,0.2,1.05,0.85,181,26,439,176,31,11,31,11,1.05,0.39,6.77,Manchester City,Joško Gvardiol,25-26
420,True,True,,,448514,0,0,0,0,0,0,2,2.5,,0,Rayan,0.0,392,False,,,55,448514.jpg,3.5,False,Aït-Nouri,1.1,False,,a,15,43,60,0,0,0,0,0.0,10.9,Aït-Nouri,,3.0,2025-06-09,2001-06-06,False,p448514,971,0,2,5,8,0,0,0,2,0,0,9,237,195.6,216.4,90.0,50.2,32,49,35,67,12,0.53,2.01,2.54,12.25,,,,,,,[],,254,95,153,37,244,75,244,78,0.05,0.0,0.19,0.24,1.14,0.74,169,23,427,173,106,44,192,69,1.11,0.46,6.21,Manchester City,Rayan Aït-Nouri,25-26
421,True,True,,,578153,0,0,0,0,0,0,2,2.5,,0,Abdukodir,0.0,393,False,,,55,578153.jpg,3.2,False,Khusanov,1.9,False,,a,15,43,67,0,0,0,0,0.0,12.2,Khusanov,,231.0,2025-01-20,2004-02-29,False,p578153,1427,0,0,6,13,0,0,0,2,0,0,3,293,299.0,112.2,26.0,43.9,96,75,27,123,15,0.65,1.21,1.86,20.89,,,,,,,[],,202,76,230,69,305,105,261,86,0.04,0.0,0.08,0.12,1.32,0.82,215,33,473,183,151,60,135,56,0.95,0.38,7.76,Manchester City,Abdukodir Khusanov,25-26
422,True,True,,,494307,0,0,0,0,0,0,2,2.2,,0,Max,0.0,394,False,,,50,494307.jpg,2.5,False,Alleyne,0.0,False,,a,15,43,5,0,0,0,0,0.0,1.0,Alleyne,,241.0,2022-12-16,2005-07-21,False,p494307,135,0,0,0,1,0,0,0,0,0,0,0,27,34.0,14.8,26.0,7.5,8,4,3,11,2,0.26,0.06,0.32,1.54,,,,,,,[],,345,120,330,116,304,104,349,119,0.17,0.0,0.04,0.21,1.03,0.67,336,69,313,151,232,96,525,176,1.33,0.0,7.33,Manchester City,Max Alleyne,25-26
423,True,True,,,477064,0,0,0,0,0,0,2,1.7,,0,Rico,0.0,395,False,,,45,477064.jpg,1.7,False,Lewis,0.2,False,,a,15,43,19,0,0,0,0,0.0,4.2,Lewis,,241.0,2022-07-16,2004-11-21,False,p477064,401,0,1,1,7,0,0,0,2,0,0,2,72,70.8,112.5,55.0,23.8,14,15,5,19,4,0.19,1.39,1.58,6.81,,,,,,,[],,320,114,229,68,274,88,304,103,0.04,0.0,0.31,0.35,1.53,1.57,468,126,146,97,312,115,351,132,0.9,0.22,4.26,Manchester City,Rico Lewis,25-26
424,True,True,,,616222,0,0,0,0,0,0,2,1.7,,0,Vitor,0.0,396,False,,,45,616222.jpg,0.0,False,de Oliveira Nunes dos Reis,0.0,False,,a,15,43,0,0,0,0,0,0.0,0.0,Vitor Reis,Vitor Reis,30.0,2025-01-21,2006-01-12,False,p616222,0,0,0,0,0,0,0,0,0,0,0,0,0,0.0,0.0,0.0,0.0,0,0,0,0,0,0.00,0.00,0.00,0.00,,,,,,,[],,495,182,490,182,481,182,495,182,0.0,0.0,0.0,0.0,0.0,0.0,515,144,193,115,496,182,535,182,0.0,0.0,0.0,Manchester City,Vitor de Oliveira Nunes dos Reis,25-26
425,True,True,,,437730,0,0,0,0,0,0,3,2.9,,0,Antoine,0.0,397,False,,,85,437730.jpg,5.5,False,Semenyo,26.9,False,,a,15,43,202,0,0,0,0,0.0,23.8,Semenyo,,81.0,2026-01-09,2000-01-07,False,p437730,3200,17,6,12,52,0,0,1,7,0,0,18,678,923.2,607.4,1047.0,257.7,49,142,45,236,37,11.10,3.12,14.21,47.67,,,,,3.0,,[],,10,2,32,31,4,1,5,4,0.31,0.0,0.09,0.4,1.34,1.46,6,4,585,257,5,2,8,4,1.04,0.34,6.64,Manchester City,Antoine Semenyo,25-26
426,True,True,,,209244,0,0,0,0,0,0,3,2.5,,0,Phil,0.0,398,False,,,70,209244.jpg,4.0,False,Foden,5.1,False,,a,15,43,131,0,0,0,0,0.0,18.7,Foden,,241.0,2016-12-05,2000-05-28,False,p209244,2078,7,5,11,19,0,0,0,4,0,0,13,563,583.2,918.8,520.0,201.9,24,102,34,160,23,6.03,4.76,10.79,27.38,3.0,,3.0,,,,[],,81,27,9,9,40,24,23,19,0.26,0.0,0.21,0.47,1.19,0.82,25,16,563,244,61,28,71,25,1.0,0.48,6.93,Manchester City,Phil Foden,25-26
427,True,True,,,466052,0,0,0,0,0,0,3,2.6,,0,Rayan,0.0,399,False,,,75,466052.jpg,4.1,False,Cherki,8.1,False,,a,15,43,135,0,0,0,0,0.0,18.0,Cherki,,73.0,2025-06-10,2003-08-17,False,p466052,1772,4,13,8,18,0,0,0,1,0,0,16,580,604.2,996.6,579.0,218.1,16,93,26,135,19,4.28,8.87,13.14,25.23,1.0,,1.0,,,,[],,73,23,5,5,34,20,13,10,0.22,0.0,0.45,0.67,1.28,0.91,18,11,574,251,49,23,55,19,0.97,0.41,6.86,Manchester City,Rayan Cherki,25-26
428,True,True,,,248875,0,0,0,0,0,0,3,2.6,,0,Jérémy,0.0,400,False,,,75,248875.jpg,4.0,False,Doku,6.4,False,,a,15,43,120,0,0,0,0,0.0,16.0,Doku,,21.0,2023-08-24,2002-05-27,False,p248875,1773,5,8,8,18,0,0,0,0,0,0,15,526,540.2,841.6,645.0,202.5,15,88,23,126,19,2.87,5.86,8.73,23.20,,,,,4.0,,[],,98,30,13,12,27,13,21,17,0.15,0.0,0.3,0.45,1.18,0.91,17,10,573,250,62,29,63,23,0.96,0.41,6.4,Manchester City,Jérémy Doku,25-26
429,True,True,,,438234,0,0,0,0,0,0,4,2.2,,0,Omar,0.0,401,False,,,70,438234.jpg,2.7,False,Marmoush,0.8,False,,a,15,43,56,0,0,0,0,0.0,8.0,Marmoush,Omar Marmoush,63.0,2025-01-23,1999-02-07,False,p438234,691,3,3,4,5,0,0,0,3,0,0,5,182,203.2,159.8,284.0,64.4,6,20,13,39,8,2.78,0.77,3.55,7.92,,,2.0,,2.0,,[],,250,24,195,20,106,26,211,22,0.36,0.0,0.1,0.46,1.03,0.65,28,9,566,61,216,23,213,37,1.04,0.52,5.08,Manchester City,Omar Marmoush,25-26
430,True,True,0.0,,220566,0,0,0,0,0,0,3,0.0,,0,Rodrigo 'Rodri',0.0,402,False,Back injury - Unknown return date,2026-07-23T12:01:23.675537Z,65,220566.jpg,3.3,False,Hernandez Cascante,0.1,False,,i,15,43,69,0,0,0,0,0.0,10.6,Rodrigo,Rodri,200.0,2019-07-04,1996-06-22,False,p220566,1510,1,1,5,15,0,0,0,3,0,0,6,350,358.0,421.5,122.0,90.3,57,107,42,206,17,1.15,2.45,3.60,20.74,,,,,,,[],https://www.mancity.com/news/mens/injury-update-202627-rodri-63920832,170,68,67,52,214,118,150,78,0.07,0.0,0.15,0.22,1.24,0.89,38,26,543,228,136,56,485,200,1.01,0.3,12.28,Manchester City,Rodrigo 'Rodri' Hernandez Cascante,25-26
431,True,True,,,510281,0,0,0,0,0,0,3,2.3,,0,Sávio,0.0,403,False,,,65,510281.jpg,1.8,False,Moreira de Oliveira,0.1,False,,a,15,43,43,0,0,0,0,0.0,6.6,Savinho,Savinho,30.0,2024-07-18,2004-04-10,False,p510281,817,1,2,3,7,0,0,0,2,0,0,1,140,138.6,198.4,321.0,65.8,11,39,9,59,7,2.50,1.59,4.09,11.24,,,,,,,[],,286,132,171,113,88,55,209,106,0.28,0.0,0.18,0.46,1.24,0.77,51,36,556,238,310,135,417,163,0.77,0.33,6.5,Manchester City,Sávio Moreira de Oliveira,25-26
432,True,True,,,433036,0,0,0,0,0,0,3,2.1,,0,Tijjani,0.0,404,False,,,60,433036.jpg,3.3,False,Reijnders,0.3,False,,a,15,43,92,0,0,0,0,0.0,15.3,Reijnders,,152.0,2025-06-10,1998-07-29,False,p433036,1623,5,3,7,18,0,0,0,2,0,0,6,337,340.0,347.8,435.0,111.2,32,58,10,100,19,4.61,2.35,6.96,18.82,,,,,,,[],,178,74,102,74,51,30,105,61,0.26,0.0,0.13,0.39,1.04,1.0,78,50,503,199,134,55,307,102,1.05,0.39,5.55,Manchester City,Tijjani Reijnders,25-26
433,True,True,,,465694,0,0,0,0,0,0,3,2.0,,0,Nico,0.0,405,False,,,55,465694.jpg,2.5,False,González Iglesias,0.1,False,,a,15,43,63,0,0,0,0,0.0,11.5,N.Gonzalez,,200.0,2025-02-03,2002-01-03,False,p465694,1561,1,0,7,18,0,0,0,6,0,0,1,337,309.8,234.1,72.0,61.5,74,90,42,206,17,0.68,1.12,1.80,20.35,,,,,,,[],,197,86,147,99,259,137,219,110,0.04,0.0,0.06,0.1,1.17,1.04,176,107,434,158,236,92,414,161,0.98,0.4,11.88,Manchester City,Nico González Iglesias,25-26
434,True,True,,,91651,0,0,0,0,0,0,3,2.0,,0,Mateo,0.0,406,False,,,55,91651.jpg,1.5,False,Kovačić,0.1,False,,a,15,43,9,0,0,0,0,0.0,1.6,Kovačić,,97.0,2023-06-27,1994-05-06,False,p91651,125,0,1,0,3,0,0,0,0,0,0,0,41,46.0,65.5,3.0,11.5,6,10,2,18,1,0.13,0.42,0.55,4.00,,,,,,,[],,335,151,270,149,345,177,333,156,0.09,0.0,0.3,0.39,2.88,2.16,114,75,372,126,331,147,496,207,0.72,0.0,12.96,Manchester City,Mateo Kovačić,25-26
435,True,True,,,575204,0,0,0,0,0,0,3,1.5,,0,Claudio,0.0,407,False,,,50,575204.jpg,0.0,False,Echeverri,0.0,False,,a,15,43,0,0,0,0,0,0.0,0.0,Echeverri,,10.0,2024-01-25,2006-01-02,False,p575204,0,0,0,0,0,0,0,0,0,0,0,0,0,0.0,0.0,0.0,0.0,0,0,0,0,0,0.00,0.00,0.00,0.00,,,,,,,[],,549,232,549,232,547,232,549,232,0.0,0.0,0.0,0.0,0.0,0.0,372,221,349,109,549,232,558,238,0.0,0.0,0.0,Manchester City,Claudio Echeverri,25-26
436,True,True,,,155405,0,0,0,0,0,0,3,1.5,,0,Kalvin,0.0,408,False,,,50,155405.jpg,0.0,False,Phillips,0.0,False,,a,15,43,0,0,0,0,0,0.0,0.0,Phillips,,241.0,2022-07-04,1995-12-02,False,p155405,0,0,0,0,0,0,0,0,0,0,0,0,0,0.0,0.0,0.0,0.0,0,0,0,0,0,0.00,0.00,0.00,0.00,,,,,,,[],,503,202,499,202,493,201,503,202,0.0,0.0,0.0,0.0,0.0,0.0,241,145,218,33,503,202,532,220,0.0,0.0,0.0,Manchester City,Kalvin Phillips,25-26
437,True,True,,,590039,0,0,0,0,0,0,3,1.0,,0,Divine,0.0,409,False,,,45,590039.jpg,1.0,False,Mukasa,0.1,False,,a,15,43,2,0,0,0,0,0.0,0.4,Mukasa,,241.0,2025-08-07,2007-08-22,False,p590039,25,0,0,0,0,0,0,0,0,0,0,0,5,4.2,28.3,4.0,3.7,0,1,0,1,0,0.00,0.21,0.21,0.34,,,,,,,[],,377,174,313,163,341,173,364,170,0.0,0.0,0.76,0.76,1.22,0.0,508,255,186,20,372,170,401,154,0.0,0.0,3.6,Manchester City,Divine Mukasa,25-26
438,True,True,,,649208,0,0,0,0,0,0,3,1.5,,0,Jeremy,0.0,410,False,,,50,649208.jpg,0.0,False,Monga,0.0,False,,a,15,43,0,0,0,0,0,0.0,0.0,Monga,,241.0,2026-07-11,2009-07-10,False,p649208,0,0,0,0,0,0,0,0,0,0,0,0,0,0.0,0.0,0.0,0.0,0,0,0,0,0,0.00,0.00,0.00,0.00,,,,,,,[],,555,236,555,236,553,236,555,236,0.0,0.0,0.0,0.0,0.0,0.0,385,231,362,119,555,236,556,236,0.0,0.0,0.0,Manchester City,Jeremy Monga,25-26
439,True,True,,,223094,0,0,0,0,0,0,4,4.0,,0,Erling,0.0,411,False,,,155,223094.jpg,6.8,False,Haaland,71.4,False,,a,15,43,239,0,0,0,0,0.0,15.4,Haaland,,161.0,2022-07-01,2000-07-21,False,p223094,2953,27,8,13,32,0,0,1,2,0,0,43,952,1180.4,320.1,1520.0,302.3,48,41,15,104,34,25.50,2.67,28.17,38.60,,,,,1.0,,[],,2,1,111,6,1,1,2,1,0.78,0.0,0.08,0.86,1.18,0.98,1,1,590,70,2,1,1,1,1.04,0.4,3.17,Manchester City,Erling Haaland,25-26
440,True,True,,,215379,0,0,0,0,0,0,3,2.3,,0,Elliot,0.0,481,False,,,65,215379.jpg,4.7,False,Anderson,9.9,False,,a,15,43,180,0,0,0,0,0.0,27.7,Anderson,,241.0,2026-07-02,2002-11-06,False,p215379,3332,4,5,10,50,0,0,0,8,0,0,16,795,915.2,961.5,310.0,219.0,106,306,103,515,37,2.94,4.79,7.73,53.65,2.0,,,,,,[],,11,3,6,6,95,60,12,9,0.08,0.0,0.13,0.21,1.45,1.35,36,24,541,226,21,10,47,17,1.0,0.27,13.91,Manchester City,Elliot Anderson,25-26
441,True,True,,,106921,0,0,0,0,0,0,1,2.6,,0,Gerónimo,0.0,587,False,,,50,106921.jpg,0.0,False,Rulli,0.0,False,,a,15,43,0,0,0,0,0,0.0,0.0,Rulli,,10.0,2026-08-12,1992-05-20,False,p106921,0,0,0,0,0,0,0,0,0,0,0,0,0,0.0,0.0,0.0,0.0,0,0,0,0,0,0.00,0.00,0.00,0.00,,,,,,,[],,500,63,495,58,489,53,500,63,0.0,0.0,0.0,0.0,0.0,0.0,232,8,209,50,500,63,581,65,0.0,0.0,0.0,Manchester City,Gerónimo Rulli,25-26
442,True,True,100.0,,166989,0,0,0,0,0,0,3,2.1,,0,Youri,0.0,43,False,,2026-07-23T12:01:23.321726Z,60,166989.jpg,2.7,False,Tielemans,2.0,False,,a,16,1,68,0,0,0,0,0.0,11.3,Tielemans,,21.0,2026-07-14,1997-05-07,False,p166989,1857,0,4,4,27,0,0,0,0,0,0,3,417,432.0,513.6,184.0,113.1,51,94,58,203,21,1.14,3.26,4.40,31.34,,,,,3.0,,[],,143,54,48,43,170,89,102,59,0.06,0.0,0.16,0.22,1.52,1.31,62,41,487,190,215,84,128,39,1.02,0.19,9.84,Manchester Utd,Youri Tielemans,25-26
443,True,True,,,532605,0,0,0,0,0,0,3,1.5,,0,Andrey,0.0,162,False,,,50,532605.jpg,1.7,False,Nascimento dos Santos,1.2,False,,a,16,1,47,0,0,0,0,0.0,9.4,Andrey Santos,Andrey Santos,30.0,2026-07-13,2004-05-03,False,p532605,1247,1,0,1,18,0,0,0,4,0,0,3,257,229.6,153.9,91.0,47.5,44,48,37,129,13,2.00,0.88,2.88,18.91,,,,,,,[],,233,103,200,128,241,129,251,124,0.14,0.0,0.06,0.2,1.36,1.3,355,207,332,95,316,139,176,59,0.94,0.07,9.31,Manchester Utd,Andrey Nascimento dos Santos,25-26
444,True,True,75.0,,59735,0,0,0,0,0,0,1,1.4,,0,Karl,0.0,325,False,Unspecified injury - 75% chance of playing,2026-07-23T12:01:23.549136Z,45,59735.jpg,3.2,False,Darlow,0.0,False,,d,16,1,71,0,0,0,0,0.0,15.8,Darlow,,244.0,2026-06-14,1990-10-08,False,p59735,1980,0,0,5,27,0,0,0,1,0,63,3,334,531.4,0.0,0.0,53.4,30,202,1,0,22,0.00,0.05,0.05,28.36,,,,,,,[],,105,17,437,34,420,25,238,17,0.0,2.86,0.0,0.0,1.29,1.23,393,21,71,21,137,17,516,61,1.0,0.23,0.0,Manchester Utd,Karl Darlow,25-26
445,True,True,,,465247,0,0,0,0,0,0,1,2.6,,0,Senne,0.0,412,False,,,50,465247.jpg,3.4,False,Lammens,18.6,False,,a,16,1,109,0,0,0,0,0.0,21.8,Lammens,,21.0,2025-09-01,2002-07-07,False,p465247,2880,0,0,8,39,0,0,0,0,0,79,11,413,635.6,0.0,2.0,63.7,26,224,1,0,32,0.00,0.00,0.00,39.25,,,,,,,[],,66,15,526,64,355,2,213,15,0.0,2.47,0.0,0.0,1.23,1.22,313,17,290,59,113,15,20,5,1.0,0.25,0.0,Manchester Utd,Senne Lammens,25-26
446,True,False,0.0,,451302,0,0,0,0,0,0,1,0.0,,0,Altay,0.0,413,False,Has joined Celta Vigo on loan for the rest of the season,2026-08-10T14:02:28.608415Z,45,451302.jpg,1.8,False,Bayındır,0.1,False,,u,16,1,11,0,0,0,0,0.0,2.4,Bayindir,,219.0,2023-09-01,1998-04-14,False,p451302,540,0,0,0,11,0,0,0,0,0,13,0,49,118.4,10.0,0.0,12.8,7,39,0,0,6,0.00,0.05,0.05,9.24,,,,,,,[],,294,22,340,9,445,40,326,22,0.0,2.17,0.01,0.01,1.54,1.83,457,36,135,36,300,29,463,51,1.0,0.0,0.0,Manchester Utd,Altay Bayındır,25-26
447,True,True,0.0,,21205,0,0,0,0,0,0,1,0.0,,0,Tom,0.0,414,False,Hamstring injury - Unknown return date,2026-08-15T16:00:07.854151Z,40,21205.jpg,0.0,False,Heaton,0.2,False,,i,16,1,0,0,0,0,0,0.0,0.0,Heaton,,241.0,2021-07-02,1986-04-15,False,p21205,0,0,0,0,0,0,0,0,0,0,0,0,0,0.0,0.0,0.0,0.0,0,0,0,0,0,0.00,0.00,0.00,0.00,,,,,,,[],,395,32,378,14,359,5,397,32,0.0,0.0,0.0,0.0,0.0,0.0,522,47,1,1,401,32,344,39,0.0,0.0,0.0,Manchester Utd,Tom Heaton,25-26
448,True,True,,,596777,0,0,0,0,0,0,3,2.1,,0,Patrick,0.0,415,False,,,60,596777.jpg,3.7,False,Dorgu,1.6,False,,a,16,1,95,0,0,0,0,0.0,15.8,Dorgu,,58.0,2025-02-02,2004-10-26,False,p596777,1440,4,4,4,20,0,0,0,5,0,0,11,321,469.0,394.2,341.0,120.3,50,77,48,98,15,2.39,1.84,4.23,19.61,,,,,,,[],,125,45,80,59,80,49,89,52,0.15,0.0,0.12,0.27,1.23,1.25,107,69,532,218,82,36,156,47,0.94,0.25,6.12,Manchester Utd,Patrick Dorgu,25-26
449,True,True,0.0,,209365,0,0,0,0,0,0,2,0.0,,0,Matthijs,0.0,416,False,Back injury - Unknown return date,2026-07-23T12:01:23.690880Z,50,209365.jpg,3.3,False,de Ligt,0.0,False,,i,16,1,43,0,0,0,0,0.0,8.6,De Ligt,,152.0,2024-08-13,1999-08-12,False,p209365,1170,1,0,1,20,0,0,0,0,0,0,5,169,276.6,60.2,122.0,45.7,88,40,19,107,13,1.38,0.83,2.21,18.73,,,,,,,[],https://www.manutd.com/en/news/carrick-reveals-team-news-for-final-day-v-brighton-24-may-2026?utm_source=premier-league-web&utm_medium=referral&utm_campaign=pl-referral-always-on&utm_term=injuries&utm_content=club-injury-article,214,82,275,93,213,60,259,84,0.11,0.0,0.06,0.17,1.44,1.54,261,43,238,125,127,49,531,181,1.0,0.08,8.23,Manchester Utd,Matthijs de Ligt,25-26
450,True,True,,,216051,0,0,0,0,0,0,2,2.2,,0,Diogo,0.0,417,False,,,50,216051.jpg,3.3,False,Dalot Teixeira,3.0,False,,a,16,1,111,0,0,0,0,0.0,22.2,Dalot,Diogo Dalot,173.0,2018-06-08,1999-03-18,False,p216051,2609,1,6,7,40,0,0,0,5,0,0,9,414,535.8,458.5,202.0,119.6,127,135,53,180,29,1.93,2.57,4.50,36.57,,,,,,,[],,102,45,57,10,153,38,90,24,0.07,0.0,0.09,0.16,1.26,1.38,269,46,246,128,128,50,101,39,1.0,0.24,6.21,Manchester Utd,Diogo Dalot Teixeira,25-26
451,True,True,,,95658,0,0,0,0,0,0,2,2.2,,0,Harry,0.0,418,False,,,50,95658.jpg,3.9,False,Maguire,11.6,False,,a,16,1,90,0,0,0,0,0.0,18.0,Maguire,,241.0,2019-08-05,1993-03-05,False,p95658,1649,1,2,7,20,0,0,0,3,1,0,5,315,381.6,62.5,184.0,63.0,129,62,22,151,19,1.12,0.50,1.62,22.95,,,,,,,[],,158,64,273,92,169,48,215,69,0.06,0.0,0.03,0.09,1.25,1.09,228,36,205,118,63,24,37,13,1.04,0.38,8.24,Manchester Utd,Harry Maguire,25-26
452,True,True,100.0,,221820,0,0,0,0,0,0,2,2.2,,0,Lisandro,0.0,419,False,,2026-07-24T20:00:10.337107Z,50,221820.jpg,2.8,False,Martínez,0.6,False,,a,16,1,51,0,0,0,0,0.0,10.2,Martinez,Lisandro Martínez,10.0,2022-07-17,1998-01-18,False,p221820,1229,0,0,5,15,1,0,0,0,1,0,3,241,302.8,94.9,19.0,42.0,86,68,19,105,13,0.15,0.60,0.75,15.22,,,,,,,[],,201,75,241,78,313,111,264,88,0.01,0.0,0.04,0.05,1.11,1.1,275,49,252,131,193,81,233,88,0.95,0.37,7.69,Manchester Utd,Lisandro Martínez,25-26
453,True,True,,,550864,0,0,0,0,0,0,2,2.2,,0,Leny,0.0,420,False,,,50,550864.jpg,1.8,False,Yoro,0.8,False,,a,16,1,56,0,0,0,0,0.0,11.2,Yoro,,73.0,2024-07-19,2005-11-13,False,p550864,1730,0,1,2,33,0,0,0,1,0,0,1,191,327.0,83.1,124.0,53.2,126,73,30,156,18,1.34,0.59,1.93,26.83,,,,,,,[],,188,73,251,82,211,59,239,75,0.07,0.0,0.03,0.1,1.4,1.72,367,73,344,155,306,113,211,79,0.94,0.1,8.12,Manchester Utd,Leny Yoro,25-26
454,True,True,,,606745,0,0,0,0,0,0,2,1.7,,0,Ayden,0.0,421,False,,,45,606745.jpg,2.5,False,Heaven,0.3,False,,a,16,1,42,0,0,0,0,0.0,9.3,Heaven,,241.0,2025-02-01,2006-09-22,False,p606745,920,0,1,2,15,1,0,0,2,0,0,3,164,233.6,32.0,26.0,29.1,71,39,22,93,11,0.34,0.18,0.52,11.95,,,,,,,[],,231,87,307,105,303,103,292,99,0.03,0.0,0.02,0.05,1.17,1.47,513,142,191,113,230,94,299,110,1.08,0.2,9.1,Manchester Utd,Ayden Heaven,25-26
455,True,True,,,230001,0,0,0,0,0,0,2,1.7,,0,Noussair,0.0,422,False,,,45,230001.jpg,2.6,False,Mazraoui,0.8,False,,a,16,1,53,0,0,0,0,0.0,11.8,Mazraoui,,145.0,2024-08-13,1997-11-14,False,p230001,977,0,0,5,10,0,0,0,3,0,0,6,233,209.0,122.4,37.0,36.8,66,46,28,94,11,0.19,0.35,0.53,12.99,,,,,,,[],,244,93,224,64,289,96,274,90,0.02,0.0,0.03,0.05,1.2,0.92,437,106,115,77,218,87,218,83,1.01,0.46,8.66,Manchester Utd,Noussair Mazraoui,25-26
456,True,True,,,106760,0,0,0,0,0,0,2,1.7,,0,Luke,0.0,423,False,,,45,106760.jpg,3.0,False,Shaw,23.1,False,,a,16,1,113,0,0,0,0,0.0,25.1,Shaw,,241.0,2014-07-01,1995-07-12,False,p106760,3220,1,1,10,45,0,0,0,9,0,0,3,449,560.2,314.8,97.0,97.4,149,105,75,224,38,0.72,1.98,2.69,44.90,3.0,,,,,,[],,90,39,115,28,233,70,137,45,0.02,0.0,0.06,0.08,1.25,1.26,402,83,80,54,165,68,13,4,1.06,0.28,6.26,Manchester Utd,Luke Shaw,25-26
457,True,True,,,577974,0,0,0,0,0,0,2,1.0,,0,Harry,0.0,424,False,,,40,577974.jpg,0.0,False,Amass,0.2,False,,a,16,1,0,0,0,0,0,0.0,0.0,Amass,,241.0,2024-04-06,2007-03-16,False,p577974,0,0,0,0,0,0,0,0,0,0,0,0,0,0.0,0.0,0.0,0.0,0,0,0,0,0,0.00,0.00,0.00,0.00,,,,,,,[],,444,166,430,166,412,163,446,166,0.0,0.0,0.0,0.0,0.0,0.0,581,186,60,41,449,166,346,129,0.0,0.0,0.0,Manchester Utd,Harry Amass,25-26
458,True,True,,,547676,0,0,0,0,0,0,2,1.0,,0,Tyler,0.0,425,False,,,40,547676.jpg,1.0,False,Fredricson,0.1,False,,a,16,1,1,0,0,0,0,0.0,0.2,Fredricson,,241.0,2022-09-07,2005-02-23,False,p547676,2,0,0,0,0,0,0,0,0,0,0,0,4,4.0,0.0,0.0,0.4,2,0,0,2,0,0.00,0.00,0.00,0.30,,,,,,,[],,379,131,428,164,409,160,390,132,0.0,0.0,0.0,0.0,13.5,0.0,577,182,56,37,358,123,465,160,0.0,0.0,90.0,Manchester Utd,Tyler Fredricson,25-26
459,True,True,,,141746,0,0,0,0,0,0,3,4.0,,0,Bruno,0.0,426,False,,,120,141746.jpg,6.7,False,Borges Fernandes,48.6,False,,a,16,1,235,0,0,0,0,0.0,19.6,B.Fernandes,Bruno Fernandes,173.0,2020-01-30,1994-09-08,False,p141746,3065,9,24,7,46,0,0,2,5,0,0,41,1008,1258.0,1938.5,614.0,381.4,67,167,53,287,35,10.79,12.28,23.07,44.42,1.0,,1.0,,1.0,,[],,1,1,1,1,29,15,1,1,0.32,0.0,0.36,0.68,1.3,1.35,2,1,589,260,3,1,3,1,1.03,0.21,8.43,Manchester Utd,Bruno Borges Fernandes,25-26
460,True,True,,,446008,0,0,0,0,0,0,3,2.8,,0,Bryan,0.0,427,False,,,80,446008.jpg,4.5,False,Mbeumo,29.5,False,,a,16,1,148,0,0,0,0,0.0,18.5,Mbeumo,,38.0,2025-07-21,1999-08-07,False,p446008,2611,11,3,8,37,0,0,0,4,0,0,16,528,628.8,803.1,882.0,231.4,23,91,25,139,31,11.98,4.99,16.97,35.87,2.0,,2.0,,2.0,,[],,67,19,17,16,7,2,9,7,0.41,0.0,0.17,0.58,1.24,1.28,11,7,583,256,30,13,6,3,1.07,0.28,4.79,Manchester Utd,Bryan Mbeumo,25-26
461,True,True,,,430871,0,0,0,0,0,0,3,2.8,,0,Matheus,0.0,428,False,,,80,430871.jpg,4.3,False,Santos Carneiro da Cunha,11.5,False,,a,16,1,143,0,0,0,0,0.0,17.9,Cunha,Matheus Cunha,30.0,2025-06-01,1999-05-27,False,p430871,2493,10,4,8,35,0,0,0,4,0,0,14,591,675.8,545.4,801.0,202.5,46,126,39,211,29,6.90,3.36,10.26,35.75,,,,,,,[],,54,15,41,38,17,8,22,18,0.25,0.0,0.12,0.37,1.29,1.26,10,6,582,255,40,17,38,13,1.05,0.29,7.62,Manchester Utd,Matheus Santos Carneiro da Cunha,25-26
462,True,True,,,176297,0,0,0,0,0,0,3,2.5,,0,Marcus,0.0,429,False,,,70,176297.jpg,0.0,False,Rashford,1.5,False,,a,16,1,0,0,0,0,0,0.0,0.0,Rashford,,241.0,2015-07-01,1997-10-31,False,p176297,0,0,0,0,0,0,0,0,0,0,0,0,0,0.0,0.0,0.0,0.0,0,0,0,0,0,0.00,0.00,0.00,0.00,,,,,,,[],,590,260,590,260,590,260,590,260,0.0,0.0,0.0,0.0,0.0,0.0,23,14,561,242,590,260,161,50,0.0,0.0,0.0,Manchester Utd,Marcus Rashford,25-26
463,True,True,50.0,,184341,0,0,0,0,0,0,3,1.0,,0,Mason,0.0,430,False,Foot injury - 50% chance of playing,2026-08-15T16:00:07.879135Z,55,184341.jpg,2.5,False,Mount,0.1,False,,d,16,1,58,0,0,0,0,0.0,10.5,Mount,,241.0,2023-07-05,1999-01-10,False,p184341,1010,3,0,5,15,0,0,0,2,0,0,3,201,201.2,214.1,165.0,58.0,19,59,24,102,12,1.56,1.62,3.18,12.46,,,3.0,,,,[],,251,113,156,104,184,101,227,116,0.14,0.0,0.14,0.28,1.11,1.34,127,79,385,130,234,91,446,180,1.07,0.45,9.09,Manchester Utd,Mason Mount,25-26
464,True,True,,,493250,0,0,0,0,0,0,3,2.1,,0,Amad,0.0,431,False,,,60,493250.jpg,2.8,False,Diallo,1.6,False,,a,16,1,91,0,0,0,0,0.0,15.2,Amad,,54.0,2021-01-07,2002-07-11,False,p493250,2339,2,5,6,33,0,0,0,2,0,0,7,463,436.6,596.1,600.0,163.5,48,112,38,198,27,5.46,4.74,10.20,31.69,4.0,,,,,,[],,138,51,35,34,33,19,41,28,0.21,0.0,0.18,0.39,1.22,1.27,96,61,521,210,200,76,154,46,1.04,0.23,7.62,Manchester Utd,Amad Diallo,25-26
465,True,True,,,516895,0,0,0,0,0,0,3,2.0,,0,Kobbie,0.0,432,False,,,55,516895.jpg,2.6,False,Mainoo,1.1,False,,a,16,1,73,0,0,0,0,0.0,13.3,Mainoo,,241.0,2022-10-15,2005-04-19,False,p516895,1653,1,2,6,22,0,0,0,2,0,0,2,340,365.0,360.1,94.0,82.1,56,95,36,187,16,0.48,1.27,1.75,22.88,,,,,,,[],,167,66,94,68,240,128,169,82,0.03,0.0,0.07,0.1,1.25,1.2,199,124,457,175,228,88,180,61,0.87,0.33,10.18,Manchester Utd,Kobbie Mainoo,25-26
466,True,True,0.0,,232112,0,0,0,0,0,0,3,0.0,,0,Manuel,0.0,433,False,Knee injury - Unknown return date,2026-07-23T12:01:23.706702Z,50,232112.jpg,1.7,False,Ugarte Ribeiro,0.0,False,,i,16,1,38,0,0,0,0,0.0,7.6,Ugarte,,230.0,2024-08-30,2001-04-11,False,p232112,876,0,0,1,23,0,0,0,1,0,0,0,183,167.2,83.6,48.0,29.8,45,51,46,142,8,0.72,0.16,0.88,18.22,,,,,,,[],https://www.manutd.com/en/news/an-official-update-on-manuel-ugarte,263,119,250,141,278,148,289,140,0.07,0.0,0.02,0.09,1.87,2.36,283,168,260,56,314,137,583,256,0.82,0.1,14.59,Manchester Utd,Manuel Ugarte Ribeiro,25-26
467,True,True,,,547037,0,0,0,0,0,0,3,1.5,,0,Jack,0.0,434,False,,,50,547037.jpg,1.0,False,Fletcher,0.0,False,,a,16,1,3,0,0,0,0,0.0,0.6,J.Fletcher,Jack Fletcher,241.0,2024-07-12,2007-03-19,False,p547037,107,0,0,0,0,0,0,0,0,0,0,0,10,18.6,24.4,5.0,4.8,2,4,5,11,0,0.03,0.02,0.05,1.86,,,,,,,[],,358,165,316,164,339,172,360,167,0.03,0.0,0.02,0.05,1.56,0.0,364,216,341,104,381,177,568,246,0.0,0.0,9.25,Manchester Utd,Jack Fletcher,25-26
468,True,True,,,576628,0,0,0,0,0,0,3,1.5,,0,Shea,0.0,435,False,,,50,576628.jpg,1.0,False,Lacey,0.1,False,,a,16,1,3,0,0,0,0,0.0,0.6,Lacey,,241.0,2025-05-26,2007-04-14,False,p576628,40,0,0,0,0,0,0,0,0,0,0,0,9,4.0,2.1,16.0,1.7,0,2,1,3,0,0.10,0.01,0.11,0.51,,,,,,,[],,381,177,366,182,318,161,375,174,0.22,0.0,0.02,0.24,1.15,0.0,373,222,350,110,382,178,477,196,0.0,0.0,6.75,Manchester Utd,Shea Lacey,25-26
469,True,True,,,490881,0,0,0,0,0,0,3,1.5,,0,Toby,0.0,436,False,,,50,490881.jpg,0.0,False,Collyer,0.0,False,,a,16,1,0,0,0,0,0,0.0,0.0,Collyer,,241.0,2023-07-01,2004-01-03,False,p490881,0,0,0,0,0,0,0,0,0,0,0,0,0,0.0,0.0,0.0,0.0,0,0,0,0,0,0.00,0.00,0.00,0.00,,,,,,,[],,535,223,534,223,530,222,535,223,0.0,0.0,0.0,0.0,0.0,0.0,332,194,309,82,535,223,546,228,0.0,0.0,0.0,Manchester Utd,Toby Collyer,25-26
470,True,True,,,576620,0,0,0,0,0,0,3,1.0,,0,Bendito,0.0,437,False,,,45,576620.jpg,1.0,False,Mantato,0.2,False,,a,16,1,1,0,0,0,0,0.0,0.2,Bendito Mantato,,,,,False,p576620,15,0,0,0,0,0,0,0,0,0,0,0,3,2.2,11.7,0.0,1.4,0,0,0,0,0,0.00,0.01,0.01,0.05,,,,,,,[],,386,181,335,170,478,195,381,180,0.0,0.0,0.06,0.06,0.3,0.0,504,253,182,18,370,168,366,130,0.0,0.0,0.0,Manchester Utd,Bendito Mantato,25-26
471,True,True,,,519913,0,0,0,0,0,0,3,1.0,,0,Tyler,0.0,438,False,,,45,519913.jpg,1.0,False,Fletcher,0.3,False,,a,16,1,2,0,0,0,0,0.0,0.4,Fletcher,Tyler Fletcher,243.0,2025-05-26,2007-03-19,False,p519913,17,0,0,0,0,0,0,0,0,0,0,0,6,0.8,3.0,0.0,0.3,0,2,0,2,0,0.00,0.01,0.01,0.33,,,,,,,[],,391,183,360,178,465,192,391,183,0.0,0.0,0.05,0.05,1.75,0.0,487,250,165,15,366,166,306,101,0.0,0.0,10.59,Manchester Utd,Tyler Fletcher,25-26
472,True,True,75.0,,485711,0,0,0,0,0,0,4,1.7,,0,Benjamin,0.0,439,False,Shin injury - 75% chance of playing,2026-07-23T12:01:23.722029Z,70,485711.jpg,3.7,False,Sesko,1.8,False,,d,16,1,111,0,0,0,0,0.0,15.9,Šeško,,195.0,2025-08-09,2003-05-31,False,p485711,1630,11,2,2,30,0,0,0,2,0,0,19,405,483.8,156.1,803.0,143.4,20,39,5,64,17,9.21,0.28,9.48,27.05,,,,,,,[],https://www.manutd.com/en/news/benjamin-sesko-training-photos-recovering-from-injury?utm_source=chatgpt.com,118,11,199,21,16,9,56,12,0.51,0.0,0.02,0.53,1.49,1.66,30,10,568,62,84,8,143,21,0.94,0.11,3.53,Manchester Utd,Benjamin Sesko,25-26
473,True,True,,,458249,0,0,0,0,0,0,4,1.8,,0,Joshua,0.0,440,False,,,55,458249.jpg,1.8,False,Zirkzee,0.7,False,,a,16,1,42,0,0,0,0,0.0,7.6,Zirkzee,,152.0,2024-07-17,2001-05-22,False,p458249,607,2,1,2,8,0,0,0,3,0,0,6,146,164.4,177.7,245.0,58.3,14,21,9,44,5,2.74,0.34,3.08,9.41,,,,,,,[],,268,26,185,17,117,30,225,25,0.41,0.0,0.05,0.46,1.4,1.19,171,38,429,34,307,31,229,39,0.74,0.3,6.52,Manchester Utd,Joshua Zirkzee,25-26
474,True,True,,,596047,0,0,0,0,0,0,4,1.0,,0,Chido,0.0,441,False,,,45,596047.jpg,0.0,False,Obi,1.2,False,,a,16,1,0,0,0,0,0,0.0,0.0,Obi,,58.0,2025-02-15,2007-11-29,False,p596047,0,0,0,0,0,0,0,0,0,0,0,0,0,0.0,0.0,0.0,0.0,0,0,0,0,0,0.00,0.00,0.00,0.00,,,,,,,[],,493,53,488,53,480,54,494,54,0.0,0.0,0.0,0.0,0.0,0.0,510,68,188,10,495,54,179,28,0.0,0.0,0.0,Manchester Utd,Chido Obi,25-26
475,True,True,,,98747,0,0,0,0,0,0,1,2.6,,0,Nick,0.0,442,False,,,50,98747.jpg,3.6,False,Pope,1.3,False,,a,17,4,96,0,0,0,0,0.0,19.2,Pope,,241.0,2022-06-23,1992-04-19,False,p98747,2416,0,1,7,38,0,0,0,2,0,89,3,414,671.0,0.0,35.0,70.7,35,254,1,0,27,0.16,0.00,0.16,32.89,,,,,,,[],,55,13,494,57,293,1,197,13,0.01,3.32,0.0,0.01,1.23,1.42,229,6,206,48,86,8,173,26,1.01,0.26,0.0,Newcastle Utd,Nick Pope,25-26
476,True,True,,,81441,0,0,0,0,0,0,1,1.9,,0,Mark,0.0,443,False,,,45,81441.jpg,0.0,False,Gillespie,0.0,False,,a,17,4,0,0,0,0,0,0.0,0.0,Gillespie,,241.0,2020-07-27,1992-03-27,False,p81441,0,0,0,0,0,0,0,0,0,0,0,0,0,0.0,0.0,0.0,0.0,0,0,0,0,0,0.00,0.00,0.00,0.00,,,,,,,[],,451,50,440,37,423,28,453,50,0.0,0.0,0.0,0.0,0.0,0.0,396,24,74,24,456,50,511,60,0.0,0.0,0.0,Newcastle Utd,Mark Gillespie,25-26
477,True,True,,,554578,0,0,0,0,0,0,1,1.9,,0,Ewen,0.0,444,False,,,45,554578.jpg,0.0,False,Jaouen,0.0,False,,a,17,4,0,0,0,0,0,0.0,0.0,Jaouen,,73.0,2026-06-15,2005-12-29,False,p554578,0,0,0,0,0,0,0,0,0,0,0,0,0,0.0,0.0,0.0,0.0,0,0,0,0,0,0.00,0.00,0.00,0.00,,,,,,,[],,486,62,482,56,472,50,488,62,0.0,0.0,0.0,0.0,0.0,0.0,496,46,174,46,491,62,506,59,0.0,0.0,0.0,Newcastle Utd,Ewen Jaouen,25-26
478,True,True,,,465642,0,0,0,0,0,0,2,2.2,,0,Malick,0.0,445,False,,,50,465642.jpg,3.6,False,Thiaw,1.9,False,,a,17,4,126,0,0,0,0,0.0,25.2,Thiaw,,80.0,2025-08-12,2001-08-08,False,p465642,2963,4,0,5,52,0,0,0,4,0,0,12,436,868.0,114.3,409.0,138.9,248,118,44,292,33,4.80,0.96,5.76,49.21,,,,,,,[],,17,6,228,67,61,4,64,11,0.15,0.0,0.03,0.18,1.49,1.58,314,60,291,142,88,35,133,55,1.0,0.15,8.87,Newcastle Utd,Malick Thiaw,25-26
479,True,True,100.0,,119471,0,0,0,0,0,0,2,2.2,,0,Fabian,0.0,446,False,,2026-08-15T16:30:07.209742Z,50,119471.jpg,3.2,False,Schär,0.2,False,,a,17,4,51,0,0,0,0,0.0,10.2,Schär,,207.0,2018-07-26,1991-12-20,False,p119471,1089,0,0,4,13,0,0,0,1,0,0,0,186,291.2,63.6,108.0,46.4,101,42,14,115,11,0.97,0.60,1.57,13.85,,,2.0,,,,[],,205,77,272,91,225,67,256,82,0.08,0.0,0.05,0.13,1.14,1.07,235,38,212,120,143,57,357,134,0.91,0.33,9.5,Newcastle Utd,Fabian Schär,25-26
480,True,True,,,220237,0,0,0,0,0,0,2,2.2,,0,Sven,0.0,447,False,,,50,220237.jpg,3.6,False,Botman,0.4,False,,a,17,4,89,0,0,0,0,0.0,17.8,Botman,,152.0,2022-06-28,2000-01-12,False,p220237,1834,1,1,5,27,1,0,0,2,0,0,6,332,597.0,85.8,190.0,87.4,195,89,21,216,21,1.73,0.86,2.59,27.58,,,,,,,[],,78,32,246,80,163,44,153,50,0.08,0.0,0.04,0.12,1.35,1.32,272,47,249,129,87,34,278,105,1.03,0.25,10.6,Newcastle Utd,Sven Botman,25-26
481,True,True,,,78916,0,0,0,0,0,0,2,2.2,,0,Dan,0.0,448,False,,,50,78916.jpg,3.2,False,Burn,2.6,False,,a,17,4,93,0,0,0,0,0.0,18.6,Burn,,241.0,2022-01-31,1992-05-09,False,p78916,2195,1,3,6,36,0,0,0,9,1,0,5,286,525.8,107.3,186.0,82.1,185,76,40,225,25,1.08,0.36,1.44,30.15,,,,,,,[],,108,47,234,73,165,45,168,59,0.04,0.0,0.01,0.05,1.24,1.48,225,35,202,117,142,56,112,45,1.03,0.25,9.23,Newcastle Utd,Dan Burn,25-26
482,True,True,,,487838,0,0,0,0,0,0,2,2.2,,0,Lewis,0.0,449,False,,,50,487838.jpg,2.6,False,Hall,3.7,False,,a,17,4,79,0,0,0,0,0.0,15.8,Hall,,241.0,2024-07-01,2004-09-08,False,p487838,2176,1,2,4,39,0,0,0,4,0,0,4,347,550.2,433.6,196.0,118.0,119,134,54,173,24,1.01,2.78,3.79,37.72,1.0,,1.0,,,,[],,93,42,64,14,158,41,92,25,0.04,0.0,0.11,0.15,1.56,1.61,327,66,304,148,226,93,86,32,0.99,0.17,7.16,Newcastle Utd,Lewis Hall,25-26
483,True,True,75.0,,441191,0,0,0,0,0,0,2,1.6,,0,Tino,0.0,450,False,Calf injury - 75% chance of playing,2026-07-23T12:01:23.753221Z,50,441191.jpg,3.5,False,Livramento,0.1,False,,d,17,4,59,0,0,0,0,0.0,11.8,Livramento,,241.0,2023-08-08,2002-11-12,False,p441191,1326,0,1,6,14,0,0,0,1,0,0,3,252,219.4,199.7,42.0,46.1,46,81,22,68,14,0.13,0.89,1.02,18.62,,,,,,,[],https://www.newcastleunited.com/en/news/livramento-withdrawn-from-england-world-cup-squad?utm_source=premier-league-web&utm_medium=referral&utm_campaign=pl-referral-always-on&utm_term=injuries&utm_content=club-injury-article,238,89,169,42,282,92,257,83,0.01,0.0,0.06,0.07,1.26,0.95,300,55,277,137,102,41,452,155,0.95,0.41,4.62,Newcastle Utd,Tino Livramento,25-26
484,True,False,0.0,,545477,0,0,0,0,0,0,2,0.0,,0,Alex,0.0,451,False,Has joined FC Kaiserslautern on loan for the rest of the season,2026-08-12T14:05:29.224600Z,40,545477.jpg,1.0,False,Murphy,0.4,False,,u,17,4,2,0,0,0,0,0.0,0.5,A.Murphy,,104.0,2023-07-19,2004-06-25,False,p545477,7,0,0,0,1,0,0,0,0,0,0,0,3,10.2,0.6,2.0,1.3,4,0,0,4,0,0.00,0.00,0.00,0.49,,,,,,,[],,370,129,372,130,346,124,382,129,0.0,0.0,0.0,0.0,6.3,12.86,576,181,55,36,357,122,280,106,0.0,0.0,51.43,Newcastle Utd,Alex Murphy,25-26
485,True,True,,,201666,0,0,0,0,0,0,3,2.1,,0,Harvey,0.0,453,False,,,60,201666.jpg,2.9,False,Barnes,1.2,False,,a,17,4,106,0,0,0,0,0.0,17.7,Barnes,,241.0,2023-07-23,1997-12-09,False,p201666,1951,7,1,5,31,0,0,0,1,0,0,9,349,404.0,387.5,682.0,147.0,20,67,13,100,19,6.84,2.72,9.56,30.30,,,,,,,[],,151,58,84,62,24,11,53,33,0.32,0.0,0.13,0.45,1.4,1.43,67,45,492,194,185,70,177,60,0.88,0.23,4.61,Newcastle Utd,Harvey Barnes,25-26
486,True,True,,,449434,0,0,0,0,0,0,3,2.1,,0,Anthony,0.0,454,False,,,60,449434.jpg,1.5,False,Elanga,0.7,False,,a,17,4,48,0,0,0,0,0.0,8.0,Elanga,,206.0,2025-07-11,2002-04-27,False,p449434,1302,0,1,2,28,0,0,0,0,0,0,0,179,130.4,266.7,185.0,57.8,9,32,14,55,14,1.65,1.74,3.39,21.11,4.0,,,,,,[],,290,134,135,92,168,88,228,117,0.11,0.0,0.12,0.23,1.46,1.94,86,55,511,204,332,148,223,74,0.97,0.14,3.8,Newcastle Utd,Anthony Elanga,25-26
487,True,True,,,232653,0,0,0,0,0,0,3,1.5,,0,Jacob,0.0,456,False,,,50,232653.jpg,2.2,False,Ramsey,0.4,False,,a,17,4,62,0,0,0,0,0.0,12.4,J.Ramsey,,241.0,2025-08-17,2001-05-28,False,p232653,1441,2,3,1,31,0,0,0,3,1,0,3,303,304.4,330.3,165.0,79.9,23,85,41,149,15,1.20,1.45,2.65,27.24,,,,,,,[],,198,87,108,77,183,100,173,84,0.07,0.0,0.09,0.16,1.7,1.94,285,170,262,58,267,112,285,92,0.94,0.06,9.31,Newcastle Utd,Jacob Ramsey,25-26
488,True,True,,,114243,0,0,0,0,0,0,3,2.1,,0,Jacob,0.0,457,False,,,60,114243.jpg,2.5,False,Murphy,0.2,False,,a,17,4,82,0,0,0,0,0.0,13.7,J.Murphy,Jacob Murphy,241.0,2017-07-19,1995-02-24,False,p114243,1606,3,2,8,20,0,0,0,2,0,0,5,314,330.8,393.7,346.0,106.0,27,47,16,90,19,3.07,2.66,5.73,24.35,2.0,,,,,,[],,186,79,82,60,78,47,117,65,0.17,0.0,0.15,0.32,1.36,1.12,59,40,484,189,239,93,379,139,1.06,0.45,5.04,Newcastle Utd,Jacob Murphy,25-26
489,True,True,0.0,,180974,0,0,0,0,0,0,3,0.0,,0,Joelinton Cássio,0.0,458,False,Unspecified injury - Unknown return date,2026-08-16T08:00:08.074045Z,55,180974.jpg,2.7,False,Apolinário de Lira,0.1,False,,i,17,4,73,0,0,0,0,0.0,13.3,Joelinton,Joelinton,30.0,2019-07-24,1996-08-14,False,p180974,1950,2,1,5,27,0,0,0,10,0,0,2,304,324.4,296.3,329.0,95.0,73,122,43,238,23,2.36,1.35,3.71,28.75,,,,,,,[],,191,82,126,87,84,52,139,74,0.11,0.0,0.06,0.17,1.33,1.25,126,78,384,129,208,80,430,173,1.06,0.23,10.98,Newcastle Utd,Joelinton Cássio Apolinário de Lira,25-26
490,True,True,100.0,,547719,0,0,0,0,0,0,3,2.0,,0,Lewis,0.0,459,False,,2026-07-23T12:01:23.785456Z,55,547719.jpg,3.1,False,Miley,0.0,False,,a,17,4,72,0,0,0,0,0.0,13.1,L.Miley,,241.0,2023-02-01,2006-05-01,False,p547719,1493,1,4,2,22,0,0,0,0,0,0,5,334,342.6,251.4,136.0,73.0,57,69,29,155,15,1.36,2.10,3.46,21.22,3.0,,,,,,[],,176,73,136,93,201,111,191,96,0.08,0.0,0.13,0.21,1.28,1.33,205,128,463,179,161,61,552,234,0.9,0.12,9.34,Newcastle Utd,Lewis Miley,25-26
491,True,True,,,200089,0,0,0,0,0,0,3,1.5,,0,Joe,0.0,460,False,,,50,200089.jpg,1.6,False,Willock,0.1,False,,a,17,4,38,0,0,0,0,0.0,7.6,Willock,,241.0,2021-08-13,1999-08-20,False,p200089,972,0,2,3,18,0,0,0,3,0,0,0,166,145.4,205.8,204.0,55.5,17,52,20,89,10,1.26,1.07,2.33,17.83,,,,,,,[],,278,128,164,110,151,82,233,119,0.12,0.0,0.1,0.22,1.65,1.67,252,153,229,41,322,140,428,171,0.93,0.28,8.24,Newcastle Utd,Joe Willock,25-26
492,True,True,,,611665,0,0,0,0,0,0,3,2.1,,0,Bazoumana,0.0,461,False,,,60,611665.jpg,0.0,False,Touré,0.3,False,,a,17,4,0,0,0,0,0,0.0,0.0,Touré,,54.0,2026-07-05,2006-03-02,False,p611665,0,0,0,0,0,0,0,0,0,0,0,0,0,0.0,0.0,0.0,0.0,0,0,0,0,0,0.00,0.00,0.00,0.00,,,,,,,[],,584,255,584,255,584,255,584,255,0.0,0.0,0.0,0.0,0.0,0.0,108,70,533,219,584,255,326,113,0.0,0.0,0.0,Newcastle Utd,Bazoumana Touré,25-26
493,True,True,,,636852,0,0,0,0,0,0,3,1.5,,0,Sean,0.0,462,False,,,50,636852.jpg,0.0,False,Steur,0.1,False,,a,17,4,0,0,0,0,0,0.0,0.0,Steur,,152.0,2026-07-09,2008-01-11,False,p636852,0,0,0,0,0,0,0,0,0,0,0,0,0,0.0,0.0,0.0,0.0,0,0,0,0,0,0.00,0.00,0.00,0.00,,,,,,,[],,554,235,554,235,552,235,554,235,0.0,0.0,0.0,0.0,0.0,0.0,384,230,361,118,554,235,413,160,0.0,0.0,0.0,Newcastle Utd,Sean Steur,25-26
494,True,True,,,470313,0,0,0,0,0,0,4,2.0,,0,Nick,0.0,463,False,,,60,470313.jpg,3.3,False,Woltemade,1.7,False,,a,17,4,108,0,0,0,0,0.0,18.0,Woltemade,,80.0,2025-08-30,2002-02-14,False,p470313,1896,8,4,8,29,1,0,0,0,0,0,12,399,447.2,314.4,425.0,117.5,28,53,24,105,24,6.59,1.53,8.12,25.67,,,,,1.0,,[],,130,12,116,7,56,21,93,15,0.31,0.0,0.07,0.38,1.22,1.38,92,23,517,54,135,12,146,23,1.14,0.38,4.98,Newcastle Utd,Nick Woltemade,25-26
495,True,True,,,216646,0,0,0,0,0,0,4,2.0,,0,Yoane,0.0,464,False,,,60,216646.jpg,1.4,False,Wissa,1.6,False,,a,17,4,27,0,0,0,0,0.0,4.5,Wissa,,50.0,2025-09-01,1996-09-03,False,p216646,517,1,1,1,11,0,0,0,3,0,0,0,70,58.0,46.7,163.0,25.5,3,14,5,22,4,3.13,0.54,3.67,9.97,,,,,3.0,,[],,331,38,291,35,185,35,301,36,0.54,0.0,0.09,0.63,1.74,1.91,72,19,497,50,342,37,152,24,0.7,0.17,3.83,Newcastle Utd,Yoane Wissa,25-26
496,True,True,,,538207,0,0,0,0,0,0,4,2.0,,0,William,0.0,465,False,,,60,538207.jpg,3.2,False,Osula,1.1,False,,a,17,4,76,0,0,0,0,0.0,12.7,Osula,,58.0,2024-08-08,2003-08-04,False,p538207,805,7,1,2,14,0,0,0,0,0,0,13,284,256.6,82.6,284.0,62.2,2,23,6,31,8,4.28,0.62,4.90,14.48,,,,,2.0,,[],,222,21,252,29,105,25,218,24,0.48,0.0,0.07,0.55,1.62,1.57,102,25,527,56,153,14,186,30,0.89,0.22,3.47,Newcastle Utd,William Osula,25-26
497,True,True,,,599303,0,0,0,0,0,0,4,1.0,,0,Sean,0.0,466,False,,,45,599303.jpg,1.0,False,Neave,0.7,False,,a,17,4,1,0,0,0,0,0.0,0.2,Neave,,241.0,2025-02-07,2007-05-27,False,p599303,13,0,0,0,1,0,0,0,0,0,0,0,2,0.0,0.0,5.0,0.5,0,0,0,0,0,0.03,0.00,0.03,0.37,,,,,,,[],,494,54,489,54,338,44,389,45,0.21,0.0,0.0,0.21,2.56,6.92,512,69,190,11,374,45,225,38,0.0,0.0,0.0,Newcastle Utd,Sean Neave,25-26
498,True,True,,,632794,0,0,0,0,0,0,3,1.5,,0,Aladji,0.0,559,False,,,50,632794.jpg,0.0,False,Bamba,0.1,False,,a,17,4,0,0,0,0,0,0.0,0.0,Bamba,,73.0,2026-07-24,2006-07-14,False,p632794,0,0,0,0,0,0,0,0,0,0,0,0,0,0.0,0.0,0.0,0.0,0,0,0,0,0,0.00,0.00,0.00,0.00,,,,,,,[],,553,234,553,234,551,234,553,234,0.0,0.0,0.0,0.0,0.0,0.0,383,229,360,117,553,234,403,156,0.0,0.0,0.0,Newcastle Utd,Aladji Bamba,25-26
499,True,True,,,470551,0,0,0,0,0,0,1,2.6,,0,Lukás,0.0,567,False,,,50,470551.jpg,0.0,False,Hornícek,0.5,False,,a,17,4,0,0,0,0,0,0.0,0.0,Horníček,,57.0,2026-08-03,2002-07-13,False,p470551,0,0,0,0,0,0,0,0,0,0,0,0,0,0.0,0.0,0.0,0.0,0,0,0,0,0,0.00,0.00,0.00,0.00,,,,,,,[],,530,66,529,65,525,62,530,66,0.0,0.0,0.0,0.0,0.0,0.0,319,18,296,60,530,66,249,34,0.0,0.0,0.0,Newcastle Utd,Lukás Hornícek,25-26
500,True,True,,,85633,0,0,0,0,0,0,1,2.6,,0,Matz,0.0,467,False,,,50,85633.jpg,3.4,False,Sels,1.6,False,,a,18,17,105,0,0,0,0,0.0,21.0,Sels,,21.0,2024-02-01,1992-02-26,False,p85633,2667,0,0,7,39,0,1,0,2,0,95,3,431,730.0,10.0,0.0,74.0,26,197,1,0,30,0.00,0.06,0.06,45.12,,,,,,,[],,39,11,342,11,487,51,186,11,0.0,3.21,0.0,0.0,1.52,1.32,226,5,203,47,110,13,157,23,1.01,0.24,0.0,Nottingham Forest,Matz Sels,25-26
501,True,True,,,221389,0,0,0,0,0,0,1,1.9,,0,John Victor,0.0,468,False,,,45,221389.jpg,2.2,False,Maciel Furtado,0.1,False,,a,18,17,11,0,0,0,0,0.0,2.4,John,John Victor,30.0,2025-08-31,1996-02-13,False,p221389,437,0,0,1,8,0,0,0,1,0,6,0,32,56.4,0.0,0.0,5.7,4,26,0,0,5,0.00,0.00,0.00,6.13,,,,,,,[],,332,28,452,45,436,37,355,28,0.0,1.24,0.0,0.0,1.26,1.65,432,33,110,33,263,26,464,52,1.03,0.21,0.0,Nottingham Forest,John Victor Maciel Furtado,25-26
502,True,True,,,215136,0,0,0,0,0,0,2,2.2,,0,Neco,0.0,469,False,,,50,215136.jpg,3.5,False,Williams,11.3,False,,a,18,17,128,0,0,0,0,0.0,25.6,N.Williams,,244.0,2022-07-11,2001-04-13,False,p215136,3203,2,3,9,48,0,0,0,6,1,0,15,531,804.0,572.3,380.0,175.6,151,164,96,247,36,2.01,3.97,5.98,51.36,1.0,,2.0,,,,[],,30,11,38,3,70,7,32,3,0.06,0.0,0.11,0.17,1.44,1.35,268,45,245,127,101,40,40,14,1.01,0.25,6.94,Nottingham Forest,Neco Williams,25-26
503,True,True,,,485047,0,0,0,0,0,0,2,2.2,,0,Felipe,0.0,470,False,,,50,485047.jpg,2.5,False,Rodrigues da Silva,0.1,False,,a,18,17,53,0,0,0,0,0.0,10.6,Morato,Morato,30.0,2024-08-30,2001-06-30,False,p485047,1340,1,0,2,23,0,0,0,5,0,0,1,190,371.2,37.6,96.0,50.5,114,52,30,144,14,1.32,0.15,1.47,24.34,,,,,,,[],,164,68,301,102,236,72,243,77,0.09,0.0,0.01,0.1,1.63,1.54,324,65,301,147,231,95,486,166,0.94,0.13,9.67,Nottingham Forest,Felipe Rodrigues da Silva,25-26
504,True,True,,,227444,0,0,0,0,0,0,2,2.5,,0,Nikola,0.0,471,False,,,55,227444.jpg,3.1,False,Milenković,2.2,False,,a,18,17,119,0,0,0,0,0.0,21.6,Milenković,,190.0,2024-07-18,1997-10-12,False,p227444,3375,0,1,9,51,1,0,0,6,0,0,2,401,680.4,66.9,120.0,86.9,281,107,30,311,37,0.83,0.68,1.51,54.98,,,,,,,[],,53,23,266,88,217,62,154,51,0.02,0.0,0.02,0.04,1.47,1.36,146,17,404,167,160,66,121,50,0.99,0.24,8.29,Nottingham Forest,Nikola Milenković,25-26
505,True,True,100.0,,575476,0,0,0,0,0,0,2,2.5,,0,Murillo,0.0,472,False,,2026-07-23T12:01:23.801183Z,55,575476.jpg,3.3,False,Costa dos Santos,1.1,False,,a,18,17,83,0,0,0,0,0.0,15.1,Murillo,Murillo,30.0,2023-08-31,2002-07-04,False,p575476,2130,1,0,6,29,2,0,0,5,0,0,3,333,542.2,115.5,82.0,74.0,188,102,35,223,25,0.73,0.47,1.20,32.99,,,3.0,,,,[],,95,44,226,65,249,78,187,63,0.03,0.0,0.02,0.05,1.39,1.23,213,32,471,182,133,52,191,68,1.06,0.25,9.42,Nottingham Forest,Murillo Costa dos Santos,25-26
506,True,True,,,159506,0,0,0,0,0,0,2,1.7,,0,Ola,0.0,473,False,,,45,159506.jpg,3.7,False,Aina,4.2,False,,a,18,17,67,0,0,0,0,0.0,14.9,Aina,,157.0,2023-07-22,1996-10-08,False,p159506,1587,0,2,6,19,0,0,0,3,0,0,5,264,285.2,160.3,58.0,50.5,99,81,31,130,18,0.41,0.84,1.25,25.31,,,,,,,[],,210,79,193,50,271,86,242,76,0.02,0.0,0.05,0.07,1.44,1.08,413,87,91,58,76,29,81,31,1.02,0.34,7.37,Nottingham Forest,Ola Aina,25-26
507,True,True,,,575458,0,0,0,0,0,0,2,1.7,,0,Jair,0.0,474,False,,,45,575458.jpg,1.4,False,Paula da Cunha Filho,0.3,False,,a,18,17,13,0,0,0,0,0.0,2.9,Jair Cunha,Jair Cunha,30.0,2025-07-11,2005-03-07,False,p575458,514,0,0,0,7,0,0,0,0,0,0,0,48,98.0,15.2,29.0,14.2,38,13,9,47,6,0.27,0.06,0.33,10.35,,,,,,,[],,307,112,329,115,300,102,322,111,0.05,0.0,0.01,0.06,1.81,1.23,503,139,181,110,335,120,308,114,1.05,0.0,8.23,Nottingham Forest,Jair Paula da Cunha Filho,25-26
508,True,True,0.0,,500151,0,0,0,0,0,0,2,0.0,,0,Nicolò,0.0,475,False,Knee injury - Unknown return date,2026-07-23T12:01:23.816304Z,45,500151.jpg,2.8,False,Savona,0.0,False,,i,18,17,39,0,0,0,0,0.0,8.7,Savona,,106.0,2025-08-30,2003-03-19,False,p500151,1025,2,0,3,18,0,0,0,2,0,0,0,131,216.6,123.2,94.0,43.5,37,27,20,57,11,1.34,0.45,1.79,15.04,,,,,,,[],,240,91,223,63,239,74,262,87,0.12,0.0,0.04,0.16,1.32,1.58,480,130,158,101,192,80,585,194,0.97,0.26,5.0,Nottingham Forest,Nicolò Savona,25-26
509,True,True,,,204822,0,0,0,0,0,0,2,1.0,,0,Omar,0.0,476,False,,,40,204822.jpg,0.0,False,Richards,0.2,False,,a,18,17,0,0,0,0,0,0.0,0.0,O.Richards,,241.0,2022-07-10,1998-02-15,False,p204822,0,0,0,0,0,0,0,0,0,0,0,0,0,0.0,0.0,0.0,0.0,0,0,0,0,0,0.00,0.00,0.00,0.00,,,,,,,[],,413,144,398,143,379,139,415,144,0.0,0.0,0.0,0.0,0.0,0.0,545,159,24,14,419,145,340,126,0.0,0.0,0.0,Nottingham Forest,Omar Richards,25-26
510,True,True,,,549067,0,0,0,0,0,0,2,1.0,,0,Zach,0.0,477,False,,,40,549067.jpg,1.0,False,Abbott,0.2,False,,a,18,17,3,0,0,0,0,0.0,0.8,Abbott,,241.0,2022-08-22,2006-05-13,False,p549067,165,0,0,0,4,0,0,0,0,0,0,0,3,25.4,6.4,0.0,3.2,9,10,4,13,2,0.00,0.01,0.01,3.47,,,,,,,[],,352,123,350,122,410,161,367,127,0.0,0.0,0.01,0.01,1.89,2.18,578,183,57,38,359,124,345,128,1.09,0.0,7.09,Nottingham Forest,Zach Abbott,25-26
511,True,True,,,470315,0,0,0,0,0,0,2,1.7,,0,Luca,0.0,478,False,,,45,470315.jpg,1.6,False,Netz,0.0,False,,a,18,17,11,0,0,0,0,0.0,2.4,Netz,,80.0,2026-02-02,2003-05-15,False,p470315,353,0,0,0,5,0,0,0,0,0,0,0,33,63.4,30.1,10.0,10.4,15,15,12,27,3,0.00,0.41,0.41,7.87,,,,,,,[],,329,118,311,107,326,117,335,116,0.0,0.0,0.1,0.1,2.01,1.27,464,124,142,95,320,116,529,179,0.76,0.0,6.88,Nottingham Forest,Luca Netz,25-26
512,True,True,,,538638,0,0,0,0,0,0,2,1.0,,0,Tyler,0.0,479,False,,,40,538638.jpg,0.0,False,Bindon,0.2,False,,a,18,17,0,0,0,0,0,0.0,0.0,Bindon,,154.0,2025-02-03,2005-01-27,False,p538638,0,0,0,0,0,0,0,0,0,0,0,0,0,0.0,0.0,0.0,0.0,0,0,0,0,0,0.00,0.00,0.00,0.00,,,,,,,[],,441,163,426,162,407,158,443,163,0.0,0.0,0.0,0.0,0.0,0.0,574,179,53,34,446,163,374,140,0.0,0.0,0.0,Nottingham Forest,Tyler Bindon,25-26
513,True,True,,,222531,0,0,0,0,0,0,3,2.8,,0,Morgan,0.0,480,False,,,80,222531.jpg,5.1,False,Gibbs-White,11.8,False,,a,18,17,188,0,0,0,0,0.0,23.5,Gibbs-White,,241.0,2022-08-19,2000-01-27,False,p222531,3101,15,4,10,45,0,0,0,1,0,0,18,712,843.8,747.7,836.0,242.5,48,110,20,178,35,10.81,2.91,13.72,49.70,,,1.0,,2.0,,[],,21,6,19,18,9,4,7,5,0.31,0.0,0.08,0.39,1.44,1.31,8,5,580,254,11,5,35,11,1.02,0.29,5.17,Nottingham Forest,Morgan Gibbs-White,25-26
514,True,True,100.0,,209046,0,0,0,0,0,0,3,2.1,,0,Callum,0.0,482,False,,2026-07-23T12:01:23.832709Z,60,209046.jpg,2.9,False,Hudson-Odoi,0.2,False,,a,18,17,88,0,0,0,0,0.0,14.7,Hudson-Odoi,,241.0,2023-09-01,2000-11-07,False,p209046,1838,3,4,6,26,0,0,0,0,0,0,8,358,366.6,611.7,330.0,130.6,24,68,14,106,21,2.77,3.02,5.79,30.88,,,4.0,,,,[],,166,65,31,30,83,51,74,45,0.14,0.0,0.15,0.29,1.51,1.27,70,46,495,195,186,71,380,140,1.03,0.29,5.19,Nottingham Forest,Callum Hudson-Odoi,25-26
515,True,True,,,456512,0,0,0,0,0,0,3,2.0,,0,Dan,0.0,483,False,,,55,456512.jpg,2.1,False,Ndoye,0.5,False,,a,18,17,50,0,0,0,0,0.0,9.1,Ndoye,,207.0,2025-07-31,2000-10-25,False,p456512,1167,1,2,2,17,0,0,0,1,0,0,4,178,166.4,217.7,180.0,56.6,24,50,22,96,14,1.05,1.51,2.56,15.96,,,,,,,[],,265,121,152,103,173,92,230,118,0.08,0.0,0.12,0.2,1.23,1.31,170,106,428,157,277,118,255,83,1.08,0.15,7.4,Nottingham Forest,Dan Ndoye,25-26
516,True,True,,,503301,0,0,0,0,0,0,3,2.0,,0,Omari,0.0,484,False,,,55,503301.jpg,2.6,False,Hutchinson,0.2,False,,a,18,17,82,0,0,0,0,0.0,14.9,Hutchinson,,241.0,2025-08-16,2003-10-30,False,p503301,1676,1,7,6,24,0,0,0,1,0,0,3,329,333.6,527.1,356.0,121.6,20,87,22,129,17,2.01,3.87,5.88,24.42,4.0,,,,,,[],,183,77,45,41,74,45,85,50,0.11,0.0,0.21,0.32,1.31,1.29,196,121,454,172,227,87,377,138,0.91,0.32,6.93,Nottingham Forest,Omari Hutchinson,25-26
517,True,True,,,476887,0,0,0,0,0,0,3,2.0,,0,Dilane,0.0,485,False,,,55,476887.jpg,1.9,False,Bakwa,0.0,False,,a,18,17,26,0,0,0,0,0.0,4.7,Bakwa,,73.0,2025-09-01,2002-08-26,False,p476887,549,0,2,2,10,0,0,0,1,0,0,1,100,86.4,178.8,95.0,35.6,3,28,4,35,6,0.54,1.01,1.55,10.94,,,,,,,[],,312,141,184,121,238,127,277,135,0.09,0.0,0.17,0.26,1.79,1.64,180,110,438,161,294,126,554,235,0.98,0.33,5.74,Nottingham Forest,Dilane Bakwa,25-26
518,True,True,,,432714,0,0,0,0,0,0,3,2.0,,0,James,0.0,486,False,,,55,432714.jpg,1.2,False,McAtee,0.0,False,,a,18,17,17,0,0,0,0,0.0,3.1,McAtee,,241.0,2025-08-16,2002-10-18,False,p432714,288,0,1,0,9,0,0,0,1,0,0,0,60,51.6,82.0,39.0,17.3,7,18,7,32,2,0.18,0.37,0.55,7.34,3.0,,,,,,[],,334,150,255,142,287,151,316,151,0.06,0.0,0.12,0.18,2.29,2.81,156,98,414,149,351,161,510,214,0.62,0.0,10.0,Nottingham Forest,James McAtee,25-26
519,True,True,,,250199,0,0,0,0,0,0,3,1.5,,0,Nicolás,0.0,487,False,,,50,250199.jpg,1.8,False,Domínguez,0.1,False,,a,18,17,48,0,0,0,0,0.0,9.6,Dominguez,,10.0,2023-09-01,1998-06-28,False,p250199,1168,1,1,3,20,0,0,0,3,0,0,3,229,264.8,193.5,138.0,59.7,29,58,56,143,17,1.47,0.77,2.24,23.21,,,,,,,[],,219,96,175,117,198,109,223,113,0.11,0.0,0.06,0.17,1.79,1.54,292,175,269,63,303,132,454,184,1.31,0.23,11.02,Nottingham Forest,Nicolás Domínguez,25-26
520,True,True,,,210462,0,0,0,0,0,0,3,1.5,,0,Ibrahim,0.0,488,False,,,50,210462.jpg,3.2,False,Sangaré,0.7,False,,a,18,17,89,0,0,0,0,0.0,17.8,Sangaré,,54.0,2023-09-01,1997-12-02,False,p210462,2073,2,2,8,26,0,0,0,5,0,0,2,366,434.4,205.9,126.0,76.8,95,114,58,267,25,1.16,1.80,2.96,33.17,,,,,,,[],,142,53,162,108,209,116,179,87,0.05,0.0,0.08,0.13,1.44,1.13,263,161,240,49,144,57,222,73,1.09,0.35,11.59,Nottingham Forest,Ibrahim Sangaré,25-26
521,True,True,,,204968,0,0,0,0,0,0,3,1.0,,0,Ryan,0.0,489,False,,,45,204968.jpg,1.4,False,Yates,6.4,False,,a,18,17,30,0,0,0,0,0.0,6.7,Yates,,241.0,2018-08-01,1997-11-21,False,p204968,602,0,2,0,7,0,0,0,3,0,0,0,123,139.0,79.7,55.0,27.2,35,18,16,69,2,0.49,0.37,0.86,8.56,,,,,,,[],,284,131,257,143,273,146,295,142,0.07,0.0,0.06,0.13,1.28,1.05,427,240,105,5,333,149,62,22,0.3,0.0,10.32,Nottingham Forest,Ryan Yates,25-26
522,True,True,,,60689,0,0,0,0,0,0,4,2.0,,0,Chris,0.0,490,False,,,60,60689.jpg,2.7,False,Wood,1.7,False,,a,18,17,41,0,0,0,0,0.0,6.8,Wood,,154.0,2023-07-01,1991-12-07,False,p60689,896,3,0,2,14,0,0,0,0,0,0,4,145,139.0,88.4,266.0,48.0,14,14,1,29,11,4.29,0.32,4.61,14.44,,,,,1.0,,[],,285,31,244,26,111,28,249,29,0.43,0.0,0.03,0.46,1.45,1.41,58,14,483,45,213,21,145,22,1.1,0.2,2.91,Nottingham Forest,Chris Wood,25-26
523,True,True,,,482973,0,0,0,0,0,0,4,2.0,,0,Igor Jesus,0.0,491,False,,,60,482973.jpg,3.1,False,Maciel da Cruz,5.4,False,,a,18,17,114,0,0,0,0,0.0,19.0,Igor Jesus,Igor Jesus,30.0,2025-07-05,2001-02-25,False,p482973,2293,6,6,9,37,0,0,0,2,0,0,13,407,420.6,240.7,726.0,136.4,38,61,24,123,28,6.48,1.26,7.74,38.77,,,,,3.0,,[],,145,14,142,12,22,13,69,13,0.25,0.0,0.05,0.3,1.52,1.45,93,24,518,55,162,15,69,11,1.1,0.35,4.83,Nottingham Forest,Igor Jesus Maciel da Cruz,25-26
524,True,True,,,210156,0,0,0,0,0,0,4,1.8,,0,Taiwo,0.0,492,False,,,55,210156.jpg,2.5,False,Awoniyi,0.5,False,,a,18,17,43,0,0,0,0,0.0,7.8,Awoniyi,,157.0,2022-06-25,1997-08-12,False,p210156,480,4,2,1,4,0,0,0,2,0,0,4,170,177.2,79.0,235.0,48.4,6,18,2,26,3,3.68,0.77,4.45,10.35,,,,,,,[],,258,25,258,30,126,31,247,28,0.69,0.0,0.14,0.83,1.94,0.75,139,35,397,31,235,24,261,46,0.56,0.19,4.88,Nottingham Forest,Taiwo Awoniyi,25-26
525,True,True,,,465680,0,0,0,0,0,0,4,1.8,,0,Arnaud,0.0,493,False,,,55,465680.jpg,1.0,False,Kalimuendo,0.1,False,,a,18,17,9,0,0,0,0,0.0,1.6,Kalimuendo,,73.0,2025-08-18,2002-01-20,False,p465680,89,0,0,0,3,0,0,0,0,0,0,0,24,6.8,17.7,39.0,6.3,1,4,1,6,0,0.44,0.02,0.46,1.57,,,,,,,[],,374,42,327,41,288,42,353,42,0.44,0.0,0.02,0.46,1.59,3.03,175,41,433,37,388,46,492,66,0.0,0.0,6.07,Nottingham Forest,Arnaud Kalimuendo,25-26
526,True,True,,,204561,0,0,0,0,0,0,3,1.5,,0,Xaver,0.0,558,False,,,50,204561.jpg,0.0,False,Schlager,0.1,False,,a,18,17,0,0,0,0,0,0.0,0.0,Schlager,Xaver Schlager,14.0,2026-07-23,1997-09-28,False,p204561,0,0,0,0,0,0,0,0,0,0,0,0,0,0.0,0.0,0.0,0.0,0,0,0,0,0,0.00,0.00,0.00,0.00,2.0,,,,,,[],,506,205,502,205,498,204,506,205,0.0,0.0,0.0,0.0,0.0,0.0,257,156,234,44,506,205,422,167,0.0,0.0,0.0,Nottingham Forest,Xaver Schlager,25-26
527,True,True,,,568420,0,0,0,0,0,0,2,2.5,,0,Ousmane,0.0,581,False,,,55,568420.jpg,0.0,False,Diomande,0.4,False,,a,18,17,0,0,0,0,0,0.0,0.0,Diomande,,54.0,2026-08-11,2003-12-04,False,p568420,0,0,0,0,0,0,0,0,0,0,0,0,0,0.0,0.0,0.0,0.0,0,0,0,0,0,0.00,0.00,0.00,0.00,,,,,,,[],,576,193,576,193,575,193,576,193,0.0,0.0,0.0,0.0,0.0,0.0,210,31,468,181,576,193,275,103,0.0,0.0,0.0,Nottingham Forest,Ousmane Diomande,25-26
528,True,True,,,428971,0,0,0,0,0,0,1,1.9,,0,Steven,0.0,590,False,,,45,428971.jpg,0.0,False,Benda,0.0,False,,a,18,17,0,0,0,0,0,0.0,0.0,Benda,,80.0,2026-08-15,1998-10-01,False,p428971,0,0,0,0,0,0,0,0,0,0,0,0,0,0.0,0.0,0.0,0.0,0,0,0,0,0,0.00,0.00,0.00,0.00,,,,,,,[],,466,57,458,47,443,39,468,57,0.0,0.0,0.0,0.0,0.0,0.0,452,35,130,35,471,57,588,66,0.0,0.0,0.0,Nottingham Forest,Steven Benda,25-26
529,True,True,,,469142,0,0,0,0,0,0,2,2.2,,0,Jan Paul,0.0,112,False,,,50,469142.jpg,4.1,False,van Hecke,8.9,False,,a,19,6,148,0,0,0,0,0.0,29.6,Van Hecke,,152.0,2026-06-18,2000-06-08,False,p469142,3210,3,3,10,44,1,0,0,9,0,0,8,575,980.6,240.4,295.0,152.0,264,113,53,317,36,3.31,1.57,4.87,46.27,,,,,,,[],,7,4,143,34,102,16,50,9,0.09,0.0,0.04,0.13,1.3,1.23,316,62,293,144,45,17,51,19,1.01,0.28,8.89,Tottenham,Jan Paul van Hecke,25-26
530,True,True,,,432422,0,0,0,0,0,0,3,2.0,,0,Sandro,0.0,455,False,,,55,432422.jpg,2.3,False,Tonali,4.1,False,,a,19,6,81,0,0,0,0,0.0,14.7,Tonali,,106.0,2026-07-06,2000-05-08,False,p432422,2534,0,2,7,38,0,0,0,4,0,0,2,477,398.0,534.1,198.0,113.4,75,147,35,257,31,1.75,2.87,4.62,36.19,2.0,,4.0,,,,[],,154,59,43,39,157,85,100,58,0.06,0.0,0.1,0.16,1.29,1.35,155,97,413,148,257,106,83,28,1.1,0.25,9.13,Tottenham,Sandro Tonali,25-26
531,True,True,,,184254,0,0,0,0,0,0,1,1.9,,0,Guglielmo,0.0,494,False,,,45,184254.jpg,2.9,False,Vicario,1.3,False,,a,19,6,90,0,0,0,0,0.0,20.0,Vicario,,106.0,2023-07-01,1996-10-07,False,p184254,2790,0,0,7,50,0,0,0,1,0,83,6,412,709.2,10.1,0.0,72.2,35,247,1,0,31,0.00,0.04,0.04,46.21,,,,,,,[],,44,12,339,8,433,35,194,12,0.0,2.68,0.0,0.0,1.49,1.61,418,31,96,31,179,21,171,25,1.0,0.23,0.0,Tottenham,Guglielmo Vicario,25-26
532,True,True,,,214572,0,0,0,0,0,0,1,1.0,,0,Brandon,0.0,495,False,,,40,214572.jpg,0.0,False,Austin,0.7,False,,a,19,6,0,0,0,0,0,0.0,0.0,Austin,,241.0,2017-07-22,1999-01-08,False,p214572,0,0,0,0,0,0,0,0,0,0,0,0,0,0.0,0.0,0.0,0.0,0,0,0,0,0,0.00,0.00,0.00,0.00,,,,,,,[],,414,40,399,24,380,15,416,40,0.0,0.0,0.0,0.0,0.0,0.0,546,57,25,11,420,40,226,29,0.0,0.0,0.0,Tottenham,Brandon Austin,25-26
533,True,True,,,485055,0,0,0,0,0,0,1,1.9,,0,Antonín,0.0,496,False,,,45,485055.jpg,2.9,False,Kinský,20.2,False,,a,19,6,20,0,0,0,0,0.0,4.4,Kinsky,,57.0,2025-01-05,2003-03-13,False,p485055,630,0,0,2,7,0,0,0,1,0,10,0,76,102.6,0.0,0.0,10.3,10,33,0,0,7,0.00,0.00,0.00,5.55,,,,,,,[],,303,24,467,51,453,44,336,24,0.0,1.43,0.0,0.0,0.79,1.0,469,40,147,40,182,22,18,3,1.0,0.29,0.0,Tottenham,Antonín Kinský,25-26
534,True,True,,,67089,0,0,0,0,0,0,1,1.0,,0,Martin,0.0,497,False,,,40,67089.jpg,2.7,False,Dubravka,22.0,False,,a,19,6,96,0,0,0,0,0.0,24.0,Dubravka,,194.0,2026-07-01,1989-01-15,False,p67089,3150,0,0,4,71,0,0,0,1,0,127,7,436,976.4,0.0,0.0,97.9,59,291,1,0,35,0.00,0.04,0.04,71.26,,,,,,,[],,8,1,382,18,363,9,135,1,0.0,3.63,0.0,0.0,2.04,2.03,526,51,5,5,202,23,14,2,1.0,0.11,0.0,Tottenham,Martin Dubravka,25-26
535,True,True,,,221466,0,0,0,0,0,0,2,2.8,,0,Marcos,0.0,498,False,,,60,221466.jpg,4.7,False,Senesi Barón,9.7,False,,a,19,6,175,0,0,0,0,0.0,29.2,Senesi,,10.0,2026-07-01,1997-05-10,False,p221466,3288,0,6,11,53,0,0,0,8,0,0,14,571,1114.4,367.8,201.0,168.6,357,155,62,419,37,1.53,4.72,6.25,54.77,,,,,,,[],,4,2,91,22,156,40,34,4,0.04,0.0,0.13,0.17,1.5,1.45,73,7,498,187,18,6,48,17,1.01,0.3,11.47,Tottenham,Marcos Senesi Barón,25-26
536,True,True,,,441164,0,0,0,0,0,0,2,2.5,,0,Pedro,0.0,499,False,,,55,441164.jpg,3.4,False,Porro Sauceda,23.1,False,,a,19,6,117,0,0,0,0,0.0,21.3,Pedro Porro,,200.0,2023-07-01,1999-09-13,False,p441164,2793,1,3,9,40,0,0,0,10,0,0,8,502,690.2,881.7,202.0,177.5,142,132,76,218,32,1.05,4.37,5.42,37.75,1.0,,1.0,,,,[],,49,21,11,1,154,39,31,2,0.03,0.0,0.14,0.17,1.22,1.29,162,20,420,170,117,46,12,3,1.03,0.29,7.02,Tottenham,Pedro Porro Sauceda,25-26
537,True,False,0.0,,221632,0,0,0,0,0,0,2,0.0,,0,Cristian,0.0,500,False,Has joined Atletico Madrid permanently,2026-08-17T13:49:05.465401Z,50,221632.jpg,4.0,False,Romero,0.9,False,,u,19,6,91,0,0,0,0,0.0,18.2,Romero,,10.0,2022-08-30,1998-04-27,False,p221632,1869,4,1,5,33,0,0,0,9,2,0,10,305,574.8,133.6,223.0,93.2,139,88,58,197,22,1.39,1.25,2.64,28.32,,,,,,,[],,85,36,212,57,135,27,145,48,0.07,0.0,0.06,0.13,1.36,1.59,274,48,251,130,51,19,196,71,1.06,0.24,9.49,Tottenham,Cristian Romero,25-26
538,True,True,,,135720,0,0,0,0,0,0,2,2.2,,0,Kevin,0.0,501,False,,,50,135720.jpg,2.6,False,Danso,0.2,False,,a,19,6,63,0,0,0,0,0.0,12.6,Danso,,14.0,2025-07-01,1998-09-19,False,p135720,1489,0,0,4,25,0,0,0,8,0,0,1,219,407.0,49.5,96.0,55.5,165,45,27,192,17,0.62,0.28,0.90,20.15,,,,,,,[],,150,61,284,96,235,71,232,73,0.04,0.0,0.02,0.06,1.22,1.51,237,39,214,121,221,90,367,138,1.03,0.24,11.61,Tottenham,Kevin Danso,25-26
539,True,True,,,122798,0,0,0,0,0,0,2,1.7,,0,Andrew,0.0,502,False,,,45,122798.jpg,2.3,False,Robertson,2.8,False,,a,19,6,55,0,0,0,0,0.0,12.2,Robertson,,243.0,2026-07-01,1994-03-11,False,p122798,1165,1,0,4,16,0,0,0,0,0,0,4,216,239.8,318.8,121.0,68.2,43,40,12,55,11,1.10,1.40,2.49,17.44,3.0,,,,,,[],,227,86,113,27,215,61,202,68,0.08,0.0,0.11,0.19,1.35,1.24,409,85,87,56,254,99,107,43,0.85,0.31,4.25,Tottenham,Andrew Robertson,25-26
540,True,True,,,491279,0,0,0,0,0,0,2,2.2,,0,Micky,0.0,503,False,,,50,491279.jpg,3.3,False,van de Ven,7.4,False,,a,19,6,116,0,0,0,0,0.0,23.2,Van de Ven,,152.0,2023-08-08,2001-04-19,False,p491279,3041,4,1,9,50,0,0,0,9,1,0,10,431,683.4,95.2,218.0,99.6,174,121,38,212,35,2.82,0.38,3.20,42.99,,,,,,,[],,52,22,240,77,142,31,130,39,0.08,0.0,0.01,0.09,1.27,1.48,333,67,310,149,129,51,58,23,1.04,0.27,6.27,Tottenham,Micky van de Ven,25-26
541,True,True,,,232859,0,0,0,0,0,0,2,1.7,,0,Djed,0.0,505,False,,,45,232859.jpg,2.6,False,Spence,4.6,False,,a,19,6,78,0,0,0,0,0.0,17.3,Spence,,241.0,2022-07-19,2000-08-09,False,p232859,2049,0,0,9,31,0,0,0,4,0,0,3,271,291.0,209.7,207.0,70.5,72,112,44,116,23,0.90,1.77,2.67,31.42,,,,,,,[],,206,78,159,40,147,35,198,66,0.04,0.0,0.08,0.12,1.38,1.36,441,109,119,80,219,88,78,29,1.01,0.4,5.1,Tottenham,Djed Spence,25-26
542,True,True,,,487053,0,0,0,0,0,0,2,1.7,,0,Destiny,0.0,506,False,,,45,487053.jpg,1.4,False,Udogie,0.5,False,,a,19,6,29,0,0,0,0,0.0,6.4,Udogie,,106.0,2022-08-16,2002-11-28,False,p487053,1335,0,1,1,25,0,0,0,4,0,0,1,121,207.2,187.0,103.0,49.8,37,70,31,68,14,0.18,0.72,0.90,19.15,,,,,,,[],,246,94,179,44,230,69,246,79,0.01,0.0,0.05,0.06,1.29,1.69,470,127,148,98,334,119,270,101,0.94,0.07,4.58,Tottenham,Destiny Udogie,25-26
543,True,True,,,548308,0,0,0,0,0,0,2,1.7,,0,Ashley,0.0,507,False,,,45,548308.jpg,0.0,False,Phillips,0.1,False,,a,19,6,0,0,0,0,0,0.0,0.0,Phillips,,241.0,2023-08-05,2005-06-26,False,p548308,0,0,0,0,0,0,0,0,0,0,0,0,0,0.0,0.0,0.0,0.0,0,0,0,0,0,0.00,0.00,0.00,0.00,,,,,,,[],,482,180,478,180,468,180,484,180,0.0,0.0,0.0,0.0,0.0,0.0,490,134,168,105,487,180,470,161,0.0,0.0,0.0,Tottenham,Ashley Phillips,25-26
544,True,True,,,115556,0,0,0,0,0,0,2,1.0,,0,Ben,0.0,508,False,,,40,115556.jpg,3.3,False,Davies,0.9,False,,a,19,6,10,0,0,0,0,0.0,2.5,Davies,,244.0,2014-07-23,1993-04-24,False,p115556,136,1,0,0,3,0,0,0,1,0,0,1,29,67.4,22.2,52.0,14.2,9,5,5,14,2,0.49,0.07,0.56,1.11,,,,,,,[],,324,115,322,112,276,90,321,110,0.32,0.0,0.05,0.37,0.73,1.99,532,149,11,4,124,47,195,70,1.32,0.0,9.26,Tottenham,Ben Davies,25-26
545,True,True,,,640419,0,0,0,0,0,0,2,1.0,,0,Jun'ai,0.0,509,False,,,40,640419.jpg,1.0,False,Byfield,0.1,False,,a,19,6,1,0,0,0,0,0.0,0.2,Byfield,,,,,False,p640419,1,0,0,0,0,0,0,0,0,0,0,0,3,0.4,0.5,0.0,0.1,0,0,0,0,0,0.00,0.00,0.00,0.00,,,,,,,[],,393,133,373,131,417,167,396,133,0.0,0.0,0.0,0.0,0.0,0.0,588,192,67,47,361,126,487,167,0.0,0.0,0.0,Tottenham,Jun'ai Byfield,25-26
546,True,True,,,499716,0,0,0,0,0,0,2,1.0,,0,James,0.0,510,False,,,40,499716.jpg,1.0,False,Rowswell,0.1,False,,a,19,6,1,0,0,0,0,0.0,0.2,Rowswell,,,,,False,p499716,1,0,0,0,0,0,0,0,0,0,0,0,3,0.0,0.0,0.0,0.0,0,0,0,0,0,0.00,0.00,0.00,0.36,,,,,,,[],,437,160,422,159,403,155,439,160,0.0,0.0,0.0,0.0,32.4,0.0,570,176,49,31,356,121,458,158,0.0,0.0,0.0,Tottenham,James Rowswell,25-26
547,True,True,,,616221,0,0,0,0,0,0,2,1.0,,0,João Victor,0.0,511,False,,,40,616221.jpg,0.8,False,de Souza Menezes,0.3,False,,a,19,6,3,0,0,0,0,0.0,0.8,Souza,Souza,30.0,2026-01-22,2006-06-16,False,p616221,142,0,0,0,3,0,0,0,1,0,0,0,0,12.8,31.9,17.0,6.2,6,3,0,6,2,0.02,0.03,0.05,2.61,,,,,,,[],,366,127,308,106,316,113,354,120,0.01,0.0,0.02,0.03,1.65,1.9,587,191,66,46,396,133,310,115,1.27,0.0,3.8,Tottenham,João Victor de Souza Menezes,25-26
548,True,True,75.0,,460842,0,0,0,0,0,0,3,1.7,,0,Mohammed,0.0,512,False,Thigh injury - 75% chance of playing,2026-07-23T12:01:23.848657Z,65,460842.jpg,3.9,False,Kudus,0.2,False,,d,19,6,75,0,0,0,0,0.0,11.5,Kudus,,81.0,2025-07-10,2000-08-02,False,p460842,1535,2,6,7,20,0,0,0,3,0,0,7,257,333.4,413.8,302.0,104.7,9,95,29,133,19,1.92,2.41,4.33,22.74,5.0,,3.0,,2.0,,[],,185,78,71,53,98,62,118,66,0.11,0.0,0.14,0.25,1.33,1.17,48,34,553,236,68,31,392,147,1.11,0.41,7.8,Tottenham,Mohammed Kudus,25-26
549,True,True,0.0,,493362,0,0,0,0,0,0,3,0.0,,0,Xavi,0.0,513,False,Knee injury - Unknown return date,2026-07-23T12:01:23.864304Z,60,493362.jpg,2.9,False,Simons,0.0,False,,i,19,6,80,0,0,0,0,0.0,13.3,Xavi,,152.0,2025-08-29,2003-04-21,False,p493362,1747,2,5,4,36,0,0,0,5,1,0,7,345,349.6,533.8,255.0,113.9,28,87,34,149,19,3.06,3.85,6.91,30.71,6.0,,2.0,,3.0,,[],,173,70,44,40,115,67,98,57,0.16,0.0,0.2,0.36,1.58,1.85,97,62,522,211,187,72,564,242,0.98,0.21,7.68,Tottenham,Xavi Simons,25-26
550,True,True,,,511499,0,0,0,0,0,0,3,2.1,,0,Mathys,0.0,514,False,,,60,511499.jpg,2.5,False,Tel,0.6,False,,a,19,6,78,0,0,0,0,0.0,13.0,Tel,,73.0,2025-07-01,2005-04-27,False,p511499,1334,4,2,3,23,0,0,0,1,0,0,7,266,303.4,457.2,312.0,107.6,19,72,20,111,13,2.47,2.43,4.89,17.29,4.0,,,,,,[],,200,89,58,48,94,59,110,63,0.17,0.0,0.16,0.33,1.17,1.55,99,64,524,213,241,95,246,81,0.88,0.2,7.49,Tottenham,Mathys Tel,25-26
551,True,True,,,172780,0,0,0,0,0,0,3,2.3,,0,James,0.0,515,False,,,65,172780.jpg,1.0,False,Maddison,1.6,False,,a,19,6,3,0,0,0,0,0.0,0.5,Maddison,,241.0,2023-06-28,1996-11-23,False,p172780,34,0,0,0,0,0,0,0,0,0,0,0,5,2.8,9.5,15.0,2.8,0,4,1,5,0,0.21,0.06,0.27,0.65,,,,,,,[],,385,180,344,172,319,162,368,171,0.56,0.0,0.16,0.72,1.72,0.0,34,22,539,224,389,184,151,45,0.0,0.0,13.24,Tottenham,James Maddison,25-26
552,True,True,,,202993,0,0,0,0,0,0,3,2.0,,0,Rodrigo,0.0,516,False,,,55,202993.jpg,3.3,False,Bentancur,0.2,False,,a,19,6,86,0,0,0,0,0.0,15.6,Bentancur,,230.0,2022-01-31,1997-06-25,False,p202993,1880,1,1,8,25,0,0,0,7,0,0,4,366,349.0,197.8,124.0,67.4,91,131,56,278,23,0.72,0.84,1.56,23.65,,,,,,,[],,174,71,172,114,212,117,206,103,0.03,0.0,0.04,0.07,1.13,1.2,133,83,391,134,130,52,376,137,1.1,0.38,13.31,Tottenham,Rodrigo Bentancur,25-26
553,True,True,0.0,,550839,0,0,0,0,0,0,3,0.0,,0,Wilson,0.0,517,False,Knee injury - Unknown return date,2026-07-23T12:01:23.879434Z,55,550839.jpg,1.9,False,Odobert,0.0,False,,i,19,6,46,0,0,0,0,0.0,8.4,Odobert,,73.0,2024-08-16,2004-11-28,False,p550839,972,0,2,2,13,0,0,0,0,0,0,6,176,158.8,284.3,234.0,67.6,14,53,10,77,10,1.92,1.21,3.13,14.24,,,,,,,[],https://www.tottenhamhotspur.com/news/1008505/odobert-suffers-acl-injury,270,125,129,88,128,73,205,102,0.18,0.0,0.11,0.29,1.32,1.2,208,131,466,182,295,127,587,259,0.93,0.19,7.13,Tottenham,Wilson Odobert,25-26
554,True,True,,,482442,0,0,0,0,0,0,3,1.5,,0,Pape Matar,0.0,518,False,,,50,482442.jpg,2.7,False,Sarr,0.4,False,,a,19,6,71,0,0,0,0,0.0,14.2,P.M.Sarr,Pape Matar Sarr,189.0,2021-08-27,2002-09-14,False,p482442,1388,2,4,3,23,0,0,0,3,0,0,2,313,336.0,188.3,156.0,68.2,74,77,32,183,13,1.63,1.11,2.74,26.67,,,,,,,[],,182,76,178,119,191,105,203,101,0.11,0.0,0.07,0.18,1.73,1.49,321,188,298,76,206,79,293,96,0.84,0.19,11.87,Tottenham,Pape Matar Sarr,25-26
555,True,True,,,232787,0,0,0,0,0,0,3,2.0,,0,Conor,0.0,519,False,,,55,232787.jpg,2.8,False,Gallagher,0.3,False,,a,19,6,44,0,0,0,0,0.0,8.0,Gallagher,,241.0,2026-01-14,2000-02-06,False,p232787,1183,1,1,2,23,0,0,0,2,0,0,3,211,190.6,205.9,154.0,55.1,29,73,22,124,14,1.23,0.70,1.93,19.03,,,,,,,[],,256,116,163,109,194,107,235,121,0.09,0.0,0.05,0.14,1.45,1.75,147,91,405,142,197,74,313,104,1.07,0.15,9.43,Tottenham,Conor Gallagher,25-26
556,True,True,,,570526,0,0,0,0,0,0,3,2.0,,0,Lucas,0.0,520,False,,,55,570526.jpg,2.1,False,Bergvall,0.2,False,,a,19,6,49,0,0,0,0,0.0,8.9,Bergvall,,206.0,2024-07-01,2006-02-02,False,p570526,955,1,3,3,18,0,0,0,2,0,0,0,163,164.6,106.4,147.0,41.5,18,39,22,79,11,1.23,0.43,1.66,13.66,,,,,,,[],,267,123,235,138,196,108,267,129,0.12,0.0,0.04,0.16,1.29,1.7,211,133,469,184,279,120,353,123,1.04,0.28,7.45,Tottenham,Lucas Bergvall,25-26
557,True,True,0.0,,445044,0,0,0,0,0,0,3,0.0,,0,Dejan,0.0,521,False,Knee injury - Unknown return date,2026-07-23T12:01:23.895175Z,65,445044.jpg,0.0,False,Kulusevski,0.0,False,,i,19,6,0,0,0,0,0,0.0,0.0,Kulusevski,,206.0,2023-07-01,2000-04-25,False,p445044,0,0,0,0,0,0,0,0,0,0,0,0,0,0.0,0.0,0.0,0.0,0,0,0,0,0,0.00,0.00,0.00,0.00,,,,,,,[],,587,258,587,258,587,258,587,258,0.0,0.0,0.0,0.0,0.0,0.0,46,33,551,235,587,258,575,250,0.0,0.0,0.0,Tottenham,Dejan Kulusevski,25-26
558,True,True,,,547701,0,0,0,0,0,0,3,1.5,,0,Archie,0.0,522,False,,,50,547701.jpg,2.5,False,Gray,0.2,False,,a,19,6,61,0,0,0,0,0.0,12.2,Gray,,241.0,2024-07-02,2006-03-12,False,p547701,1471,2,2,5,28,0,0,0,5,0,0,6,237,259.4,138.1,158.0,55.5,65,56,11,132,18,1.50,1.29,2.79,24.80,,,,,,,[],,220,97,209,132,190,104,234,120,0.09,0.0,0.08,0.17,1.52,1.71,365,217,342,105,233,90,339,119,1.1,0.31,8.08,Tottenham,Archie Gray,25-26
559,True,True,,,499721,0,0,0,0,0,0,3,1.5,,0,Mikey,0.0,523,False,,,50,499721.jpg,0.0,False,Moore,0.2,False,,a,19,6,0,0,0,0,0,0.0,0.0,Moore,,241.0,2024-05-01,2007-08-11,False,p499721,0,0,0,0,0,0,0,0,0,0,0,0,0,0.0,0.0,0.0,0.0,0,0,0,0,0,0.00,0.00,0.00,0.00,,,,,,,[],,537,224,536,224,533,223,537,224,0.0,0.0,0.0,0.0,0.0,0.0,341,197,318,85,537,224,372,134,0.0,0.0,0.0,Tottenham,Mikey Moore,25-26
560,True,True,,,499726,0,0,0,0,0,0,3,1.0,,0,Callum,0.0,524,False,,,45,499726.jpg,1.0,False,Olusesi,0.8,False,,a,19,6,1,0,0,0,0,0.0,0.2,Olusesi,,,,,False,p499726,14,0,0,0,0,0,0,0,0,0,0,0,3,0.6,1.8,0.0,0.2,0,2,0,2,0,0.00,0.01,0.01,0.75,,,,,,,[],,392,184,367,183,458,191,394,186,0.0,0.0,0.06,0.06,4.82,0.0,478,249,156,14,363,165,205,69,0.0,0.0,12.86,Tottenham,Callum Olusesi,25-26
561,True,True,,,551226,0,0,0,0,0,0,3,2.1,,0,Mateus,0.0,525,False,,,60,551226.jpg,3.8,False,Fernandes,2.5,False,,a,19,6,135,0,0,0,0,0.0,22.5,Fernandes,Mateus Fernandes,173.0,2026-07-02,2004-07-10,False,p551226,3017,3,4,8,50,0,0,0,7,0,0,7,659,657.2,622.8,183.0,146.3,84,182,103,369,35,1.99,2.96,4.95,48.30,,,,,,,[],,59,16,30,29,171,90,55,35,0.06,0.0,0.09,0.15,1.44,1.49,103,67,528,216,74,33,114,37,1.04,0.24,11.01,Tottenham,Mateus Fernandes,25-26
562,True,True,,,154566,0,0,0,0,0,0,4,2.0,,0,Dominic,0.0,526,False,,,60,154566.jpg,2.7,False,Solanke-Mitchell,1.8,False,,a,19,6,40,0,0,0,0,0.0,6.7,Solanke,,241.0,2024-08-10,1997-09-14,False,p154566,997,3,0,0,21,0,0,0,1,0,0,4,187,205.0,84.1,339.0,62.7,16,33,22,71,11,2.97,0.34,3.30,17.80,,,,,1.0,,[],,248,23,249,28,81,23,217,23,0.27,0.0,0.03,0.3,1.61,1.9,61,15,486,46,214,22,140,20,0.99,0.0,6.41,Tottenham,Dominic Solanke-Mitchell,25-26
563,True,True,,,212319,0,0,0,0,0,0,4,2.0,,0,Richarlison,0.0,527,False,,,60,212319.jpg,3.7,False,de Andrade,2.4,False,,a,19,6,119,0,0,0,0,0.0,19.8,Richarlison,Richarlison,30.0,2022-07-01,1997-05-10,False,p212319,1954,11,4,7,27,0,0,0,5,0,0,17,505,602.6,239.6,815.0,165.2,60,60,27,147,20,8.64,1.46,10.10,25.64,,,,,4.0,,[],,75,6,144,13,13,6,39,7,0.4,0.0,0.07,0.47,1.18,1.24,71,18,496,49,80,7,115,14,0.92,0.32,6.77,Tottenham,Richarlison de Andrade,25-26
564,True,True,,,490145,0,0,0,0,0,0,4,1.0,,0,Dane,0.0,528,False,,,45,490145.jpg,1.0,False,Scarlett,1.6,False,,a,19,6,2,0,0,0,0,0.0,0.4,Scarlett,,241.0,2020-08-21,2004-03-24,False,p490145,7,0,0,0,0,0,0,0,0,0,0,0,5,1.0,4.1,2.0,0.7,0,1,0,1,0,0.00,0.01,0.01,0.03,,,,,,,[],,390,45,356,44,350,45,386,44,0.0,0.0,0.13,0.13,0.39,0.0,473,59,151,1,362,42,153,25,0.0,0.0,12.86,Tottenham,Dane Scarlett,25-26
565,True,True,,,498016,0,0,0,0,0,0,1,2.6,,0,Robin,0.0,529,False,,,50,498016.jpg,3.9,False,Roefs,4.8,False,,a,20,56,136,0,0,0,0,0.0,27.2,Roefs,,152.0,2025-08-01,2003-01-17,False,p498016,3150,0,0,10,46,0,1,0,4,0,109,12,573,881.6,50.0,0.0,93.1,37,333,0,0,35,0.00,0.10,0.10,50.05,,,,,,,[],,16,5,283,2,531,63,146,4,0.0,3.11,0.0,0.0,1.43,1.31,338,19,315,61,66,6,74,11,1.0,0.29,0.0,Sunderland,Robin Roefs,25-26
566,True,False,0.0,,232571,0,0,0,0,0,0,1,0.0,,0,Anthony,0.0,530,False,Has joined Wrexham permanently,2026-08-12T14:08:03.064533Z,40,232571.jpg,0.0,False,Patterson,0.6,False,,u,20,56,0,0,0,0,0,0.0,0.0,Patterson,,241.0,2018-10-09,2000-05-10,False,p232571,0,0,0,0,0,0,0,0,0,0,0,0,0,0.0,0.0,0.0,0.0,0,0,0,0,0,0.00,0.00,0.00,0.00,,,,,,,[],,419,41,404,25,385,16,421,41,0.0,0.0,0.0,0.0,0.0,0.0,552,58,31,12,425,41,248,33,0.0,0.0,0.0,Sunderland,Anthony Patterson,25-26
567,True,True,,,515046,0,0,0,0,0,0,1,1.9,,0,Melker,0.0,531,False,,,45,515046.jpg,5.3,False,Ellborg,0.1,False,,a,20,56,16,0,0,0,0,0.0,3.6,Ellborg,,206.0,2026-02-01,2003-05-22,False,p515046,270,0,0,1,2,0,0,0,0,0,10,3,62,73.6,0.0,0.0,7.4,6,33,0,0,3,0.00,0.02,0.02,4.10,,,,,,,[],,317,27,475,53,463,47,350,27,0.0,3.33,0.01,0.01,1.37,0.67,484,43,162,43,6,2,431,48,1.0,0.33,0.0,Sunderland,Melker Ellborg,25-26
568,True,True,,,223827,0,0,0,0,0,0,2,2.2,,0,Daniel,0.0,532,False,,,50,223827.jpg,4.0,False,Ballard,4.6,False,,a,20,56,116,0,0,0,0,0.0,23.2,Ballard,,242.0,2022-07-01,1999-09-22,False,p223827,2144,2,2,6,35,0,0,0,4,1,0,9,340,662.8,181.2,370.0,121.5,231,69,33,264,24,2.46,0.63,3.09,33.20,,,,,,,[],,57,24,183,47,72,8,86,22,0.1,0.0,0.03,0.13,1.39,1.47,278,51,255,133,52,20,77,28,1.01,0.25,11.08,Sunderland,Daniel Ballard,25-26
569,True,True,75.0,,200834,0,0,0,0,0,0,2,1.9,,0,Nordi,0.0,533,False,Knock - 75% chance of playing,2026-08-09T08:30:05.954750Z,55,200834.jpg,4.7,False,Mukiele,3.2,False,,d,20,56,151,0,0,0,0,0.0,27.5,Mukiele,,73.0,2025-08-17,1997-11-01,False,p200834,2784,3,5,9,40,1,0,0,5,0,0,11,489,733.6,353.1,242.0,132.9,204,131,69,273,32,1.62,2.65,4.27,44.71,,,,,,,[],https://www.safc.com/news/2026/august/15/Le-Bris-hails-second-half-intensity-in-Rennes-victory/?utm_source=chatgpt.com,38,15,97,24,123,23,72,15,0.05,0.0,0.09,0.14,1.45,1.29,132,14,390,164,16,4,96,35,1.03,0.29,8.83,Sunderland,Nordi Mukiele,25-26
570,True,True,,,487676,0,0,0,0,0,0,2,1.7,,0,Trai,0.0,534,False,,,45,487676.jpg,2.9,False,Hume,5.9,False,,a,20,56,110,0,0,0,0,0.0,24.4,Hume,,242.0,2022-01-04,2002-03-18,False,p487676,3032,2,1,9,42,1,0,0,9,0,0,6,383,547.8,421.3,248.0,120.9,135,102,68,203,34,2.27,2.05,4.32,47.27,3.0,,,,,,[],,94,43,68,15,116,20,88,23,0.07,0.0,0.06,0.13,1.4,1.25,471,128,149,99,183,76,65,25,1.01,0.27,6.03,Sunderland,Trai Hume,25-26
571,True,True,75.0,,201895,0,0,0,0,0,0,2,1.6,,0,Omar,0.0,535,False,Knock - 75% chance of playing,2026-08-09T08:30:05.962393Z,50,201895.jpg,3.8,False,Alderete,0.5,False,,d,20,56,125,0,0,0,0,0.0,25.0,Alderete,,168.0,2025-08-12,1996-12-26,False,p201895,2797,1,1,10,40,0,0,0,6,0,0,5,400,749.0,138.1,279.0,117.0,280,103,32,312,32,1.62,0.91,2.52,44.52,,,,,,,[],https://www.safc.com/news/2026/august/15/Le-Bris-hails-second-half-intensity-in-Rennes-victory/?utm_source=chatgpt.com,36,14,208,55,108,18,94,26,0.05,0.0,0.03,0.08,1.43,1.29,256,42,233,124,70,26,269,100,1.03,0.32,10.04,Sunderland,Omar Alderete,25-26
572,True,True,,,434399,0,0,0,0,0,0,2,1.7,,0,Reinildo,0.0,536,False,,,45,434399.jpg,3.0,False,Mandava,0.5,False,,a,20,56,74,0,0,0,0,0.0,16.4,Reinildo,Reinildo Mandava,146.0,2025-07-08,1994-01-21,False,p434399,1966,0,2,6,27,0,0,0,7,1,0,6,281,376.4,130.2,39.0,54.7,125,90,39,164,23,0.13,0.62,0.75,26.72,,,,,,,[],,160,65,217,60,285,95,236,74,0.01,0.0,0.03,0.04,1.22,1.24,453,118,131,89,168,71,257,96,1.05,0.27,7.51,Sunderland,Reinildo Mandava,25-26
573,True,True,,,519634,0,0,0,0,0,0,2,1.7,,0,Jenson,0.0,537,False,,,45,519634.jpg,1.0,False,Seelt,0.0,False,,a,20,56,2,0,0,0,0,0.0,0.4,Seelt,,152.0,2023-07-01,2003-05-23,False,p519634,133,0,0,0,2,0,0,0,0,0,0,0,11,33.6,2.4,0.0,3.6,8,6,4,12,1,0.00,0.01,0.01,1.33,,,,,,,[],,346,121,363,128,464,179,366,126,0.0,0.0,0.01,0.01,0.9,1.35,486,133,164,104,365,127,563,189,0.68,0.0,8.12,Sunderland,Jenson Seelt,25-26
574,True,False,0.0,,477547,0,0,0,0,0,0,2,0.0,,0,Leo Fuhr,0.0,538,False,Has joined KV Mechelen on loan for the rest of the season,2026-08-12T14:08:03.081789Z,40,477547.jpg,0.0,False,Hjelde,0.2,False,,u,20,56,0,0,0,0,0,0.0,0.0,Hjelde,,161.0,2024-01-30,2003-08-26,False,p477547,0,0,0,0,0,0,0,0,0,0,0,0,0,0.0,0.0,0.0,0.0,0,0,0,0,0,0.00,0.00,0.00,0.00,,,,,,,[],,432,157,417,156,398,152,434,157,0.0,0.0,0.0,0.0,0.0,0.0,565,173,44,28,438,158,360,135,0.0,0.0,0.0,Sunderland,Leo Fuhr Hjelde,25-26
575,True,True,,,167512,0,0,0,0,0,0,2,1.0,,0,Luke,0.0,539,False,,,40,167512.jpg,2.2,False,O'Nien,3.0,False,,a,20,56,26,0,0,0,0,0.0,6.5,O'Nien,,241.0,2018-07-30,1994-11-21,False,p167512,565,0,1,2,7,0,0,0,1,1,0,1,90,103.0,27.6,40.0,17.1,37,10,6,43,5,0.15,0.13,0.28,9.24,,,,,,,[],,301,107,314,109,284,94,317,108,0.02,0.0,0.02,0.04,1.47,1.12,536,152,15,7,262,101,102,40,0.8,0.32,6.85,Sunderland,Luke O'Nien,25-26
576,True,False,0.0,,105717,0,0,0,0,0,0,2,0.0,,0,Arthur,0.0,540,False,Has joined Konyaspor permanently,2026-08-12T14:08:03.097784Z,40,105717.jpg,0.3,False,Masuaku,0.8,False,,u,20,56,1,0,0,0,0,0.0,0.2,Masuaku,,50.0,2025-08-10,1993-11-07,False,p105717,125,0,0,0,2,0,0,0,1,0,0,0,4,21.8,20.1,7.0,4.9,6,3,4,10,2,0.07,0.08,0.15,2.09,,,,,,,[],,356,124,324,113,332,120,357,121,0.05,0.0,0.06,0.11,1.5,1.44,529,147,8,2,399,134,203,74,1.44,0.0,7.2,Sunderland,Arthur Masuaku,25-26
577,True,True,75.0,,93605,0,0,0,0,0,0,2,1.3,,0,Thomas,0.0,541,False,Knock - 75% chance of playing,2026-08-16T08:30:07.830062Z,45,93605.jpg,0.0,False,Meunier,0.4,False,,d,20,56,0,0,0,0,0,0.0,0.0,Meunier,,21.0,2026-07-15,1991-09-12,False,p93605,0,0,0,0,0,0,0,0,0,0,0,0,0,0.0,0.0,0.0,0.0,0,0,0,0,0,0.00,0.00,0.00,0.00,,,,,,,[],https://www.safc.com/news/2026/august/15/Le-Bris-hails-second-half-intensity-in-Rennes-victory/?utm_source=chatgpt.com,452,172,441,172,424,170,454,172,0.0,0.0,0.0,0.0,0.0,0.0,398,81,76,52,457,172,290,109,0.0,0.0,0.0,Sunderland,Thomas Meunier,25-26
578,True,True,,,484420,0,0,0,0,0,0,3,2.1,,0,Enzo,0.0,542,False,,,60,484420.jpg,4.1,False,Le Fée,12.2,False,,a,20,56,147,0,0,0,0,0.0,24.5,E.Le Fée,,73.0,2025-07-01,2000-02-03,False,p484420,2930,5,6,10,43,0,0,1,5,0,0,16,621,725.8,816.4,324.0,186.9,77,153,89,319,33,5.22,5.95,11.17,46.50,1.0,,2.0,,2.0,,[],,41,11,16,15,87,54,28,22,0.16,0.0,0.18,0.34,1.43,1.32,94,59,519,208,48,22,33,10,1.01,0.31,9.8,Sunderland,Enzo Le Fée,25-26
579,True,True,,,547027,0,0,0,0,0,0,3,2.0,,0,Habib,0.0,543,False,,,55,547027.jpg,3.2,False,Diarra,0.1,False,,a,20,56,65,0,0,0,0,0.0,11.8,Diarra,,189.0,2025-07-01,2004-01-03,False,p547027,1403,2,6,5,19,0,0,0,6,0,0,3,209,166.2,153.8,234.0,53.9,17,48,14,79,15,3.27,0.85,4.12,21.52,,,,,1.0,,[],,266,122,201,129,127,72,237,122,0.21,0.0,0.05,0.26,1.38,1.22,204,127,462,178,150,59,451,183,0.96,0.32,5.07,Sunderland,Habib Diarra,25-26
580,True,True,,,84450,0,0,0,0,0,0,3,2.0,,0,Granit,0.0,544,False,,,55,84450.jpg,3.6,False,Xhaka,4.8,False,,a,20,56,124,0,0,0,0,0.0,22.5,Xhaka,,207.0,2025-07-30,1992-09-27,False,p84450,2901,1,6,9,39,0,0,0,8,0,0,8,603,685.0,595.3,101.0,138.1,134,178,50,362,32,1.01,3.73,4.74,45.68,2.0,,1.0,,,,[],,51,14,36,35,232,125,65,42,0.03,0.0,0.12,0.15,1.42,1.21,113,74,371,125,91,38,75,26,0.99,0.28,11.23,Sunderland,Granit Xhaka,25-26
581,True,True,,,577669,0,0,0,0,0,0,3,1.5,,0,Noah,0.0,545,False,,,50,577669.jpg,2.4,False,Sadiki,0.4,False,,a,20,56,80,0,0,0,0,0.0,16.0,Sadiki,,50.0,2025-07-04,2004-12-17,False,p577669,2891,0,2,9,42,0,0,0,9,0,0,0,410,347.6,333.3,162.0,84.6,89,113,46,248,33,1.43,1.46,2.89,41.39,,,,,,,[],,175,72,105,75,187,103,161,79,0.04,0.0,0.05,0.09,1.29,1.31,374,223,351,111,249,102,292,95,1.03,0.28,7.72,Sunderland,Noah Sadiki,25-26
582,True,True,,,535818,0,0,0,0,0,0,3,1.5,,0,Simon,0.0,546,False,,,50,535818.jpg,2.4,False,Adingra,0.3,False,,a,20,56,34,0,0,0,0,0.0,6.8,Adingra,,54.0,2025-07-10,2002-01-01,False,p535818,649,1,1,4,8,0,0,0,2,0,0,3,81,81.4,116.8,75.0,27.0,13,21,11,45,9,0.35,0.62,0.97,11.30,,,,,,,[],,315,143,225,137,254,136,298,143,0.05,0.0,0.09,0.14,1.57,1.11,357,209,334,97,248,101,314,105,1.25,0.55,6.24,Sunderland,Simon Adingra,25-26
583,True,True,,,461199,0,0,0,0,0,0,3,1.5,,0,Romaine,0.0,547,False,,,50,461199.jpg,1.0,False,Mundle,0.0,False,,a,20,56,14,0,0,0,0,0.0,2.8,Mundle,,241.0,2024-02-01,2003-04-24,False,p461199,399,0,0,0,11,0,0,0,1,0,0,0,42,29.4,33.6,69.0,12.7,6,22,5,33,2,0.87,0.48,1.35,8.54,,,,,,,[],,349,162,303,160,262,138,327,154,0.2,0.0,0.11,0.31,1.93,2.48,309,182,286,70,379,175,571,248,0.45,0.0,7.44,Sunderland,Romaine Mundle,25-26
584,True,True,,,554197,0,0,0,0,0,0,3,1.5,,0,Chris,0.0,548,False,,,50,554197.jpg,2.0,False,Rigg,0.1,False,,a,20,56,36,0,0,0,0,0.0,7.2,Rigg,,241.0,2022-12-31,2007-06-18,False,p554197,758,1,1,3,11,0,0,0,1,0,0,1,136,114.6,142.8,103.0,36.0,15,29,13,57,11,0.86,0.93,1.79,12.46,,,,,,,[],,298,137,207,131,231,124,276,134,0.1,0.0,0.11,0.21,1.48,1.31,370,220,347,108,287,122,462,188,1.31,0.36,6.77,Sunderland,Chris Rigg,25-26
585,True,True,,,549912,0,0,0,0,0,0,3,2.0,,0,Chemsdine,0.0,549,False,,,55,549912.jpg,3.0,False,Talbi,0.2,False,,a,20,56,83,0,0,0,0,0.0,15.1,Talbi,,145.0,2025-07-09,2005-05-09,False,p549912,1553,4,2,7,14,0,0,0,0,0,0,6,248,238.8,211.5,245.0,69.1,20,61,11,92,16,2.13,1.18,3.30,22.26,,,,,,,[],,229,101,158,106,118,68,201,100,0.12,0.0,0.07,0.19,1.29,0.81,206,129,464,180,174,67,335,116,0.93,0.41,5.33,Sunderland,Chemsdine Talbi,25-26
586,True,True,,,699989,0,0,0,0,0,0,3,1.5,,0,Djiamgone Jocelin Ta,0.0,550,False,,,50,699989.jpg,1.0,False,Bi,0.0,False,,a,20,56,1,0,0,0,0,0.0,0.2,Jocelin.T,,54.0,2026-01-16,2005-02-09,False,p699989,38,0,0,0,0,0,0,0,0,0,0,0,4,3.4,4.3,2.0,1.0,0,2,1,3,1,0.00,0.04,0.04,0.24,,,,,,,[],,382,178,355,176,356,181,385,181,0.0,0.0,0.09,0.09,0.57,0.0,390,234,367,122,386,182,577,252,2.37,0.0,7.11,Sunderland,Djiamgone Jocelin Ta Bi,25-26
587,True,True,,,536661,0,0,0,0,0,0,3,1.5,,0,Nilson,0.0,551,False,,,50,536661.jpg,1.6,False,Angulo,0.1,False,,a,20,56,13,0,0,0,0,0.0,2.6,Angulo,,62.0,2026-02-02,2003-06-19,False,p536661,401,0,0,1,6,0,0,0,1,0,0,0,43,45.4,44.3,89.0,17.8,16,9,10,35,5,0.77,0.12,0.89,7.26,,,,,,,[],,337,153,294,158,246,132,313,149,0.17,0.0,0.03,0.2,1.63,1.35,359,211,336,99,323,141,488,201,1.12,0.22,7.86,Sunderland,Nilson Angulo,25-26
588,True,True,,,441264,0,0,0,0,0,0,4,2.0,,0,Brian,0.0,552,False,,,60,441264.jpg,3.0,False,Brobbey,15.6,False,,a,20,56,92,0,0,0,0,0.0,15.3,Brobbey,,152.0,2025-09-01,2002-02-01,False,p441264,1920,7,2,6,30,0,0,0,6,0,0,12,309,333.4,200.5,552.0,106.7,21,44,9,74,22,6.02,0.67,6.69,31.40,,,,,,,[],,184,18,168,16,38,15,113,17,0.28,0.0,0.03,0.31,1.47,1.41,82,21,507,52,176,16,24,5,1.03,0.28,3.47,Sunderland,Brian Brobbey,25-26
589,True,True,,,437505,0,0,0,0,0,0,4,1.8,,0,Wilson,0.0,553,False,,,55,437505.jpg,2.3,False,Isidor,1.1,False,,a,20,56,74,0,0,0,0,0.0,13.5,Isidor,,92.0,2025-02-01,2000-08-27,False,p437505,1148,6,1,4,17,0,0,0,1,0,0,7,266,242.0,30.4,444.0,71.5,17,23,11,51,11,4.70,0.38,5.08,19.82,,,,,,,[],,225,22,310,39,49,19,195,21,0.37,0.0,0.03,0.4,1.55,1.33,159,37,417,33,258,27,184,29,0.86,0.31,4.0,Sunderland,Wilson Isidor,25-26
